asn_dn,shipment_mode,country,vendor,vendor_inco_term,weight_kg,freight_usd,freight_per_kg,line_item_value_sum,in_regression_sample
ASN-10006,Air,Haiti,BRISTOL-MYERS SQUIBB,FCA,94.0,757.42,8.057659574468085,1900.0,1
ASN-10007,Air,Haiti,BRISTOL-MYERS SQUIBB,FCA,43.0,1082.89,25.183488372093027,3970.0,1
ASN-10062,Air,Haiti,"Orgenics, Ltd",FCA,453.0,7030.94,15.52083885209713,195360.0,1
ASN-10063,Air,Haiti,"Orgenics, Ltd",EXW,8.0,1011.6,126.45,3223.44,1
ASN-10064,Air,Guyana,"Orgenics, Ltd",EXW,205.0,6455.37,31.48960975609756,41800.0,1
ASN-10065,Air,Namibia,"Orgenics, Ltd",EXW,34.0,947.35,27.863235294117647,11655.0,1
ASN-10066,Air,Tanzania,"Orgenics, Ltd",EXW,14.0,1489.33,106.38071428571428,2400.0,1
ASN-10070,Ocean,Rwanda,MYLAN LABORATORIES LTD (FORMERLY MATRIX LABORATORIES),EXW,10329.0,32530.22,3.1494065253170684,997551.5,1
ASN-10110,Ocean,South Africa,CIPLA LIMITED,DDP,10151.0,19569.93,1.927881982070732,1029000.0,1
ASN-10111,Ocean,South Africa,CIPLA LIMITED,DDP,820.0,9177.19,11.19169512195122,84693.56,1
ASN-10120,Air,Côte d'Ivoire,"Orgenics, Ltd",EXW,747.0,14934.26,19.99231593038822,255866.1,1
ASN-10127,Ocean,South Africa,Aurobindo Pharma Limited,DDP,7017.0,11372.23,1.6206683767992018,345647.31,1
ASN-10129,Ocean,South Africa,Aurobindo Pharma Limited,DDP,1472.0,3524.95,2.3946671195652174,8418.52,1
ASN-10140,Air,Rwanda,Aurobindo Pharma Limited,EXW,777.0,6400.44,8.237374517374517,4183.2,1
ASN-10144,Air,Haiti,BRISTOL-MYERS SQUIBB,CIP,12.0,450.0,37.5,4401.6,1
ASN-1016,Air,Vietnam,Aurobindo Pharma Limited,EXW,270.0,3850.43,14.260851851851852,10075.0,1
ASN-10166,Air,Tanzania,"Trinity Biotech, Plc",EXW,200.0,2918.12,14.5906,20000.0,1
ASN-1017,Air,Vietnam,Aurobindo Pharma Limited,EXW,249.0,3719.91,14.939397590361445,9300.0,1
ASN-10179,Air,Côte d'Ivoire,ABBVIE LOGISTICS (FORMERLY ABBOTT LOGISTICS BV),FCA,440.0,4588.02,10.427318181818183,23632.5,1
ASN-10226,Air,Dominican Republic,Aurobindo Pharma Limited,EXW,645.0,5002.73,7.756170542635658,87780.0,1
ASN-10241,Air,Sudan,"Trinity Biotech, Plc",EXW,50.0,1595.38,31.907600000000002,4224.0,1
ASN-10249,Ocean,South Africa,Aurobindo Pharma Limited,DDP,3000.0,4573.21,1.5244033333333333,225977.14,1
ASN-10250,Ocean,South Africa,Aurobindo Pharma Limited,DDP,201.0,4134.92,20.571741293532337,15119.7,1
ASN-10251,Ocean,South Africa,Aurobindo Pharma Limited,DDP,1679.0,3524.93,2.099422275163788,9601.48,1
ASN-10264,Air,Côte d'Ivoire,ABBVIE LOGISTICS (FORMERLY ABBOTT LOGISTICS BV),FCA,346.0,9539.6,27.571098265895955,18536.1,1
ASN-10269,Air,Zimbabwe,BIOLYTICAL LABORATORIES INC.,CIF,369.0,1014.5,2.7493224932249323,23396.75,1
ASN-1028,Air,Rwanda,"Trinity Biotech, Plc",EXW,2300.0,38425.29,16.706647826086957,222400.0,1
ASN-10315,Air,Sudan,"Orgenics, Ltd",FCA,2.0,1201.72,600.86,200.0,1
ASN-10317,Ocean,Rwanda,HETERO LABS LIMITED,EXW,6683.0,14760.6,2.2086787370941194,776702.16,1
ASN-10320,Air,Nigeria,"CHEMBIO DIAGNOSTIC SYSTEMS, INC.",EXW,482.0,3060.82,6.350248962655602,41992.0,1
ASN-10338,Air,Uganda,ASPEN PHARMACARE,DDP,14.0,171.0,12.214285714285714,8780.85,1
ASN-10345,Air,Vietnam,STRIDES ARCOLAB LIMITED,EXW,692.0,8494.45,12.275216763005782,50542.03,1
ASN-1039,Air,Ethiopia,Aurobindo Pharma Limited,EXW,2318.0,6755.81,2.9144995685936155,54350.75,1
ASN-10406,Air,Côte d'Ivoire,ABBVIE LOGISTICS (FORMERLY ABBOTT LOGISTICS BV),FCA,2368.0,17068.85,7.208129222972972,320722.9,1
ASN-10407,Air,Côte d'Ivoire,ABBVIE LOGISTICS (FORMERLY ABBOTT LOGISTICS BV),FCA,1196.0,17068.84,14.27160535117057,162063.3,1
ASN-10408,Air,Guatemala,GLAXOSMITHKLINE EXPORT LIMITED,EXW,29.0,209.37,7.219655172413793,5265.0,1
ASN-10409,Air,Haiti,MERCK SHARP & DOHME IDEA GMBH (FORMALLY MERCK SHARP & DOHME B.V.),CIP,159.0,290.0,1.8238993710691824,8904.0,1
ASN-10450,Air,Sudan,"Standard Diagnostics, Inc.",EXW,244.0,2701.16,11.07032786885246,340.0,1
ASN-10451,Air,Sudan,"Standard Diagnostics, Inc.",EXW,1.0,137.5,137.5,11.7,1
ASN-10453,Air,Nigeria,Aurobindo Pharma Limited,EXW,1573.0,9316.91,5.923019707565162,7800.0,1
ASN-10455,Air,Uganda,MERCK SHARP & DOHME IDEA GMBH (FORMALLY MERCK SHARP & DOHME B.V.),CIP,6.0,99.0,16.5,5032.5,1
ASN-10469,Air,Tanzania,"Orgenics, Ltd",EXW,600.0,14398.69,23.99781666666667,100000.0,1
ASN-10471,Air,Kenya,"Orgenics, Ltd",FCA,3637.0,38452.73,10.572650536156173,1096035.0,1
ASN-10479,Air,Guatemala,Hoffmann-La Roche ltd Basel,FCA,31.0,566.56,18.276129032258062,41553.18,1
ASN-10512,Ocean,South Africa,CIPLA LIMITED,DDP,10156.0,13731.6,1.3520677432059867,1029000.0,1
ASN-10556,Ocean,South Africa,Aurobindo Pharma Limited,DDP,7397.0,8809.08,1.1908990131134243,527012.5,1
ASN-10560,Air,Tanzania,"Standard Diagnostics, Inc.",EXW,1133.0,8509.57,7.510653133274492,67980.0,1
ASN-10567,Ocean,South Africa,Aurobindo Pharma Limited,DDP,10144.0,8809.08,0.8684029968454259,722702.05,1
ASN-10568,Ocean,South Africa,Aurobindo Pharma Limited,DDP,7228.0,8809.08,1.2187437742114,515195.45,1
ASN-10569,Ocean,South Africa,Aurobindo Pharma Limited,DDP,4868.0,6121.41,1.2574794576828265,346850.7,1
ASN-10570,Ocean,South Africa,Aurobindo Pharma Limited,DDP,1279.0,11372.22,8.891493354182955,60060.54,1
ASN-10571,Ocean,South Africa,Aurobindo Pharma Limited,DDP,2044.0,5768.66,2.8222407045009783,145608.4,1
ASN-10572,Ocean,South Africa,Aurobindo Pharma Limited,DDP,11.0,8809.05,800.8227272727272,665.0,1
ASN-10573,Ocean,South Africa,Aurobindo Pharma Limited,DDP,4040.0,6121.42,1.5152029702970298,287812.0,1
ASN-10574,Ocean,South Africa,Aurobindo Pharma Limited,DDP,1726.0,35753.93,20.714907300115875,90871.8,1
ASN-10575,Ocean,South Africa,Aurobindo Pharma Limited,DDP,3099.0,7321.43,2.3625137141013233,131450.0,1
ASN-10576,Ocean,South Africa,Aurobindo Pharma Limited,DDP,2301.0,4573.2,1.98748370273794,173222.86,1
ASN-10617,Air,Vietnam,ABBVIE LOGISTICS (FORMERLY ABBOTT LOGISTICS BV),FCA,111.0,7300.68,65.7718918918919,7434.36,1
ASN-10619,Air,Vietnam,ABBVIE LOGISTICS (FORMERLY ABBOTT LOGISTICS BV),FCA,52.0,7339.84,141.15076923076924,2891.14,1
ASN-10625,Air,Tanzania,"Orgenics, Ltd",EXW,40.0,1765.86,44.146499999999996,6880.0,1
ASN-1066,Air,Rwanda,Aurobindo Pharma Limited,CIP,2791.0,28336.18,10.152697957721246,381992.5,1
ASN-10663,Air,Rwanda,Aurobindo Pharma Limited,CIP,87.0,255.0,2.9310344827586206,19601.25,1
ASN-10666,Air,Ethiopia,Aurobindo Pharma Limited,EXW,111.0,1206.62,10.87045045045045,21125.0,1
ASN-1067,Air,Rwanda,Aurobindo Pharma Limited,CIP,4143.0,19088.86,4.60749698286266,567043.25,1
ASN-10712,Air,Vietnam,ABBVIE LOGISTICS (FORMERLY ABBOTT LOGISTICS BV),FCA,756.0,9193.82,12.161137566137565,247422.0,1
ASN-10729,Air,Nigeria,"CHEMBIO DIAGNOSTIC SYSTEMS, INC.",EXW,334.0,2335.9,6.993712574850299,30508.0,1
ASN-10748,Air,Haiti,MERCK SHARP & DOHME IDEA GMBH (FORMALLY MERCK SHARP & DOHME B.V.),CIP,7.0,290.0,41.42857142857143,1400.0,1
ASN-10756,Air,Tanzania,"Standard Diagnostics, Inc.",EXW,3335.0,24382.98,7.311238380809595,200000.0,1
ASN-10790,Air,Rwanda,HETERO LABS LIMITED,EXW,3720.0,35499.58,9.542897849462365,180303.41,1
ASN-10792,Air,Vietnam,HETERO LABS LIMITED,EXW,1516.0,11915.51,7.859835092348285,30450.0,1
ASN-10811,Air,Tanzania,LAWRENCE LABORATORIES (SUBSIDIARY OF BRISTOL MYERS SQUIBB),FCA,140.0,1870.73,13.362357142857142,56750.56,1
ASN-10816,Air,Mozambique,Hoffmann-La Roche ltd Basel,FCA,446.0,5017.18,11.249282511210764,89856.56,1
ASN-10818,Air,Zimbabwe,ABBVIE LOGISTICS (FORMERLY ABBOTT LOGISTICS BV),FCA,1257.0,22837.98,18.168639618138425,39161.28,1
ASN-10837,Air,Côte d'Ivoire,Hoffmann-La Roche ltd Basel,FCA,255.0,4204.67,16.488901960784315,154437.73,1
ASN-10838,Air,Vietnam,CIPLA LIMITED,EXW,320.0,4890.38,15.2824375,29025.0,1
ASN-10839,Ocean,South Africa,Aurobindo Pharma Limited,DDP,3458.0,3787.72,1.09534991324465,487588.9,1
ASN-1085,Air,Rwanda,"Trinity Biotech, Plc",EXW,450.0,4360.83,9.690733333333332,106057.0,1
ASN-10852,Air,Rwanda,"Trinity Biotech, Plc",EXW,83.0,1215.46,14.64409638554217,7680.0,1
ASN-10855,Air,South Africa,GLAXOSMITHKLINE EXPORT LIMITED,DDP,22956.0,27372.24,1.1923784631468897,601200.0,1
ASN-10871,Ocean,South Africa,STRIDES ARCOLAB LIMITED,DDP,19564.0,33865.26,1.7309987732570027,1069200.0,1
ASN-10872,Ocean,South Africa,CIPLA LIMITED,DDP,7569.0,11986.59,1.5836424891002774,731110.0,1
ASN-10873,Ocean,South Africa,CIPLA LIMITED,DDP,4364.0,10758.45,2.465272685609533,420550.0,1
ASN-10874,Ocean,South Africa,CIPLA LIMITED,DDP,3247.0,7180.16,2.2113212195873113,310560.0,1
ASN-10875,Ocean,South Africa,CIPLA LIMITED,DDP,3658.0,12796.59,3.498247676325861,349431.76,1
ASN-10879,Air,Haiti,"SHANGHAI KEHUA BIOENGINEERING CO.,LTD.  (KHB)",EXW,197.0,2708.04,13.746395939086295,5980.0,1
ASN-10895,Air,Zimbabwe,ABBVIE LOGISTICS (FORMERLY ABBOTT LOGISTICS BV),FCA,1042.0,17912.6,17.190595009596926,39161.28,1
ASN-10899,Air,Sudan,"Standard Diagnostics, Inc.",EXW,430.0,4500.71,10.466767441860465,600.0,1
ASN-10900,Air,Sudan,"Standard Diagnostics, Inc.",EXW,2.0,1193.15,596.575,11.7,1
ASN-10902,Air,Tanzania,"Standard Diagnostics, Inc.",EXW,3334.0,23489.63,7.045479904019197,200000.0,1
ASN-10903,Air,Tanzania,"Standard Diagnostics, Inc.",EXW,3334.0,23623.43,7.085611877624475,200000.0,1
ASN-10904,Air,Tanzania,"Standard Diagnostics, Inc.",EXW,3335.0,23650.43,7.091583208395802,200000.0,1
ASN-10905,Air,Tanzania,"Standard Diagnostics, Inc.",EXW,3335.0,23616.68,7.081463268365817,200000.0,1
ASN-10906,Air,Côte d'Ivoire,MYLAN LABORATORIES LTD (FORMERLY MATRIX LABORATORIES),EXW,403.0,5714.74,14.180496277915632,72960.0,1
ASN-10989,Air,Nigeria,ABBVIE LOGISTICS (FORMERLY ABBOTT LOGISTICS BV),FCA,68.0,1123.14,16.516764705882355,3068.8,1
ASN-11002,Air,Sudan,"Trinity Biotech, Plc",EXW,71.0,1626.67,22.910845070422535,6624.0,1
ASN-11003,Air,Sudan,"Orgenics, Ltd",EXW,97.0,2542.17,26.207938144329898,18957.0,1
ASN-11005,Air,Tanzania,LAWRENCE LABORATORIES (SUBSIDIARY OF BRISTOL MYERS SQUIBB),FCA,1272.0,10816.49,8.503529874213836,550008.75,1
ASN-11007,Air,South Africa,GLAXOSMITHKLINE EXPORT LIMITED,DDP,12374.0,11865.62,0.9589154679165994,320640.0,1
ASN-11009,Air,Uganda,ASPEN PHARMACARE,DDP,43.0,466.0,10.837209302325581,24123.26,1
ASN-11023,Air,Vietnam,MYLAN LABORATORIES LTD (FORMERLY MATRIX LABORATORIES),EXW,2113.0,10784.69,5.103970657832466,199037.1,1
ASN-11024,Air,Vietnam,MYLAN LABORATORIES LTD (FORMERLY MATRIX LABORATORIES),EXW,2806.0,18207.5,6.488774055595154,132087.9,1
ASN-11026,Air,Uganda,ASPEN PHARMACARE,DDP,5.0,41.0,8.2,2361.42,1
ASN-11031,Air,Nigeria,"Orgenics, Ltd",EXW,1231.0,28132.96,22.85374492282697,230154.0,1
ASN-11043,Ocean,South Africa,Aurobindo Pharma Limited,DDP,3313.0,4689.6,1.4155146392997284,204250.0,1
ASN-11044,Ocean,South Africa,Aurobindo Pharma Limited,DDP,40.0,422.84,10.571,2451.0,1
ASN-11045,Ocean,South Africa,Aurobindo Pharma Limited,DDP,14833.0,21555.16,1.4531895098766265,786995.0,1
ASN-11046,Ocean,South Africa,Aurobindo Pharma Limited,DDP,127.0,47101.63,370.8789763779527,17899.6,1
ASN-11047,Ocean,South Africa,Aurobindo Pharma Limited,DDP,1720.0,3787.71,2.202156976744186,242411.1,1
ASN-11056,Ocean,South Africa,STRIDES ARCOLAB LIMITED,DDP,3347.0,7414.66,2.2153152076486404,182250.0,1
ASN-11058,Air,Côte d'Ivoire,"Standard Diagnostics, Inc.",EXW,422.0,5054.68,11.977914691943129,27080.0,1
ASN-11067,Air,Vietnam,STRIDES ARCOLAB LIMITED,EXW,2351.0,10122.75,4.305720969800085,117500.0,1
ASN-11112,Air,Sudan,"Orgenics, Ltd",EXW,3.0,1209.56,403.18666666666667,396.0,1
ASN-11114,Air,Mozambique,"Orgenics, Ltd",EXW,628.0,7580.09,12.070207006369428,215151.3,1
ASN-11115,Air,Benin,MYLAN LABORATORIES LTD (FORMERLY MATRIX LABORATORIES),EXW,175.0,5864.56,33.51177142857143,17540.4,1
ASN-11120,Air,Sudan,"Orgenics, Ltd",EXW,180.0,4529.86,25.165888888888887,33642.0,1
ASN-11121,Air,Kenya,"Orgenics, Ltd",EXW,2951.0,31923.61,10.817895628600475,890000.0,1
ASN-11128,Air,Côte d'Ivoire,MERCK SHARP & DOHME IDEA GMBH (FORMALLY MERCK SHARP & DOHME B.V.),CIP,1489.0,2093.31,1.405849563465413,88124.16,1
ASN-11129,Air,Côte d'Ivoire,MERCK SHARP & DOHME IDEA GMBH (FORMALLY MERCK SHARP & DOHME B.V.),CIP,928.0,2093.32,2.25573275862069,353540.0,1
ASN-11130,Air,Côte d'Ivoire,MERCK SHARP & DOHME IDEA GMBH (FORMALLY MERCK SHARP & DOHME B.V.),CIP,1014.0,2093.32,2.0644181459566076,57647.04,1
ASN-1114,Air,Tanzania,"Standard Diagnostics, Inc.",EXW,1456.0,14505.37,9.962479395604396,100000.0,1
ASN-11147,Air,Nigeria,"CHEMBIO DIAGNOSTIC SYSTEMS, INC.",EXW,482.0,2386.35,4.950933609958506,37294.0,1
ASN-11148,Air,Nigeria,"Trinity Biotech, Plc",EXW,1255.0,15794.47,12.585235059760956,117184.0,1
ASN-11149,Air,Mozambique,"Orgenics, Ltd",EXW,2675.0,4969.35,1.8577009345794393,916860.0,1
ASN-11156,Air,Ethiopia,Aurobindo Pharma Limited,EXW,3685.0,16359.2,4.4394029850746275,487132.8,1
ASN-11160,Air,Côte d'Ivoire,"Standard Diagnostics, Inc.",EXW,859.0,7894.76,9.190640279394644,58032.0,1
ASN-11197,Ocean,South Africa,Aurobindo Pharma Limited,DDP,4008.0,6121.39,1.5272929141716567,285537.7,1
ASN-11198,Ocean,South Africa,Aurobindo Pharma Limited,DDP,1820.0,698.0,0.38351648351648354,167019.12,1
ASN-11199,Ocean,South Africa,Aurobindo Pharma Limited,DDP,2303.0,3790.0,1.6456795484151108,210500.0,1
ASN-11200,Ocean,South Africa,Aurobindo Pharma Limited,DDP,2953.0,6409.91,2.170643413477819,122000.0,1
ASN-11201,Ocean,South Africa,Aurobindo Pharma Limited,DDP,5778.0,14558.87,2.5197075112495675,238517.32,1
ASN-11216,Air,Côte d'Ivoire,"Orgenics, Ltd",EXW,1543.0,37173.01,24.091386908619572,258880.0,1
ASN-11219,Air,Zambia,"Trinity Biotech, Plc",EXW,1224.0,15670.6,12.802777777777779,112000.0,1
ASN-11253,Air,Ethiopia,MYLAN LABORATORIES LTD (FORMERLY MATRIX LABORATORIES),EXW,9565.0,60713.12,6.347424986931522,624000.0,1
ASN-11255,Ocean,South Africa,STRIDES ARCOLAB LIMITED,DDP,9306.0,10511.33,1.129521813883516,430500.0,1
ASN-11259,Ocean,South Africa,CIPLA LIMITED,DDP,638.0,654.72,1.0262068965517241,16320.0,1
ASN-11267,Air,Nigeria,"Orgenics, Ltd",EXW,1022.0,23826.25,23.313356164383563,189392.0,1
ASN-11268,Air,Nigeria,"Orgenics, Ltd",EXW,1378.0,31201.82,22.642830188679245,257299.0,1
ASN-11270,Air,Nigeria,"Orgenics, Ltd",EXW,976.0,26014.88,26.654590163934426,181916.0,1
ASN-11271,Air,Nigeria,"Orgenics, Ltd",EXW,1277.0,26014.88,20.371871574001567,239143.0,1
ASN-11272,Air,Namibia,"Orgenics, Ltd",EXW,24.0,677.37,28.22375,7770.0,1
ASN-11275,Ocean,Ethiopia,Aurobindo Pharma Limited,EXW,3476.0,11729.82,3.3745166858457996,460420.8,1
ASN-11284,Air,South Africa,GLAXOSMITHKLINE EXPORT LIMITED,DDP,12264.0,10277.92,0.8380560991519895,320640.0,1
ASN-113,Air,Guyana,Abbott GmbH & Co. KG,EXW,38681.0,801.54,0.020721801401204724,18400.0,1
ASN-11306,Ocean,South Africa,EMCURE PHARMACEUTICALS LTD,DDP,8826.0,7609.7,0.8621912531157943,485986.0,1
ASN-11307,Ocean,South Africa,STRIDES ARCOLAB LIMITED,DDP,23273.0,31656.61,1.3602290207536631,1251450.0,1
ASN-11311,Air,Vietnam,MYLAN LABORATORIES LTD (FORMERLY MATRIX LABORATORIES),EXW,544.0,9141.18,16.803639705882354,54522.0,1
ASN-11312,Air,Vietnam,MYLAN LABORATORIES LTD (FORMERLY MATRIX LABORATORIES),EXW,111.0,7457.19,67.1818918918919,10478.0,1
ASN-11321,Air,Kenya,"Trinity Biotech, Plc",EXW,129.0,2039.73,15.811860465116279,12320.0,1
ASN-11323,Air,Swaziland,"Trinity Biotech, Plc",EXW,429.0,4726.15,11.016666666666666,40640.0,1
ASN-11344,Ocean,Mozambique,"Trinity Biotech, Plc",EXW,4472.0,23408.33,5.23442084078712,425600.0,1
ASN-11362,Air,Vietnam,STRIDES ARCOLAB LIMITED,EXW,3828.0,15089.11,3.9417737722048067,232250.0,1
ASN-11363,Air,Vietnam,STRIDES ARCOLAB LIMITED,EXW,2537.0,9145.1,3.6046905794245174,117500.0,1
ASN-11379,Ocean,South Africa,CIPLA LIMITED,DDP,1172.0,19007.72,16.218191126279866,29422.24,1
ASN-11381,Ocean,South Africa,CIPLA LIMITED,DDP,9667.0,17703.62,1.8313458156615288,243913.28,1
ASN-11393,Ocean,South Africa,Aurobindo Pharma Limited,DDP,4603.0,8033.13,1.7451944384097329,421000.0,1
ASN-11395,Ocean,South Africa,Aurobindo Pharma Limited,DDP,391.0,659.58,1.6869053708439898,55100.4,1
ASN-11398,Air,Zambia,"Orgenics, Ltd",EXW,1061.0,23722.96,22.359057492931196,220080.0,1
ASN-11399,Air,Zambia,"Orgenics, Ltd",EXW,667.0,15123.48,22.673883058470764,138320.0,1
ASN-114,Air,Côte d'Ivoire,BIO-RAD LABORATORIES (FRANCE),EXW,783.0,7079.25,9.041187739463602,55231.55,1
ASN-11400,Air,Zambia,"Orgenics, Ltd",EXW,1094.0,24400.67,22.30408592321755,226800.0,1
ASN-11401,Air,Kenya,"Orgenics, Ltd",EXW,2069.0,14307.97,6.915403576607056,646407.0,1
ASN-11407,Air,Vietnam,MYLAN LABORATORIES LTD (FORMERLY MATRIX LABORATORIES),EXW,664.0,6247.82,9.409367469879518,87000.0,1
ASN-11408,Air,Vietnam,MYLAN LABORATORIES LTD (FORMERLY MATRIX LABORATORIES),EXW,2571.0,13880.57,5.3988992609879425,202466.0,1
ASN-11409,Air,Vietnam,MYLAN LABORATORIES LTD (FORMERLY MATRIX LABORATORIES),EXW,1615.0,9502.5,5.88390092879257,127534.0,1
ASN-11412,Air,Zimbabwe,"Orgenics, Ltd",EXW,532.0,14423.28,27.111428571428572,85600.0,1
ASN-11413,Air,Zimbabwe,"Orgenics, Ltd",EXW,1053.0,27236.25,25.865384615384617,218400.0,1
ASN-11431,Ocean,South Africa,Aurobindo Pharma Limited,DDP,3313.0,5192.74,1.567383036522789,204250.0,1
ASN-11432,Ocean,South Africa,Aurobindo Pharma Limited,DDP,7105.0,6121.41,0.861563687543983,506045.05,1
ASN-11436,Ocean,South Africa,Aurobindo Pharma Limited,DDP,5063.0,10748.74,2.1229982223977877,360729.25,1
ASN-11437,Ocean,South Africa,Aurobindo Pharma Limited,DDP,8106.0,10748.78,1.326027633851468,577505.95,1
ASN-11439,Ocean,South Africa,Aurobindo Pharma Limited,DDP,16234.0,14439.17,0.8894400640630775,861459.61,1
ASN-11441,Air,Kenya,"Orgenics, Ltd",EXW,1980.0,37548.87,18.96407575757576,741459.0,1
ASN-11458,Ocean,South Africa,STRIDES ARCOLAB LIMITED,DDP,16391.0,20258.29,1.2359398450369106,867208.68,1
ASN-11459,Ocean,South Africa,STRIDES ARCOLAB LIMITED,DDP,7467.0,20258.28,2.713041382081157,384241.32,1
ASN-11462,Ocean,South Africa,STRIDES ARCOLAB LIMITED,DDP,9282.0,15222.94,1.6400495582848524,430500.0,1
ASN-11471,Ocean,South Africa,Aurobindo Pharma Limited,DDP,5177.0,10405.58,2.0099632992080356,730000.0,1
ASN-11472,Ocean,South Africa,Aurobindo Pharma Limited,DDP,5178.0,14621.3,2.823735032831209,730000.0,1
ASN-11475,Ocean,South Africa,GLAXOSMITHKLINE EXPORT LIMITED,DDP,7683.0,7073.56,0.9206768189509307,185600.0,1
ASN-11476,Ocean,South Africa,GLAXOSMITHKLINE EXPORT LIMITED,DDP,7670.0,7175.68,0.9355514993481095,185600.0,1
ASN-11477,Ocean,South Africa,GLAXOSMITHKLINE EXPORT LIMITED,DDP,7656.0,9650.6,1.2605276907001046,185600.0,1
ASN-11484,Air,Haiti,ABBVIE LOGISTICS (FORMERLY ABBOTT LOGISTICS BV),FCA,126.0,1767.91,14.031031746031747,3033.0,1
ASN-11489,Air,Namibia,"Trinity Biotech, Plc",EXW,245.0,6897.71,28.15391836734694,23296.0,1
ASN-11509,Ocean,South Africa,Aurobindo Pharma Limited,DDP,3818.0,11234.1,2.9424044002095338,23962.78,1
ASN-11510,Ocean,South Africa,Aurobindo Pharma Limited,DDP,3061.0,3530.94,1.1535249918327344,18020.0,1
ASN-11528,Air,Swaziland,"Orgenics, Ltd",EXW,56.0,1670.06,29.822499999999998,7980.0,1
ASN-1153,Air,Haiti,Orasure Technologies Inc.,EXW,60.0,1521.11,25.35183333333333,8750.0,1
ASN-11530,Air,Uganda,ASPEN PHARMACARE,DDP,22.0,140.0,6.363636363636363,7839.9,1
ASN-11548,Ocean,Rwanda,HETERO LABS LIMITED,EXW,13622.0,82095.85,6.026710468360006,575727.75,1
ASN-11550,Air,Guyana,ABBVIE LOGISTICS (FORMERLY ABBOTT LOGISTICS BV),FCA,334.0,2171.57,6.501706586826348,108832.8,1
ASN-11563,Air,South Africa,HETERO LABS LIMITED,DDP,8025.0,9706.85,1.209576323987539,435675.0,1
ASN-11579,Air,Vietnam,MYLAN LABORATORIES LTD (FORMERLY MATRIX LABORATORIES),EXW,3098.0,12745.06,4.113963847643641,65000.0,1
ASN-11587,Ocean,South Africa,Aurobindo Pharma Limited,DDP,2674.0,5301.65,1.982666417352281,110366.08,1
ASN-116,Air,Guyana,Aurobindo Pharma Limited,EXW,37.0,569.52,15.392432432432432,1414.7,1
ASN-11611,Air,Vietnam,MYLAN LABORATORIES LTD (FORMERLY MATRIX LABORATORIES),EXW,5941.0,19632.73,3.304617067833698,461580.0,1
ASN-11623,Air,Tanzania,EMCURE PHARMACEUTICALS LTD,EXW,107.0,1794.89,16.77467289719626,22616.0,1
ASN-11632,Air,Liberia,"Standard Diagnostics, Inc.",EXW,34.0,871.3,25.626470588235293,2000.0,1
ASN-11637,Air,Côte d'Ivoire,ABBVIE LOGISTICS (FORMERLY ABBOTT LOGISTICS BV),FCA,4113.0,30130.82,7.325752492098225,562621.5,1
ASN-11658,Air,Guyana,"CHEMBIO DIAGNOSTIC SYSTEMS, INC.",EXW,6.0,325.67,54.278333333333336,435.0,1
ASN-1167,Air,Nigeria,"CHEMBIO DIAGNOSTIC SYSTEMS, INC.",EXW,3336.0,28002.75,8.394109712230216,270000.0,1
ASN-11676,Ocean,South Africa,Aurobindo Pharma Limited,DDP,11603.0,10748.8,0.9263811083340515,826674.8,1
ASN-11677,Ocean,South Africa,Aurobindo Pharma Limited,DDP,4972.0,14439.19,2.904100965406275,263785.39,1
ASN-11688,Air,Ethiopia,Aurobindo Pharma Limited,EXW,257.0,2325.62,9.049105058365758,49075.0,1
ASN-11701,Ocean,South Africa,Aurobindo Pharma Limited,DDP,6719.0,9726.54,1.4476172049412117,478693.6,1
ASN-11702,Ocean,South Africa,Aurobindo Pharma Limited,DDP,45800.0,9726.53,0.21236965065502184,911914.5,1
ASN-1171,Air,Vietnam,SUN PHARMACEUTICAL INDUSTRIES LTD (RANBAXY LABORATORIES LIMITED),EXW,23.0,2149.05,93.43695652173913,3352.0,1
ASN-11710,Air,Vietnam,MYLAN LABORATORIES LTD (FORMERLY MATRIX LABORATORIES),EXW,3408.0,13674.64,4.012511737089202,268463.72,1
ASN-1172,Air,Vietnam,SUN PHARMACEUTICAL INDUSTRIES LTD (RANBAXY LABORATORIES LIMITED),EXW,34.0,2127.22,62.565294117647056,5028.0,1
ASN-11720,Ocean,South Africa,Aurobindo Pharma Limited,DDP,5887.0,4232.71,0.7189926957703414,312340.05,1
ASN-11722,Air,Vietnam,Aurobindo Pharma Limited,EXW,2675.0,9656.19,3.6097906542056077,219000.0,1
ASN-11735,Air,Vietnam,HETERO LABS LIMITED,EXW,2957.0,14589.33,4.933828204261076,123900.0,1
ASN-11739,Air,Côte d'Ivoire,"Orgenics, Ltd",EXW,240.0,7681.19,32.004958333333335,39520.0,1
ASN-11740,Air,Côte d'Ivoire,"Orgenics, Ltd",EXW,1346.0,34282.33,25.46978454680535,225680.0,1
ASN-11741,Air,Liberia,"Trinity Biotech, Plc",EXW,17.0,515.11,30.300588235294118,1600.0,1
ASN-11742,Air,Tanzania,"Trinity Biotech, Plc",EXW,149.0,2242.31,15.049060402684564,14400.0,1
ASN-11751,Air,Zimbabwe,ABBVIE LOGISTICS (FORMERLY ABBOTT LOGISTICS BV),FCA,2364.0,16956.86,7.172952622673435,90472.32,1
ASN-11757,Air,Nigeria,"Orgenics, Ltd",EXW,1360.0,32499.11,23.896404411764706,253917.0,1
ASN-11758,Air,Nigeria,"Orgenics, Ltd",EXW,1201.0,28669.23,23.87113238967527,224280.0,1
ASN-11773,Air,Côte d'Ivoire,"Standard Diagnostics, Inc.",EXW,403.0,5639.42,13.993598014888338,24180.0,1
ASN-11777,Air,Guyana,"Trinity Biotech, Plc",EXW,1573.0,26710.2,16.980419580419582,146816.0,1
ASN-11793,Air,Nigeria,IDA FOUNDATION,EXW,13.0,365.48,28.113846153846154,330.0,1
ASN-11801,Ocean,South Africa,Aurobindo Pharma Limited,DDP,1321.0,9726.53,7.363005299015898,94130.75,1
ASN-11802,Ocean,South Africa,Aurobindo Pharma Limited,DDP,488.0,4232.71,8.67358606557377,25909.95,1
ASN-11804,Ocean,South Africa,Aurobindo Pharma Limited,DDP,2283.0,3649.67,1.598628996933859,356005.85,1
ASN-11806,Ocean,South Africa,Aurobindo Pharma Limited,DDP,12.0,160.52,13.376666666666667,1791.6,1
ASN-11820,Air,Guyana,"Orgenics, Ltd",EXW,439.0,11941.94,27.20259681093394,91500.0,1
ASN-11823,Air,Rwanda,"Orgenics, Ltd",EXW,1703.0,25501.1,14.974221961244861,582750.0,1
ASN-11824,Air,Swaziland,"Orgenics, Ltd",EXW,172.0,4504.46,26.18872093023256,30160.0,1
ASN-11850,Air,Vietnam,ABBVIE LOGISTICS (FORMERLY ABBOTT LOGISTICS BV),FCA,264.0,5487.53,20.786098484848484,86227.8,1
ASN-11855,Air,Vietnam,HETERO LABS LIMITED,EXW,3723.0,19056.13,5.1184877786731136,189998.2,1
ASN-11857,Air,Vietnam,MYLAN LABORATORIES LTD (FORMERLY MATRIX LABORATORIES),EXW,3572.0,10657.33,2.9835750279955207,281036.28,1
ASN-11886,Ocean,South Africa,Aurobindo Pharma Limited,DDP,9375.0,9951.38,1.0614805333333333,497412.41,1
ASN-11888,Ocean,South Africa,Aurobindo Pharma Limited,DDP,4154.0,9951.37,2.3956114588348583,220385.66,1
ASN-11889,Ocean,South Africa,Aurobindo Pharma Limited,DDP,6681.0,9323.27,1.3954901960784314,354463.45,1
ASN-11895,Air,Liberia,"Orgenics, Ltd",EXW,252.0,8678.71,34.439325396825396,41600.0,1
ASN-11908,Air,Vietnam,ABBVIE LOGISTICS (FORMERLY ABBOTT LOGISTICS BV),FCA,1232.0,8108.91,6.581907467532467,406972.2,1
ASN-1192,Air,Vietnam,"GILEAD SCIENCES IRELAND, INC.",EXW,76.0,2282.57,30.033815789473685,17000.0,1
ASN-11929,Air,Dominican Republic,"Standard Diagnostics, Inc.",EXW,28.0,483.68,17.274285714285714,3222.6,1
ASN-11930,Air,Tanzania,"Standard Diagnostics, Inc.",EXW,3334.0,23030.38,6.907732453509299,200000.0,1
ASN-1194,Air,Rwanda,MYLAN LABORATORIES LTD (FORMERLY MATRIX LABORATORIES),CIP,113.0,1511.25,13.373893805309734,30222.5,1
ASN-11955,Air,Vietnam,HETERO LABS LIMITED,EXW,5495.0,23372.43,4.253399454049136,262001.8,1
ASN-1197,Air,Nigeria,"Orgenics, Ltd",EXW,148.0,2577.27,17.413986486486486,51993.5,1
ASN-11974,Air,Tanzania,"Standard Diagnostics, Inc.",EXW,3334.0,22086.15,6.624520095980804,200000.0,1
ASN-1198,Air,Rwanda,"Orgenics, Ltd",EXW,340.0,9479.89,27.882029411764705,107985.0,1
ASN-1199,Air,Haiti,"Orgenics, Ltd",EXW,228.0,4829.61,21.182499999999997,70000.0,1
ASN-12000,Air,Nigeria,"Trinity Biotech, Plc",EXW,1918.0,24147.39,12.58988008342023,185312.0,1
ASN-12025,Air,Tanzania,"Standard Diagnostics, Inc.",EXW,3334.0,45032.55,13.507063587282545,200000.0,1
ASN-12035,Ocean,South Africa,CIPLA LIMITED,DDP,11275.0,8527.46,0.7563157427937915,284609.92,1
ASN-12036,Air,Vietnam,HETERO LABS LIMITED,EXW,865.0,7878.43,9.108011560693642,60000.0,1
ASN-12078,Ocean,South Africa,GLAXOSMITHKLINE EXPORT LIMITED,DDP,7664.0,8301.76,1.0832150313152402,185600.0,1
ASN-12079,Air,Vietnam,HETERO LABS LIMITED,EXW,512.0,6015.18,11.7483984375,17010.0,1
ASN-12083,Air,Vietnam,HETERO LABS LIMITED,EXW,2343.0,12751.68,5.442458386683739,58000.0,1
ASN-12088,Air,Tanzania,ABBVIE LOGISTICS (FORMERLY ABBOTT LOGISTICS BV),FCA,4727.0,21584.02,4.566113814258515,674000.0,1
ASN-12090,Air,Nigeria,NOVARTIS PHARMA SERVICES AG,EXW,711.0,5433.21,7.641645569620254,39000.0,1
ASN-12093,Air,Tanzania,"Standard Diagnostics, Inc.",EXW,2667.0,17773.94,6.6643944506936625,160000.0,1
ASN-12094,Air,Tanzania,"Standard Diagnostics, Inc.",EXW,3349.0,22523.12,6.725326963272618,200000.0,1
ASN-12096,Air,Tanzania,"Orgenics, Ltd",EXW,7500.0,19196.73,2.559564,120000.0,1
ASN-12097,Air,Kenya,"Orgenics, Ltd",EXW,2556.0,29339.63,11.478728482003131,651302.0,1
ASN-12098,Air,Kenya,"Orgenics, Ltd",EXW,2050.0,23226.6,11.330048780487804,736564.0,1
ASN-12115,Air,Namibia,"Orgenics, Ltd",EXW,36.0,859.18,23.86611111111111,11655.0,1
ASN-12116,Air,Mozambique,"Orgenics, Ltd",EXW,55.0,3267.66,59.412,9600.0,1
ASN-12145,Air,Dominican Republic,"Standard Diagnostics, Inc.",EXW,71.0,844.36,11.892394366197184,8803.2,1
ASN-12153,Ocean,South Africa,HETERO LABS LIMITED,DDP,7778.0,20684.73,2.659389303162767,435675.0,1
ASN-12154,Air,Vietnam,HETERO LABS LIMITED,EXW,1390.0,11311.6,8.137841726618705,26100.0,1
ASN-12159,Air,Tanzania,"Standard Diagnostics, Inc.",EXW,3334.0,22523.12,6.755584883023395,200000.0,1
ASN-12162,Air,Tanzania,"Standard Diagnostics, Inc.",EXW,3334.0,22523.12,6.755584883023395,200000.0,1
ASN-12163,Air,Namibia,"Trinity Biotech, Plc",EXW,248.0,6654.24,26.831612903225807,24000.0,1
ASN-12169,Ocean,South Africa,Aurobindo Pharma Limited,DDP,9061.0,9323.3,1.0289482397086414,480716.39,1
ASN-12170,Ocean,South Africa,Aurobindo Pharma Limited,DDP,5467.0,9323.3,1.7053777208706784,290065.16,1
ASN-12171,Ocean,South Africa,Aurobindo Pharma Limited,DDP,6.0,9951.38,1658.5633333333333,315.7,1
ASN-12172,Ocean,South Africa,Aurobindo Pharma Limited,DDP,3237.0,10923.46,3.374562866852023,133633.92,1
ASN-12189,Ocean,South Africa,CIPLA LIMITED,DDP,7663.0,9560.03,1.2475570925225108,731110.0,1
ASN-12190,Ocean,South Africa,CIPLA LIMITED,DDP,7991.0,9972.68,1.2479889876110626,728489.65,1
ASN-12214,Air,Mozambique,ABBVIE LOGISTICS (FORMERLY ABBOTT LOGISTICS BV),FCA,361.0,3669.84,10.165761772853186,16878.4,1
ASN-12216,Air,Mozambique,Hoffmann-La Roche ltd Basel,FCA,238.0,2556.61,10.742058823529412,47723.35,1
ASN-12230,Air,Rwanda,Aurobindo Pharma Limited,CIP,907.0,650.81,0.7175413450937155,7231.24,1
ASN-12242,Air,Zimbabwe,"Orgenics, Ltd",EXW,1102.0,26846.59,24.361696914700545,228480.0,1
ASN-12245,Air,Zimbabwe,"Orgenics, Ltd",EXW,647.0,13312.88,20.57632148377125,91600.0,1
ASN-12247,Air,Zimbabwe,"Orgenics, Ltd",EXW,1191.0,23808.37,19.990235096557512,199920.0,1
ASN-12248,Air,Tanzania,"Standard Diagnostics, Inc.",EXW,3334.0,21952.35,6.5843881223755245,200000.0,1
ASN-12256,Ocean,South Africa,Aurobindo Pharma Limited,DDP,21205.0,25129.15,1.185057769394011,1125245.0,1
ASN-12265,Air,Dominican Republic,"Orgenics, Ltd",EXW,399.0,8776.57,21.99641604010025,92000.0,1
ASN-12267,Air,Liberia,"Orgenics, Ltd",EXW,332.0,8738.06,26.3194578313253,55600.0,1
ASN-12268,Ocean,South Africa,GLAXOSMITHKLINE EXPORT LIMITED,DDP,7293.0,6560.34,0.8995392842451666,185600.0,1
ASN-12269,Ocean,South Africa,GLAXOSMITHKLINE EXPORT LIMITED,DDP,7664.0,17022.13,2.221050365344468,185600.0,1
ASN-12274,Air,Vietnam,HETERO LABS LIMITED,EXW,1083.0,9046.76,8.35342566943675,96391.0,1
ASN-12290,Ocean,South Africa,STRIDES ARCOLAB LIMITED,DDP,23655.0,37401.43,1.581121538786726,1251450.0,1
ASN-12291,Air,Vietnam,HETERO LABS LIMITED,EXW,759.0,7261.69,9.567444005270092,67609.0,1
ASN-12293,Air,Côte d'Ivoire,ABBVIE LOGISTICS (FORMERLY ABBOTT LOGISTICS BV),FCA,4213.0,27376.29,6.498051269878946,517776.0,1
ASN-123,Air,Zambia,Aurobindo Pharma Limited,EXW,11179.0,49824.57,4.4569791573486,1562338.13,1
ASN-1230,Air,Vietnam,Aurobindo Pharma Limited,EXW,125.0,2429.85,19.4388,3000.0,1
ASN-12300,Air,Kenya,"Trinity Biotech, Plc",EXW,499.0,4976.33,9.972605210420841,48000.0,1
ASN-1231,Air,Vietnam,Aurobindo Pharma Limited,EXW,83.0,2426.05,29.22951807228916,2000.0,1
ASN-12331,Air,Nigeria,"CHEMBIO DIAGNOSTIC SYSTEMS, INC.",EXW,376.0,2162.26,5.750691489361703,37729.0,1
ASN-12332,Air,Sudan,"Trinity Biotech, Plc",EXW,5.0,578.73,115.74600000000001,352.0,1
ASN-12337,Air,Sudan,"Trinity Biotech, Plc",EXW,13.0,581.73,44.74846153846154,1248.0,1
ASN-12338,Air,Sudan,"Trinity Biotech, Plc",EXW,21.0,593.72,28.272380952380953,2080.0,1
ASN-12339,Air,Sudan,"Trinity Biotech, Plc",EXW,19.0,594.51,31.29,1856.0,1
ASN-12360,Air,Vietnam,ABBVIE LOGISTICS (FORMERLY ABBOTT LOGISTICS BV),FCA,67.0,4476.29,66.81029850746269,13025.6,1
ASN-12361,Air,Ethiopia,Aurobindo Pharma Limited,EXW,174.0,2052.97,11.79867816091954,44500.0,1
ASN-12376,Ocean,South Africa,Aurobindo Pharma Limited,DDP,509.0,3341.45,6.564734774066797,71751.7,1
ASN-12380,Ocean,South Africa,Aurobindo Pharma Limited,DDP,4810.0,6599.86,1.372112266112266,678075.1,1
ASN-12381,Ocean,South Africa,Aurobindo Pharma Limited,DDP,4670.0,3341.45,0.7155139186295503,658248.3,1
ASN-12382,Air,Haiti,MERCK SHARP & DOHME IDEA GMBH (FORMALLY MERCK SHARP & DOHME B.V.),CIP,76.0,290.0,3.8157894736842106,4579.2,1
ASN-12397,Air,Nigeria,"CHEMBIO DIAGNOSTIC SYSTEMS, INC.",EXW,592.0,2951.78,4.986114864864865,53650.0,1
ASN-124,Air,Uganda,STRIDES ARCOLAB LIMITED,EXW,355.0,3181.2,8.96112676056338,21586.6,1
ASN-12401,Air,Cameroon,Orasure Technologies Inc.,EXW,48.0,1222.56,25.47,7000.0,1
ASN-12405,Air,Liberia,"Standard Diagnostics, Inc.",EXW,25.0,648.95,25.958000000000002,1400.0,1
ASN-12428,Air,Zambia,"Orgenics, Ltd",EXW,1526.0,27952.72,18.317640891218872,256000.0,1
ASN-12443,Air,Kenya,"Standard Diagnostics, Inc.",EXW,5102.0,33718.08,6.6087965503724035,306080.0,1
ASN-12455,Air,Rwanda,"Orgenics, Ltd",EXW,575.0,26849.57,46.69490434782609,196581.0,1
ASN-12468,Air,Kenya,"Orgenics, Ltd",EXW,1051.0,11208.38,10.664490960989532,543345.0,1
ASN-12469,Air,Kenya,"Orgenics, Ltd",EXW,1246.0,13336.64,10.703563402889245,644182.0,1
ASN-12470,Air,Kenya,"Orgenics, Ltd",EXW,4203.0,44128.81,10.499359980965977,770473.0,1
ASN-12475,Air,Mozambique,"Orgenics, Ltd",EXW,1275.0,15873.44,12.4497568627451,575679.3,1
ASN-12476,Air,Mozambique,"Orgenics, Ltd",EXW,994.0,12838.85,12.916348088531187,201320.7,1
ASN-12478,Air,Uganda,MERCK SHARP & DOHME IDEA GMBH (FORMALLY MERCK SHARP & DOHME B.V.),CIP,28.0,501.0,17.892857142857142,25071.0,1
ASN-12494,Ocean,Swaziland,MYLAN LABORATORIES LTD (FORMERLY MATRIX LABORATORIES),EXW,11433.0,12323.93,1.0779261786057903,1371930.0,1
ASN-12497,Ocean,South Africa,CIPLA LIMITED,DDP,3670.0,9021.5,2.458174386920981,20517.6,1
ASN-125,Air,Uganda,SUN PHARMACEUTICAL INDUSTRIES LTD (RANBAXY LABORATORIES LIMITED),EXW,369.0,2623.49,7.109728997289972,21269.15,1
ASN-1253,Air,Rwanda,"Orgenics, Ltd",EXW,99.0,0.75,0.007575757575757576,15.0,1
ASN-12532,Air,Swaziland,MYLAN LABORATORIES LTD (FORMERLY MATRIX LABORATORIES),EXW,4900.0,29478.42,6.016004081632652,587970.0,1
ASN-12560,Ocean,South Africa,EMCURE PHARMACEUTICALS LTD,DDP,10832.0,10283.25,0.949339918759232,589014.0,1
ASN-12572,Air,Liberia,"Trinity Biotech, Plc",EXW,7.0,498.72,71.24571428571429,640.0,1
ASN-12598,Air,Zimbabwe,ABBVIE LOGISTICS (FORMERLY ABBOTT LOGISTICS BV),FCA,665.0,7549.41,11.352496240601504,43368.75,1
ASN-12601,Ocean,Rwanda,CIPLA LIMITED,EXW,6853.0,81246.12,11.855555231285567,776216.0,1
ASN-12610,Air,Mozambique,"Orgenics, Ltd",EXW,2097.0,15891.96,7.578426323319027,575912.4,1
ASN-12611,Air,Mozambique,"Orgenics, Ltd",EXW,1306.0,26532.85,20.316117917304748,589509.9,1
ASN-12624,Ocean,South Africa,CIPLA LIMITED,DDP,18467.0,6617.84,0.35836031840580496,103000.0,1
ASN-12625,Ocean,South Africa,CIPLA LIMITED,DDP,18462.0,22647.81,1.2267257068573287,103000.0,1
ASN-12628,Ocean,South Africa,HETERO LABS LIMITED,DDP,7878.0,8134.37,1.0325425234831176,435675.0,1
ASN-12645,Air,Rwanda,"Trinity Biotech, Plc",EXW,292.0,6233.79,21.34859589041096,27936.0,1
ASN-12660,Air,Rwanda,"Trinity Biotech, Plc",EXW,296.0,6318.92,21.3477027027027,27936.0,1
ASN-12662,Air,Cameroon,"Orgenics, Ltd",EXW,18.0,1278.12,71.00666666666666,7215.0,1
ASN-127,Air,Uganda,Aurobindo Pharma Limited,EXW,1172.0,5595.44,4.774266211604095,153350.55,1
ASN-12701,Air,Cameroon,HUMAN GMBH,EXW,30.0,549.16,18.305333333333333,2231.6,1
ASN-12707,Air,Côte d'Ivoire,"CHEMBIO DIAGNOSTIC SYSTEMS, INC.",EXW,50.0,1128.74,22.5748,4843.0,1
ASN-12713,Air,Vietnam,ABBVIE LOGISTICS (FORMERLY ABBOTT LOGISTICS BV),FCA,382.0,5528.41,14.472277486910995,129465.0,1
ASN-12727,Air,Vietnam,ABBVIE LOGISTICS (FORMERLY ABBOTT LOGISTICS BV),FCA,355.0,5101.21,14.369605633802816,117957.0,1
ASN-1273,Air,Haiti,"Trinity Biotech, Plc",EXW,92.0,1425.77,15.4975,17375.0,1
ASN-12743,Ocean,South Africa,GLAXOSMITHKLINE EXPORT LIMITED,DDP,870.0,3755.91,4.317137931034482,20824.32,1
ASN-12745,Ocean,South Africa,GLAXOSMITHKLINE EXPORT LIMITED,DDP,6680.0,3755.91,0.5622619760479042,160887.36,1
ASN-12786,Air,Vietnam,MYLAN LABORATORIES LTD (FORMERLY MATRIX LABORATORIES),EXW,30.0,4525.05,150.835,4231.08,1
ASN-12787,Air,Vietnam,MYLAN LABORATORIES LTD (FORMERLY MATRIX LABORATORIES),EXW,42.0,4388.84,104.49619047619048,5911.92,1
ASN-12821,Ocean,South Africa,GLAXOSMITHKLINE EXPORT LIMITED,DDP,3853.0,4228.61,1.0974850765637165,92800.0,1
ASN-12823,Ocean,South Africa,Aurobindo Pharma Limited,DDP,590.0,146.5,0.2483050847457627,91894.15,1
ASN-12824,Ocean,South Africa,Aurobindo Pharma Limited,DDP,10956.0,16429.12,1.4995545819642204,549058.62,1
ASN-12827,Air,Zambia,"Trinity Biotech, Plc",EXW,1896.0,25136.39,13.257589662447257,189440.0,1
ASN-12828,Air,Sudan,"Orgenics, Ltd",EXW,2.0,942.64,471.32,32.0,1
ASN-12830,Air,Sudan,"Orgenics, Ltd",EXW,2.0,885.49,442.745,16.0,1
ASN-12831,Air,Sudan,"Orgenics, Ltd",EXW,2.0,885.49,442.745,8.0,1
ASN-12832,Air,Sudan,"Orgenics, Ltd",EXW,53.0,1614.83,30.468490566037733,10235.0,1
ASN-12833,Air,Sudan,"Orgenics, Ltd",EXW,36.0,1712.6,47.57222222222222,6853.0,1
ASN-12834,Air,Sudan,"Orgenics, Ltd",EXW,60.0,1133.17,18.886166666666668,11481.0,1
ASN-12835,Air,Sudan,"Orgenics, Ltd",EXW,11.0,978.41,88.94636363636363,1958.0,1
ASN-12868,Air,Guyana,ABBVIE LOGISTICS (FORMERLY ABBOTT LOGISTICS BV),FCA,598.0,5178.47,8.659648829431438,184539.0,1
ASN-12877,Air,Nigeria,"Orgenics, Ltd",EXW,1377.0,32575.03,23.656521423384167,257210.0,1
ASN-12878,Air,Nigeria,"Orgenics, Ltd",EXW,1378.0,32667.09,23.706161103047897,257299.0,1
ASN-12879,Air,Nigeria,"Orgenics, Ltd",EXW,933.0,27136.6,29.08531618435155,215291.0,1
ASN-12885,Air,Zimbabwe,"Orgenics, Ltd",EXW,885.0,17806.34,20.120158192090397,144000.0,1
ASN-12886,Air,Tanzania,"Orgenics, Ltd",EXW,714.0,13836.99,19.37953781512605,120000.0,1
ASN-129,Air,Uganda,ASPEN PHARMACARE,EXW,201.0,1262.91,6.2831343283582095,26670.0,1
ASN-12905,Air,Guyana,ABBVIE LOGISTICS (FORMERLY ABBOTT LOGISTICS BV),FCA,99.0,1454.81,14.695050505050505,4192.2,1
ASN-12934,Air,Côte d'Ivoire,MYLAN LABORATORIES LTD (FORMERLY MATRIX LABORATORIES),EXW,655.0,5300.24,8.091969465648855,112000.0,1
ASN-12941,Air,Nigeria,"Trinity Biotech, Plc",EXW,793.0,7938.18,10.01031525851198,64000.0,1
ASN-12948,Ocean,South Africa,EMCURE PHARMACEUTICALS LTD,DDP,7556.0,9582.53,1.2682014293276866,413763.2,1
ASN-12957,Air,Côte d'Ivoire,"Orgenics, Ltd",EXW,661.0,13740.74,20.787806354009078,110720.0,1
ASN-12988,Ocean,South Africa,CIPLA LIMITED,DDP,3793.0,8527.45,2.2482072238333775,96190.08,1
ASN-12989,Ocean,South Africa,CIPLA LIMITED,DDP,6220.0,7175.28,1.1535819935691318,157556.0,1
ASN-12990,Ocean,South Africa,CIPLA LIMITED,DDP,8969.0,7175.27,0.8000078046604974,223244.0,1
ASN-12991,Ocean,South Africa,CIPLA LIMITED,DDP,583.0,5824.11,9.989897084048026,14579.2,1
ASN-12992,Ocean,South Africa,Aurobindo Pharma Limited,DDP,331.0,5766.83,17.422447129909365,46603.2,1
ASN-12993,Ocean,South Africa,Aurobindo Pharma Limited,DDP,20896.0,16429.13,0.7862332503828484,1048441.38,1
ASN-13,Air,Vietnam,Hoffmann-La Roche ltd Basel,EXW,254.0,7828.28,30.82,164620.0,1
ASN-13012,Air,Vietnam,STRIDES ARCOLAB LIMITED,EXW,742.0,5440.01,7.3315498652291105,39115.75,1
ASN-13013,Air,Vietnam,STRIDES ARCOLAB LIMITED,EXW,1054.0,5726.24,5.432865275142315,95718.0,1
ASN-13025,Air,Tanzania,ABBVIE LOGISTICS (FORMERLY ABBOTT LOGISTICS BV),FCA,75.0,1262.36,16.831466666666664,3122.55,1
ASN-13031,Air,Zambia,"Orgenics, Ltd",EXW,1374.0,25052.44,18.233216885007277,230720.0,1
ASN-13032,Air,Zambia,"Orgenics, Ltd",EXW,1368.0,25037.09,18.301966374269007,229600.0,1
ASN-13033,Air,Zambia,"Orgenics, Ltd",EXW,1246.0,22614.24,18.149470304975925,209440.0,1
ASN-13034,Air,Zambia,"Orgenics, Ltd",EXW,1239.0,22650.58,18.28133979015335,208320.0,1
ASN-13035,Air,Zambia,"Orgenics, Ltd",EXW,588.0,11491.6,19.543537414965986,97920.0,1
ASN-1305,Air,Rwanda,CIPLA LIMITED,CIP,10303.0,35034.75,3.400441618945938,700000.0,1
ASN-13054,Ocean,South Africa,Aurobindo Pharma Limited,DDP,10643.0,7292.26,0.6851695950389928,547921.2,1
ASN-13057,Ocean,South Africa,Aurobindo Pharma Limited,DDP,7797.0,7292.27,0.935266127997948,390948.72,1
ASN-13058,Ocean,South Africa,Aurobindo Pharma Limited,DDP,6876.0,461.5,0.0671175101803374,43161.48,1
ASN-13082,Air,Tanzania,"Trinity Biotech, Plc",EXW,148.0,1938.15,13.09560810810811,14400.0,1
ASN-13100,Air,Vietnam,STRIDES ARCOLAB LIMITED,EXW,1073.0,5221.88,4.866616961789376,54884.25,1
ASN-13101,Air,Vietnam,STRIDES ARCOLAB LIMITED,EXW,2447.0,2673.82,1.0926930935839805,222282.0,1
ASN-13118,Air,Uganda,MERCK SHARP & DOHME IDEA GMBH (FORMALLY MERCK SHARP & DOHME B.V.),CIP,9.0,286.0,31.77777777777778,1800.0,1
ASN-13133,Ocean,South Africa,EMCURE PHARMACEUTICALS LTD,DDP,3789.0,9582.55,2.5290446027975717,206240.9,1
ASN-13144,Air,Kenya,"Trinity Biotech, Plc",EXW,174.0,2061.8,11.849425287356324,16512.0,1
ASN-13148,Air,Kenya,"Orgenics, Ltd",EXW,1198.0,13543.63,11.305200333889816,619351.0,1
ASN-13149,Air,Kenya,"Orgenics, Ltd",EXW,1427.0,16090.59,11.275816398037842,738522.0,1
ASN-13150,Air,Kenya,"Orgenics, Ltd",EXW,3497.0,40917.19,11.700654847011725,542900.0,1
ASN-13152,Air,Haiti,MYLAN LABORATORIES LTD (FORMERLY MATRIX LABORATORIES),EXW,647.0,4877.34,7.53839258114374,77550.0,1
ASN-13166,Ocean,South Africa,Aurobindo Pharma Limited,DDP,9461.0,7292.27,0.7707715886269951,508009.26,1
ASN-13167,Ocean,South Africa,Aurobindo Pharma Limited,DDP,2806.0,7292.27,2.5988132573057734,150620.82,1
ASN-13202,Air,Côte d'Ivoire,ABBVIE LOGISTICS (FORMERLY ABBOTT LOGISTICS BV),FCA,7025.0,46002.44,6.548390035587189,862960.0,1
ASN-13212,Air,South Sudan,"Orgenics, Ltd",EXW,244.0,7428.38,30.444180327868853,41830.0,1
ASN-13223,Air,Uganda,Hoffmann-La Roche ltd Basel,FCA,18.0,586.16,32.56444444444444,12362.16,1
ASN-13226,Ocean,South Africa,EMCURE PHARMACEUTICALS LTD,DDP,8351.0,7292.26,0.8732199736558496,454995.9,1
ASN-13273,Air,Sudan,"Orgenics, Ltd",EXW,33.0,1255.77,38.053636363636365,6230.0,1
ASN-13274,Air,Sudan,"Orgenics, Ltd",EXW,45.0,1961.65,43.592222222222226,10324.0,1
ASN-13275,Air,Sudan,"Orgenics, Ltd",EXW,10.0,900.53,90.053,1780.0,1
ASN-13276,Air,Sudan,"Orgenics, Ltd",EXW,49.0,1768.15,36.084693877551025,9345.0,1
ASN-13278,Air,Sudan,"Trinity Biotech, Plc",EXW,18.0,569.11,31.617222222222225,1696.0,1
ASN-1328,Air,Haiti,"Trinity Biotech, Plc",EXW,6.0,3238.79,539.7983333333333,1112.0,1
ASN-1329,Air,Ethiopia,ASPEN PHARMACARE,EXW,1233.0,5137.76,4.166877534468775,251947.8,1
ASN-13290,Ocean,South Africa,CIPLA LIMITED,DDP,18417.0,11534.48,0.626295270673834,103000.0,1
ASN-13291,Ocean,South Africa,CIPLA LIMITED,DDP,4121.0,4957.81,1.2030599369085175,103006.4,1
ASN-13302,Ocean,South Africa,CIPLA LIMITED,DDP,10536.0,4957.81,0.47055903568716784,263214.4,1
ASN-13315,Ocean,Côte d'Ivoire,ABBVIE LOGISTICS (FORMERLY ABBOTT LOGISTICS BV),FCA,393.0,40289.0,102.51653944020356,48479.86,1
ASN-13316,Ocean,Côte d'Ivoire,ABBVIE LOGISTICS (FORMERLY ABBOTT LOGISTICS BV),FCA,5139.0,40289.0,7.839852111305701,634275.6,1
ASN-13338,Air,Nigeria,IDA FOUNDATION,EXW,14.0,350.02,25.00142857142857,477.0,1
ASN-13341,Ocean,Rwanda,Aurobindo Pharma Limited,EXW,12886.0,102761.99,7.974700450100885,706200.0,1
ASN-13347,Air,Sudan,"Trinity Biotech, Plc",EXW,12.0,646.81,53.90083333333333,1120.0,1
ASN-13348,Air,Sudan,"Trinity Biotech, Plc",EXW,20.0,644.02,32.201,1856.0,1
ASN-13349,Air,Sudan,"Trinity Biotech, Plc",EXW,4.0,593.8,148.45,320.0,1
ASN-13367,Air,Swaziland,Aurobindo Pharma Limited,EXW,3295.0,17214.74,5.224503793626708,272000.0,1
ASN-13371,Air,Rwanda,Aurobindo Pharma Limited,EXW,4105.0,25382.52,6.18331790499391,225095.9,1
ASN-13372,Air,Rwanda,Aurobindo Pharma Limited,EXW,4746.0,98521.56,20.758862199747156,260224.0,1
ASN-13373,Air,Rwanda,Aurobindo Pharma Limited,EXW,4027.0,28833.91,7.16014651105041,220880.1,1
ASN-13382,Ocean,Swaziland,Aurobindo Pharma Limited,EXW,7712.0,13491.19,1.749376296680498,637228.0,1
ASN-13396,Air,South Sudan,"Trinity Biotech, Plc",EXW,82.0,1504.59,18.348658536585365,7680.0,1
ASN-1340,Air,Vietnam,ABBVIE LOGISTICS (FORMERLY ABBOTT LOGISTICS BV),FCA,249.0,3120.92,12.533815261044177,82200.0,1
ASN-1341,Air,Vietnam,ABBVIE LOGISTICS (FORMERLY ABBOTT LOGISTICS BV),FCA,513.0,5866.31,11.435302144249514,164400.0,1
ASN-13410,Air,Vietnam,Aurobindo Pharma Limited,EXW,1701.0,4288.83,2.521358024691358,136915.25,1
ASN-13412,Air,Haiti,AMSTELFARMA B.V.,EXW,1173.0,7019.07,5.9838618925831195,36971.5,1
ASN-13435,Air,Uganda,ASPEN PHARMACARE,DDP,16.0,375.0,23.4375,6811.81,1
ASN-13437,Air,Uganda,ASPEN PHARMACARE,DDP,24.0,297.0,12.375,15140.4,1
ASN-13447,Air,Haiti,"Standard Diagnostics, Inc.",EXW,2.0,702.42,351.21,45.0,1
ASN-13448,Air,Haiti,Premier Medical Corporation Ltd.,EXW,1.0,969.55,969.55,49.5,1
ASN-13475,Air,Vietnam,Aurobindo Pharma Limited,EXW,10210.0,17392.05,1.7034329089128304,679359.75,1
ASN-13476,Air,Rwanda,Aurobindo Pharma Limited,EXW,273.0,2964.49,10.858937728937729,14980.0,1
ASN-13518,Air,Rwanda,ABBVIE LOGISTICS (FORMERLY ABBOTT LOGISTICS BV),FCA,188.0,3035.87,16.148244680851064,10755.45,1
ASN-13528,Air,Rwanda,"Orgenics, Ltd",EXW,1362.0,62458.88,45.858208516886926,466200.0,1
ASN-13529,Air,Tanzania,"Orgenics, Ltd",EXW,1669.0,30754.1,18.426662672258836,280000.0,1
ASN-13534,Ocean,Mozambique,"Trinity Biotech, Plc",EXW,2471.0,33872.84,13.708150546337514,236800.0,1
ASN-13536,Air,Sudan,"Orgenics, Ltd",EXW,2.0,1076.15,538.075,24.0,1
ASN-13537,Air,Sudan,"Orgenics, Ltd",EXW,2.0,1076.15,538.075,32.0,1
ASN-13538,Air,Sudan,"Orgenics, Ltd",EXW,2.0,980.7,490.35,16.0,1
ASN-13539,Air,Sudan,"Orgenics, Ltd",EXW,2.0,980.7,490.35,8.0,1
ASN-1354,Air,Nigeria,"CHEMBIO DIAGNOSTIC SYSTEMS, INC.",EXW,3058.0,18750.2,6.131523871811642,253260.0,1
ASN-13540,Air,Côte d'Ivoire,"CHEMBIO DIAGNOSTIC SYSTEMS, INC.",EXW,328.0,4420.31,13.476554878048782,32741.0,1
ASN-13542,Air,Zambia,"Trinity Biotech, Plc",EXW,1647.0,20626.58,12.523727990285368,160000.0,1
ASN-1355,Air,Benin,"Standard Diagnostics, Inc.",EXW,70.0,1136.37,16.23385714285714,4640.0,1
ASN-13551,Air,Haiti,"ACCESS BIO, INC.",EXW,5.0,5642.36,1128.472,50520.6,1
ASN-13559,Air,Rwanda,ABBVIE LOGISTICS (FORMERLY ABBOTT LOGISTICS BV),FCA,150.0,2682.48,17.8832,10061.55,1
ASN-13560,Air,Kenya,"Trinity Biotech, Plc",EXW,5876.0,40091.65,6.822949285228047,576000.0,1
ASN-13564,Air,Kenya,BIOLYTICAL LABORATORIES INC.,CIP,58.0,836.14,14.416206896551724,2657.28,1
ASN-13565,Air,"Congo, DRC","Trinity Biotech, Plc",EXW,62.0,1367.59,22.05790322580645,4384.0,1
ASN-13582,Air,Côte d'Ivoire,"Orgenics, Ltd",EXW,1312.0,27254.17,20.77299542682927,219680.0,1
ASN-136,Air,Guyana,"Trinity Biotech, Plc",EXW,316.0,4989.87,15.790727848101266,36000.0,1
ASN-13616,Air,Haiti,MERCK SHARP & DOHME IDEA GMBH (FORMALLY MERCK SHARP & DOHME B.V.),CIP,7.0,290.0,41.42857142857143,1400.0,1
ASN-13651,Air,Zambia,Aurobindo Pharma Limited,EXW,9369.0,50030.37,5.339990393852066,735000.0,1
ASN-13663,Air,Kenya,Premier Medical Corporation Ltd.,EXW,18.0,2644.79,146.93277777777777,1170.0,1
ASN-1368,Air,Mozambique,"Trinity Biotech, Plc",EXW,9000.0,55746.59,6.1940655555555555,288000.0,1
ASN-13697,Air,Uganda,MERCK SHARP & DOHME IDEA GMBH (FORMALLY MERCK SHARP & DOHME B.V.),CIP,23.0,250.0,10.869565217391305,21136.5,1
ASN-137,Air,Zambia,"Trinity Biotech, Plc",EXW,853.0,13569.49,15.907960140679952,100000.0,1
ASN-13722,Air,Rwanda,ABBVIE LOGISTICS (FORMERLY ABBOTT LOGISTICS BV),FCA,43.0,1046.02,24.326046511627908,753.5,1
ASN-13723,Air,Ethiopia,ABBVIE LOGISTICS (FORMERLY ABBOTT LOGISTICS BV),FCA,728.0,6941.12,9.534505494505494,21543.18,1
ASN-13724,Air,Haiti,MERCK SHARP & DOHME IDEA GMBH (FORMALLY MERCK SHARP & DOHME B.V.),CIP,72.0,290.0,4.027777777777778,4324.8,1
ASN-13748,Air,Haiti,"SHANGHAI KEHUA BIOENGINEERING CO.,LTD.  (KHB)",EXW,367.0,3638.86,9.915149863760218,12372.5,1
ASN-13751,Air,Kenya,EY Laboratories,CIP,18.0,803.6,44.644444444444446,1125.0,1
ASN-13752,Air,Côte d'Ivoire,MERCK SHARP & DOHME IDEA GMBH (FORMALLY MERCK SHARP & DOHME B.V.),CIP,361.0,783.22,2.169584487534626,20080.64,1
ASN-13763,Air,Namibia,"Trinity Biotech, Plc",EXW,238.0,2789.67,11.721302521008404,23296.0,1
ASN-13764,Air,Rwanda,"Trinity Biotech, Plc",EXW,613.0,5405.42,8.817977161500815,46720.0,1
ASN-13766,Air,Zambia,Aurobindo Pharma Limited,EXW,9389.0,51294.87,5.463294280541059,735000.0,1
ASN-13770,Air,Tanzania,ABBVIE LOGISTICS (FORMERLY ABBOTT LOGISTICS BV),FCA,309.0,2383.65,7.714077669902913,14693.25,1
ASN-13788,Air,Côte d'Ivoire,MYLAN LABORATORIES LTD (FORMERLY MATRIX LABORATORIES),EXW,316.0,3095.28,9.795189873417723,58240.0,1
ASN-1380,Air,Benin,"Orgenics, Ltd",EXW,327.0,6687.51,20.451100917431194,103377.64,1
ASN-1381,Air,Nigeria,"Orgenics, Ltd",EXW,861.0,12770.05,14.831649245063879,239970.0,1
ASN-13818,Air,Mozambique,"Orgenics, Ltd",EXW,1477.0,27686.29,18.74494922139472,247520.0,1
ASN-13819,Air,Mozambique,"Orgenics, Ltd",EXW,1378.0,25607.44,18.583047895500723,231280.0,1
ASN-13822,Air,Mozambique,"Orgenics, Ltd",EXW,539.0,10925.46,20.269870129870128,90640.0,1
ASN-13850,Air,Tanzania,"Orgenics, Ltd",EXW,989.0,17512.52,17.707300303336705,165760.0,1
ASN-13851,Air,Tanzania,"Orgenics, Ltd",EXW,499.0,9894.85,19.82935871743487,83520.0,1
ASN-13852,Air,Tanzania,"Orgenics, Ltd",EXW,1374.0,24000.91,17.46791120815138,230720.0,1
ASN-13875,Air,Ethiopia,"SHANGHAI KEHUA BIOENGINEERING CO.,LTD.  (KHB)",EXW,1.0,1437.62,1437.62,4287.5,1
ASN-13876,Air,Ethiopia,"SHANGHAI KEHUA BIOENGINEERING CO.,LTD.  (KHB)",EXW,970.0,8851.4,9.125154639175257,33369.0,1
ASN-13884,Air,Zambia,Aurobindo Pharma Limited,EXW,9390.0,45118.64,4.804966986155485,735000.0,1
ASN-13945,Air,Kenya,"Orgenics, Ltd",EXW,2278.0,31382.03,13.776132572431957,710398.0,1
ASN-13946,Air,Kenya,"Orgenics, Ltd",EXW,2305.0,24428.55,10.598069414316702,624602.0,1
ASN-13948,Air,Pakistan,"Orgenics, Ltd",EXW,1117.0,14959.83,13.392864816472695,188160.0,1
ASN-13949,Air,Pakistan,"Orgenics, Ltd",EXW,1017.0,14959.84,14.709773844641102,170560.0,1
ASN-13952,Air,Tanzania,LAWRENCE LABORATORIES (SUBSIDIARY OF BRISTOL MYERS SQUIBB),FCA,1598.0,12689.71,7.940994993742177,73683.0,1
ASN-13956,Air,Zimbabwe,ABBVIE LOGISTICS (FORMERLY ABBOTT LOGISTICS BV),FCA,1254.0,54424.24,43.400510366826154,38555.82,1
ASN-13965,Air,Zimbabwe,"Orgenics, Ltd",EXW,1113.0,20082.38,18.04346810422282,187360.0,1
ASN-13966,Air,Zimbabwe,"Orgenics, Ltd",EXW,1004.0,18612.64,18.538486055776893,157360.0,1
ASN-14,Air,Côte d'Ivoire,Abbott GmbH & Co. KG,FCA,171.0,1653.78,9.671228070175438,40000.0,1
ASN-1401,Air,Rwanda,"Trinity Biotech, Plc",EXW,1080.0,15987.05,14.802824074074074,100800.0,1
ASN-14016,Ocean,Côte d'Ivoire,Aurobindo Pharma Limited,EXW,5734.0,24624.0,4.2943843739100105,678000.0,1
ASN-1402,Air,Botswana,"Trinity Biotech, Plc",EXW,155.0,1625.08,10.484387096774194,14400.0,1
ASN-1403,Air,Haiti,"Trinity Biotech, Plc",EXW,1.0,897.52,897.52,278.0,1
ASN-14064,Air,Vietnam,STRIDES ARCOLAB LIMITED,EXW,1146.0,5977.2,5.215706806282722,77301.4,1
ASN-14065,Air,Vietnam,STRIDES ARCOLAB LIMITED,EXW,1301.0,5664.49,4.353950807071484,86698.6,1
ASN-14078,Air,"Congo, DRC","Orgenics, Ltd",EXW,657.0,15722.05,23.930060882800607,101200.0,1
ASN-14080,Air,Côte d'Ivoire,MERCK SHARP & DOHME IDEA GMBH (FORMALLY MERCK SHARP & DOHME B.V.),CIP,605.0,1416.03,2.3405454545454547,34801.92,1
ASN-14091,Air,Côte d'Ivoire,"Orgenics, Ltd",EXW,988.0,19368.23,19.603471659919027,165600.0,1
ASN-14092,Air,South Sudan,"Orgenics, Ltd",EXW,175.0,4803.06,27.446057142857146,32883.0,1
ASN-141,Air,Nigeria,"Trinity Biotech, Plc",EXW,14.0,713.58,50.970000000000006,1600.0,1
ASN-14106,Air,Namibia,"Orgenics, Ltd",EXW,35.0,840.46,24.013142857142856,11655.0,1
ASN-14107,Air,Swaziland,"Orgenics, Ltd",EXW,60.0,1360.14,22.669,10400.0,1
ASN-1411,Air,Nigeria,"Orgenics, Ltd",EXW,550.0,8213.59,14.9338,255888.01,1
ASN-14110,Air,Côte d'Ivoire,"Orgenics, Ltd",EXW,957.0,18919.56,19.769655172413795,160000.0,1
ASN-14125,Air,Rwanda,Aurobindo Pharma Limited,EXW,197.0,5906.43,29.981878172588836,38399.0,1
ASN-14148,Air,Haiti,Aurobindo Pharma Limited,EXW,16.0,1471.46,91.96625,2142.0,1
ASN-14157,Air,Haiti,ABBVIE LOGISTICS (FORMERLY ABBOTT LOGISTICS BV),FCA,46.0,984.39,21.399782608695652,2775.6,1
ASN-14198,Air,Namibia,"Orgenics, Ltd",EXW,36.0,481.63,13.37861111111111,4750.0,1
ASN-14200,Air,Ethiopia,"CHEMBIO DIAGNOSTIC SYSTEMS, INC.",EXW,15.0,529.4,35.29333333333333,1276.0,1
ASN-14231,Air,Ethiopia,"SHANGHAI KEHUA BIOENGINEERING CO.,LTD.  (KHB)",EXW,656.0,6488.44,9.890914634146341,22638.0,1
ASN-14232,Air,Ethiopia,"SHANGHAI KEHUA BIOENGINEERING CO.,LTD.  (KHB)",EXW,780.0,7655.99,9.815371794871794,26950.0,1
ASN-14233,Air,Ethiopia,"CHEMBIO DIAGNOSTIC SYSTEMS, INC.",EXW,151.0,827.88,5.482649006622516,9860.0,1
ASN-14234,Air,Ethiopia,"CHEMBIO DIAGNOSTIC SYSTEMS, INC.",EXW,42.0,354.59,8.442619047619047,3509.0,1
ASN-14235,Air,Ethiopia,"CHEMBIO DIAGNOSTIC SYSTEMS, INC.",EXW,47.0,379.65,8.077659574468084,3915.0,1
ASN-14274,Air,Tanzania,"Orgenics, Ltd",EXW,1368.0,24308.25,17.76918859649123,229600.0,1
ASN-14276,Air,Tanzania,"Orgenics, Ltd",EXW,537.0,10626.8,19.78919925512104,90400.0,1
ASN-14302,Air,Mozambique,"Trinity Biotech, Plc",EXW,2451.0,35569.75,14.51234190126479,240000.0,1
ASN-14307,Air,Côte d'Ivoire,"CHEMBIO DIAGNOSTIC SYSTEMS, INC.",EXW,624.0,6311.89,10.115208333333333,46197.0,1
ASN-14308,Air,Swaziland,"Trinity Biotech, Plc",EXW,59.0,1099.39,18.633728813559323,5120.0,1
ASN-14309,Air,Tanzania,"Trinity Biotech, Plc",EXW,1386.0,13215.15,9.534740259740259,136000.0,1
ASN-14319,Air,Vietnam,MYLAN LABORATORIES LTD (FORMERLY MATRIX LABORATORIES),EXW,1675.0,3401.49,2.0307402985074625,166806.1,1
ASN-14321,Air,Vietnam,MYLAN LABORATORIES LTD (FORMERLY MATRIX LABORATORIES),EXW,1208.0,3306.51,2.737177152317881,131643.9,1
ASN-1439,Air,Vietnam,ABBVIE LOGISTICS (FORMERLY ABBOTT LOGISTICS BV),FCA,337.0,2535.4,7.523442136498517,18333.0,1
ASN-14402,Air,South Sudan,"Trinity Biotech, Plc",EXW,63.0,2147.11,34.08111111111111,5728.0,1
ASN-14408,Air,Haiti,Aurobindo Pharma Limited,EXW,1486.0,12749.39,8.579670255720053,160817.5,1
ASN-14433,Air,Côte d'Ivoire,"Orgenics, Ltd",EXW,287.0,7024.86,24.476864111498255,47680.0,1
ASN-14450,Air,Rwanda,CIPLA LIMITED,CIP,55.0,393.29,7.1507272727272735,4369.92,1
ASN-1448,Air,Botswana,Orasure Technologies Inc.,EXW,39.0,604.0,15.487179487179487,3500.0,1
ASN-14517,Air,Vietnam,MYLAN LABORATORIES LTD (FORMERLY MATRIX LABORATORIES),EXW,6142.0,13850.65,2.255071637902963,706874.5499999999,1
ASN-14527,Ocean,Mozambique,"Orgenics, Ltd",EXW,3757.0,15105.99,4.020758583976577,630560.0,1
ASN-14546,Air,Vietnam,Aurobindo Pharma Limited,EXW,25.0,1003.65,40.146,974.4,1
ASN-14556,Air,Ethiopia,"Trinity Biotech, Plc",EXW,8.0,315.44,39.43,768.0,1
ASN-14557,Air,Ethiopia,"Trinity Biotech, Plc",EXW,15.0,406.68,27.112000000000002,1376.0,1
ASN-14558,Air,Ethiopia,"Trinity Biotech, Plc",EXW,138.0,794.72,5.758840579710145,5280.0,1
ASN-14559,Air,Ethiopia,"Trinity Biotech, Plc",EXW,17.0,334.65,19.685294117647057,832.0,1
ASN-146,Air,Zambia,"GILEAD SCIENCES IRELAND, INC.",EXW,1244.0,6546.69,5.262612540192926,389838.75,1
ASN-1462,Air,Nigeria,"CHEMBIO DIAGNOSTIC SYSTEMS, INC.",EXW,2707.0,13535.55,5.000203176948651,220131.0,1
ASN-1463,Air,Haiti,Orasure Technologies Inc.,EXW,72.0,2556.61,35.508472222222224,10500.0,1
ASN-14644,Air,Tanzania,"Orgenics, Ltd",EXW,639.0,12022.17,18.814037558685445,106960.0,1
ASN-14645,Air,Tanzania,"Orgenics, Ltd",EXW,1394.0,24596.33,17.644426111908178,234080.0,1
ASN-14646,Air,Tanzania,"Orgenics, Ltd",EXW,1300.0,23269.06,17.899276923076926,218960.0,1
ASN-14647,Air,Tanzania,"Trinity Biotech, Plc",EXW,3058.0,31491.23,10.297982341399608,296000.0,1
ASN-14659,Air,Rwanda,MYLAN LABORATORIES LTD (FORMERLY MATRIX LABORATORIES),CIP,561.0,5610.17,10.00030303030303,62335.2,1
ASN-14660,Air,Burundi,"SHANGHAI KEHUA BIOENGINEERING CO.,LTD.  (KHB)",EXW,21.0,1327.6,63.219047619047615,563.5,1
ASN-1467,Air,Nigeria,"CHEMBIO DIAGNOSTIC SYSTEMS, INC.",EXW,483.0,5468.88,11.322732919254658,38475.0,1
ASN-14678,Air,Côte d'Ivoire,MYLAN LABORATORIES LTD (FORMERLY MATRIX LABORATORIES),EXW,225.0,3109.21,13.818711111111112,45000.0,1
ASN-1468,Air,Côte d'Ivoire,"Orgenics, Ltd",EXW,16.0,515.48,32.2175,5039.3,1
ASN-14696,Air,Uganda,ABBVIE LOGISTICS (FORMERLY ABBOTT LOGISTICS BV),FCA,62.0,1060.22,17.100322580645162,2938.65,1
ASN-14701,Air,Uganda,ABBVIE LOGISTICS (FORMERLY ABBOTT LOGISTICS BV),FCA,86.0,86.0,1.0,4281.25,1
ASN-14702,Air,Uganda,ABBVIE LOGISTICS (FORMERLY ABBOTT LOGISTICS BV),FCA,36.0,677.4,18.816666666666666,1554.0,1
ASN-14729,Air,Haiti,THE MEDICAL EXPORT GROUP BV,EXW,5051.0,37744.27,7.472633141952088,100540.0,1
ASN-14757,Air,Vietnam,MYLAN LABORATORIES LTD (FORMERLY MATRIX LABORATORIES),EXW,4669.0,8334.77,1.785129578068109,502989.39999999997,1
ASN-14784,Air,Guyana,"Trinity Biotech, Plc",EXW,410.0,5577.13,13.602756097560976,48416.0,1
ASN-14785,Air,Mozambique,"Trinity Biotech, Plc",EXW,2440.0,37115.71,15.211356557377048,240000.0,1
ASN-14799,Ocean,Rwanda,MYLAN LABORATORIES LTD (FORMERLY MATRIX LABORATORIES),EXW,4426.0,66916.5,15.118956168097606,511290.0,1
ASN-14813,Air,Malawi,"Trinity Biotech, Plc",EXW,29.0,732.72,25.266206896551726,2112.0,1
ASN-14824,Air,Uganda,ASPEN PHARMACARE,DDP,14.0,527.0,37.642857142857146,6660.0,1
ASN-14830,Air,Burundi,"CHEMBIO DIAGNOSTIC SYSTEMS, INC.",EXW,34.0,836.8,24.61176470588235,7777.5,1
ASN-14834,Air,Uganda,MERCK SHARP & DOHME IDEA GMBH (FORMALLY MERCK SHARP & DOHME B.V.),CIP,19.0,710.0,37.36842105263158,10489.5,1
ASN-14835,Air,Uganda,MERCK SHARP & DOHME IDEA GMBH (FORMALLY MERCK SHARP & DOHME B.V.),CIP,35.0,886.0,25.314285714285713,19314.0,1
ASN-14843,Ocean,Haiti,MYLAN LABORATORIES LTD (FORMERLY MATRIX LABORATORIES),EXW,5438.0,23708.81,4.359840014711291,676377.0,1
ASN-1487,Air,Namibia,"Orgenics, Ltd",EXW,260.0,1496.76,5.756769230769231,20325.0,1
ASN-14873,Air,Côte d'Ivoire,"Orgenics, Ltd",EXW,1428.0,28142.92,19.707927170868345,240000.0,1
ASN-14875,Air,Vietnam,Aurobindo Pharma Limited,EXW,546.0,1340.23,2.4546336996336997,11858.6,1
ASN-14880,Air,Uganda,ASPEN PHARMACARE,DDP,57.0,548.2,9.617543859649123,20979.0,1
ASN-14884,Air,Malawi,"Orgenics, Ltd",EXW,30.0,1470.09,49.003,5280.0,1
ASN-14914,Air,Ethiopia,"SHANGHAI KEHUA BIOENGINEERING CO.,LTD.  (KHB)",EXW,970.0,9718.85,10.019432989690722,33369.0,1
ASN-14921,Air,Vietnam,ABBVIE LOGISTICS (FORMERLY ABBOTT LOGISTICS BV),FCA,164.0,742.1,4.525,6082.0,1
ASN-14924,Air,Ethiopia,"SHANGHAI KEHUA BIOENGINEERING CO.,LTD.  (KHB)",EXW,128.0,1584.09,12.375703125,4287.5,1
ASN-14933,Air,South Sudan,"Trinity Biotech, Plc",EXW,71.0,1743.35,24.554225352112674,5632.0,1
ASN-14950,Air,Haiti,CIPLA LIMITED,EXW,21.0,304.62,14.505714285714285,685.4,1
ASN-14951,Air,Haiti,CIPLA LIMITED,EXW,46.0,304.63,6.622391304347826,5356.8,1
ASN-14952,Air,Haiti,CIPLA LIMITED,EXW,26.0,304.63,11.71653846153846,775.2,1
ASN-14973,Air,Uganda,ASPEN PHARMACARE,DDP,43.0,199.0,4.627906976744186,9075.0,1
ASN-14979,Air,Burundi,"Orgenics, Ltd",EXW,577.0,14493.81,25.119254766031194,96000.0,1
ASN-14984,Air,South Sudan,"Orgenics, Ltd",EXW,181.0,4978.09,27.50325966850829,32689.0,1
ASN-14987,Air,Nigeria,IDA FOUNDATION,EXW,52.0,428.66,8.243461538461538,1836.0,1
ASN-15,Air,Côte d'Ivoire,Abbott GmbH & Co. KG,FCA,171.0,1275.12,7.456842105263157,40000.0,1
ASN-1503,Air,Guyana,"Orgenics, Ltd",EXW,55.0,1442.92,26.234909090909092,17277.6,1
ASN-15044,Air,Guyana,"Orgenics, Ltd",EXW,137.0,3825.21,27.92124087591241,30000.0,1
ASN-15046,Air,Côte d'Ivoire,"CHEMBIO DIAGNOSTIC SYSTEMS, INC.",EXW,939.0,8695.18,9.260042598509052,68759.0,1
ASN-15048,Air,"Congo, DRC","Trinity Biotech, Plc",EXW,132.0,1692.7,12.82348484848485,12800.0,1
ASN-15068,Air,Namibia,"Trinity Biotech, Plc",EXW,249.0,1640.99,6.590321285140562,13312.0,1
ASN-15069,Air,Namibia,"Orgenics, Ltd",EXW,19.0,718.32,37.806315789473686,5827.5,1
ASN-15070,Air,Pakistan,"Orgenics, Ltd",EXW,2134.0,32272.0,15.12277413308341,358720.0,1
ASN-15081,Air,Vietnam,ABBVIE LOGISTICS (FORMERLY ABBOTT LOGISTICS BV),FCA,467.0,1842.23,3.9448179871520344,116896.04,1
ASN-15131,Air,Nigeria,NOVARTIS PHARMA SERVICES AG,EXW,2006.0,12723.32,6.342632103688933,131510.4,1
ASN-15132,Air,Nigeria,NOVARTIS PHARMA SERVICES AG,EXW,1746.0,11216.78,6.424272623138603,132000.0,1
ASN-15140,Ocean,Rwanda,MYLAN LABORATORIES LTD (FORMERLY MATRIX LABORATORIES),EXW,5245.0,11186.24,2.1327435653002857,605969.0,1
ASN-15150,Air,Haiti,LAWRENCE LABORATORIES (SUBSIDIARY OF BRISTOL MYERS SQUIBB),FCA,26.0,575.17,22.121923076923075,840.0,1
ASN-15177,Air,Vietnam,LAWRENCE LABORATORIES (SUBSIDIARY OF BRISTOL MYERS SQUIBB),FCA,81.0,541.75,6.688271604938271,2100.0,1
ASN-1519,Air,Haiti,ABBVIE LOGISTICS (FORMERLY ABBOTT LOGISTICS BV),FCA,31.0,910.86,29.38258064516129,1850.4,1
ASN-15215,Air,Rwanda,ABBVIE LOGISTICS (FORMERLY ABBOTT LOGISTICS BV),FCA,186.0,2874.03,15.451774193548388,12143.25,1
ASN-15225,Air,Côte d'Ivoire,ABBVIE LOGISTICS (FORMERLY ABBOTT LOGISTICS BV),FCA,99.0,1462.71,14.774848484848485,5206.0,1
ASN-15231,Air,Rwanda,CIPLA LIMITED,EXW,1631.0,13116.57,8.042041692213365,38539.0,1
ASN-15232,Air,Rwanda,CIPLA LIMITED,CIP,49.0,221.96,4.5297959183673475,2466.24,1
ASN-15260,Air,Ethiopia,ABBVIE LOGISTICS (FORMERLY ABBOTT LOGISTICS BV),FCA,1050.0,4672.77,4.450257142857144,21574.0,1
ASN-15268,Ocean,Rwanda,CIPLA LIMITED,EXW,2995.0,20193.21,6.742307178631052,13720.0,1
ASN-15270,Air,Rwanda,Hoffmann-La Roche ltd Basel,FCA,27.0,2205.25,81.67592592592592,17410.04,1
ASN-15272,Air,Uganda,ASPEN PHARMACARE,DDP,35.0,251.52,7.186285714285715,11521.8,1
ASN-15274,Air,Zambia,CIPLA LIMITED,EXW,5999.0,25383.34,4.231261876979497,301000.0,1
ASN-15275,Air,Rwanda,Aurobindo Pharma Limited,EXW,114.0,4822.01,42.29833333333333,29340.0,1
ASN-15286,Air,Rwanda,CIPLA LIMITED,EXW,627.0,6072.8,9.68548644338118,74746.96,1
ASN-15287,Air,Rwanda,CIPLA LIMITED,EXW,1514.0,6072.8,4.0110964332893,35632.0,1
ASN-15288,Air,Rwanda,Aurobindo Pharma Limited,EXW,2145.0,17858.68,8.325724941724943,52875.0,1
ASN-15289,Air,Rwanda,ABBVIE LOGISTICS (FORMERLY ABBOTT LOGISTICS BV),FCA,253.0,2455.7,9.706324110671936,7859.1,1
ASN-15302,Air,Malawi,"Orgenics, Ltd",EXW,114.0,3278.11,28.755350877192985,19680.0,1
ASN-15308,Air,Malawi,"Trinity Biotech, Plc",EXW,86.0,3133.86,36.440232558139535,7872.0,1
ASN-15328,Air,Rwanda,CIPLA LIMITED,CIP,6490.0,3010.89,0.4639275808936826,33120.75,1
ASN-15329,Air,Rwanda,CIPLA LIMITED,CIP,50.0,3011.72,60.234399999999994,2466.24,1
ASN-15367,Air,Kenya,"Orgenics, Ltd",EXW,1378.0,14842.19,10.770820029027577,711911.0,1
ASN-15368,Air,Kenya,"Orgenics, Ltd",EXW,985.0,11034.01,11.202040609137056,89.0,1
ASN-15379,Air,Rwanda,HETERO LABS LIMITED,EXW,3204.0,19625.64,6.125355805243445,130361.4,1
ASN-15388,Air,Vietnam,ABBVIE LOGISTICS (FORMERLY ABBOTT LOGISTICS BV),FCA,1724.0,5248.47,3.0443561484918793,430483.96,1
ASN-15396,Air,"Congo, DRC","Orgenics, Ltd",EXW,47.0,4449.1,94.66170212765958,7157.92,1
ASN-15398,Air,Côte d'Ivoire,"Orgenics, Ltd",EXW,2995.0,57933.93,19.343549248747912,503200.0,1
ASN-15399,Air,Tanzania,"Orgenics, Ltd",EXW,662.0,12035.47,18.180468277945618,110960.0,1
ASN-15425,Air,Uganda,ASPEN PHARMACARE,DDP,49.0,475.0,9.693877551020408,11250.0,1
ASN-15426,Air,Uganda,ASPEN PHARMACARE,DDP,47.0,449.0,9.553191489361701,10800.0,1
ASN-15427,Air,Uganda,Aurobindo Pharma Limited,EXW,1770.0,7651.56,4.322915254237288,70097.8,1
ASN-15428,Air,Uganda,Aurobindo Pharma Limited,EXW,4668.0,20869.6,4.470779777206512,184902.2,1
ASN-15429,Air,Uganda,Aurobindo Pharma Limited,EXW,2145.0,8143.97,3.7967226107226106,52875.0,1
ASN-1543,Air,Uganda,"CHEMBIO DIAGNOSTIC SYSTEMS, INC.",EXW,483.0,4193.88,8.682981366459627,34425.0,1
ASN-15430,Air,Uganda,Aurobindo Pharma Limited,EXW,2709.0,11409.29,4.211624215577705,272314.5,1
ASN-15431,Air,Uganda,Aurobindo Pharma Limited,EXW,3888.0,17405.65,4.476761831275721,390685.5,1
ASN-15433,Air,Haiti,MERCK SHARP & DOHME IDEA GMBH (FORMALLY MERCK SHARP & DOHME B.V.),CIP,1979.0,853.07,0.4310611419909045,113716.8,1
ASN-15442,Air,Rwanda,HETERO LABS LIMITED,EXW,262.0,3840.85,14.659732824427481,10734.99,1
ASN-15443,Air,Rwanda,HETERO LABS LIMITED,EXW,1751.0,13244.8,7.564134780125642,72720.9,1
ASN-15468,Air,Uganda,HETERO LABS LIMITED,EXW,3528.0,16938.13,4.801057256235828,143418.6,1
ASN-15470,Air,"Congo, DRC",AMSTELFARMA B.V.,EXW,488.0,7393.13,15.14985655737705,15230.6,1
ASN-15475,Air,Zimbabwe,"Orgenics, Ltd",EXW,2124.0,40520.83,19.077603578154427,344720.0,1
ASN-15492,Ocean,Rwanda,HETERO LABS LIMITED,EXW,1619.0,9054.61,5.592717726991971,72720.9,1
ASN-1550,Air,Côte d'Ivoire,BIO-RAD LABORATORIES (FRANCE),EXW,522.0,6924.83,13.26595785440613,36176.0,1
ASN-15514,Air,Uganda,HETERO LABS LIMITED,EXW,12945.0,48653.36,3.7584673619157978,576720.0,1
ASN-1552,Air,Nigeria,"Orgenics, Ltd",EXW,64.0,1629.0,25.453125,22797.15,1
ASN-15536,Air,Haiti,"SHANGHAI KEHUA BIOENGINEERING CO.,LTD.  (KHB)",EXW,434.0,4209.61,9.699562211981567,14700.0,1
ASN-15537,Air,Ethiopia,"Trinity Biotech, Plc",EXW,61.0,925.05,15.164754098360655,5344.0,1
ASN-15539,Air,Ethiopia,"Trinity Biotech, Plc",EXW,10.0,512.31,51.230999999999995,864.0,1
ASN-15554,Air,Rwanda,HETERO LABS LIMITED,EXW,9117.0,98763.02,10.832841943621807,380098.70999999996,1
ASN-15571,Ocean,Haiti,MYLAN LABORATORIES LTD (FORMERLY MATRIX LABORATORIES),EXW,4654.0,8538.03,1.8345573700042974,511334.6,1
ASN-15616,Air,Haiti,STRIDES ARCOLAB LIMITED,EXW,20.0,950.05,47.5025,1121.28,1
ASN-15626,Air,Rwanda,HETERO LABS LIMITED,EXW,4574.0,45060.6,9.85146480104941,195455.95,1
ASN-1563,Air,Côte d'Ivoire,"Orgenics, Ltd",EXW,255.0,5303.05,20.796274509803922,78120.0,1
ASN-15640,Air,Côte d'Ivoire,"CHEMBIO DIAGNOSTIC SYSTEMS, INC.",EXW,622.0,7727.12,12.423022508038585,62495.0,1
ASN-15643,Air,Swaziland,"Orgenics, Ltd",EXW,69.0,1626.1,23.566666666666666,10800.0,1
ASN-15667,Air,Kenya,"Orgenics, Ltd",EXW,1022.0,15120.61,14.795117416829747,528482.0,1
ASN-15668,Air,Kenya,"Orgenics, Ltd",EXW,1139.0,11827.07,10.383731343283582,589002.0,1
ASN-15669,Air,Kenya,"Orgenics, Ltd",EXW,1445.0,10719.64,7.418435986159169,395160.0,1
ASN-15670,Air,Kenya,"Orgenics, Ltd",EXW,1413.0,15387.63,10.89004246284501,356.0,1
ASN-15698,Air,Nigeria,"Orgenics, Ltd",EXW,1533.0,35813.98,23.36202217873451,284800.0,1
ASN-15699,Air,Mozambique,"Orgenics, Ltd",EXW,2384.0,43848.04,18.39263422818792,400000.0,1
ASN-15704,Air,Ethiopia,"SHANGHAI KEHUA BIOENGINEERING CO.,LTD.  (KHB)",EXW,125.0,1472.03,11.77624,4287.5,1
ASN-15705,Air,Ethiopia,"SHANGHAI KEHUA BIOENGINEERING CO.,LTD.  (KHB)",EXW,950.0,8859.91,9.32622105263158,33369.0,1
ASN-15720,Air,South Sudan,"Trinity Biotech, Plc",EXW,262.0,4669.02,17.820687022900763,23968.0,1
ASN-15729,Air,Rwanda,MYLAN LABORATORIES LTD (FORMERLY MATRIX LABORATORIES),EXW,4810.0,27894.81,5.799336798336799,581159.7,1
ASN-15733,Air,Kenya,"Trinity Biotech, Plc",EXW,6568.0,41300.11,6.288080085261876,640000.0,1
ASN-15742,Air,Rwanda,Aurobindo Pharma Limited,EXW,3114.0,18779.99,6.0308253050738605,256113.0,1
ASN-15743,Air,Zambia,"Trinity Biotech, Plc",EXW,2391.0,25818.23,10.798088665830196,232960.0,1
ASN-15749,Air,Mozambique,"Orgenics, Ltd",EXW,2862.0,52239.49,18.25279175401817,480000.0,1
ASN-1576,Air,Zambia,"Orgenics, Ltd",EXW,455.0,4113.16,9.039912087912088,143980.0,1
ASN-15765,Air,Rwanda,MYLAN LABORATORIES LTD (FORMERLY MATRIX LABORATORIES),EXW,10818.0,119695.66,11.064490663708634,683543.76,1
ASN-15775,Air,Uganda,HETERO LABS LIMITED,EXW,7549.0,26095.99,3.4568803815074847,320738.4,1
ASN-15777,Air,Vietnam,Aurobindo Pharma Limited,EXW,58.0,755.03,13.017758620689655,315.0,1
ASN-15787,Air,Haiti,SYSMEX AMERICA INC,FCA,24.0,4059.85,169.16041666666666,1596.24,1
ASN-15789,Ocean,Haiti,HETERO LABS LIMITED,EXW,2122.0,9272.18,4.369547596606974,100857.6,1
ASN-15792,Air,Haiti,Aurobindo Pharma Limited,EXW,106.0,1615.07,15.236509433962263,3951.36,1
ASN-15795,Air,Vietnam,Aurobindo Pharma Limited,EXW,436.0,1238.16,2.839816513761468,14455.0,1
ASN-15819,Air,Cameroon,Orasure Technologies Inc.,EXW,72.0,1765.54,24.52138888888889,10500.0,1
ASN-15834,Air,Ethiopia,"Trinity Biotech, Plc",EXW,60.0,911.32,15.188666666666668,5344.0,1
ASN-15835,Air,Ethiopia,"Trinity Biotech, Plc",EXW,10.0,490.23,49.023,864.0,1
ASN-15840,Air,Haiti,Aurobindo Pharma Limited,EXW,6.0,941.74,156.95666666666668,126.0,1
ASN-15869,Air,"Congo, DRC","Orgenics, Ltd",EXW,96.0,1906.7,19.861458333333335,14608.0,1
ASN-15880,Ocean,Rwanda,MYLAN LABORATORIES LTD (FORMERLY MATRIX LABORATORIES),EXW,10116.0,24250.15,2.3972073942269674,683543.76,1
ASN-15893,Air,Rwanda,Aurobindo Pharma Limited,EXW,5551.0,49069.74,8.839801837506755,131026.5,1
ASN-15894,Air,Rwanda,Aurobindo Pharma Limited,EXW,5525.0,43237.33,7.825761085972851,130412.25,1
ASN-15895,Air,Rwanda,Aurobindo Pharma Limited,EXW,2520.0,25593.87,10.156297619047619,59492.25,1
ASN-15896,Air,Rwanda,Aurobindo Pharma Limited,EXW,5468.0,48501.5,8.870062179956108,129069.0,1
ASN-1591,Air,Ethiopia,"SHANGHAI KEHUA BIOENGINEERING CO.,LTD.  (KHB)",EXW,754.0,6267.38,8.312175066312998,24012.0,1
ASN-1592,Air,Nigeria,"CHEMBIO DIAGNOSTIC SYSTEMS, INC.",EXW,2502.0,15636.7,6.249680255795364,208413.0,1
ASN-15931,Air,Mali,Orasure Technologies Inc.,EXW,12.0,1840.97,153.41416666666666,2000.0,1
ASN-1594,Air,Rwanda,CIPLA LIMITED,CIP,3656.0,10500.0,2.8719912472647704,242032.0,1
ASN-15941,Air,Rwanda,Aurobindo Pharma Limited,EXW,213.0,3024.36,14.19887323943662,54720.0,1
ASN-1595,Air,Rwanda,CIPLA LIMITED,CIP,4124.0,10500.0,2.5460717749757515,271488.0,1
ASN-15953,Air,Nigeria,"Orgenics, Ltd",EXW,3886.0,86928.23,22.369590838908902,725261.0,1
ASN-1596,Air,Rwanda,CIPLA LIMITED,CIP,1766.0,10500.0,5.94563986409966,116480.0,1
ASN-15970,Air,"Congo, DRC","Trinity Biotech, Plc",EXW,99.0,2162.55,21.843939393939397,9344.0,1
ASN-1598,Air,Côte d'Ivoire,BIO-RAD LABORATORIES (FRANCE),EXW,366.0,7915.98,21.628360655737705,25156.0,1
ASN-15983,Air,Botswana,"Trinity Biotech, Plc",EXW,1315.0,13179.8,10.022661596958175,128000.0,1
ASN-15985,Air,South Sudan,"Orgenics, Ltd",EXW,351.0,6445.68,18.363760683760685,64463.0,1
ASN-15986,Air,"Congo, DRC","Orgenics, Ltd",EXW,746.0,13037.01,17.47588471849866,120400.0,1
ASN-15987,Air,Zimbabwe,"Orgenics, Ltd",EXW,2486.0,46552.3,18.725784392598552,430100.0,1
ASN-16,Air,Côte d'Ivoire,BIO-RAD LABORATORIES (FRANCE),EXW,107.0,1845.74,17.249906542056074,7535.0,1
ASN-16006,Air,Uganda,MYLAN LABORATORIES LTD (FORMERLY MATRIX LABORATORIES),EXW,24556.0,146850.66,5.980235380355107,2458453.58,1
ASN-16020,Air,Vietnam,ABBVIE LOGISTICS (FORMERLY ABBOTT LOGISTICS BV),FCA,34.0,404.78,11.905294117647058,7582.76,1
ASN-16021,Air,Vietnam,ABBVIE LOGISTICS (FORMERLY ABBOTT LOGISTICS BV),FCA,275.0,1015.98,3.694472727272727,18246.0,1
ASN-16036,Air,Tanzania,Aurobindo Pharma Limited,EXW,3267.0,13180.76,4.034514845423937,268761.35,1
ASN-16037,Air,Tanzania,Aurobindo Pharma Limited,EXW,4611.0,21225.33,4.603194534808068,379314.65,1
ASN-16038,Air,Tanzania,Aurobindo Pharma Limited,EXW,3421.0,15241.75,4.455349313066355,281424.0,1
ASN-16044,Air,Botswana,"SHANGHAI KEHUA BIOENGINEERING CO.,LTD.  (KHB)",EXW,1111.0,8542.94,7.6894149414941495,39200.0,1
ASN-16055,Air,Vietnam,ABBVIE LOGISTICS (FORMERLY ABBOTT LOGISTICS BV),FCA,21.0,583.66,27.793333333333333,4047.24,1
ASN-1608,Air,Botswana,"Orgenics, Ltd",EXW,46.0,1028.18,22.351739130434783,14398.0,1
ASN-16096,Air,Mozambique,"Orgenics, Ltd",EXW,14938.0,43304.68,2.898961038961039,440000.0,1
ASN-16098,Air,Haiti,CIPLA LIMITED,EXW,173.0,1312.75,7.588150289017341,17220.0,1
ASN-161,Air,Zambia,Abbott GmbH & Co. KG,EXW,857354.0,5157.65,0.006015776447068538,200000.0,1
ASN-1610,Air,Haiti,"Orgenics, Ltd",EXW,164.0,1802.14,10.988658536585367,63985.0,1
ASN-16107,Air,Cameroon,"Orgenics, Ltd",EXW,22.0,1243.98,56.54454545454546,8908.0,1
ASN-1611,Air,Uganda,"Orgenics, Ltd",EXW,194.0,2642.45,13.620876288659792,61191.5,1
ASN-1612,Air,Guyana,"Trinity Biotech, Plc",EXW,832.0,3740.04,4.495240384615385,26624.0,1
ASN-16123,Air,Vietnam,MYLAN LABORATORIES LTD (FORMERLY MATRIX LABORATORIES),EXW,4587.0,11252.53,2.453134946588184,311394.83999999997,1
ASN-16124,Air,Vietnam,MYLAN LABORATORIES LTD (FORMERLY MATRIX LABORATORIES),EXW,2951.0,7211.04,2.4435920027109455,200010.15999999997,1
ASN-1613,Air,Guyana,"Trinity Biotech, Plc",EXW,748.0,3740.04,5.000053475935829,23936.0,1
ASN-16132,Air,Nigeria,"Trinity Biotech, Plc",EXW,2607.0,28595.45,10.968718833908708,256576.0,1
ASN-16134,Air,Ethiopia,"CHEMBIO DIAGNOSTIC SYSTEMS, INC.",EXW,15.0,218.75,14.583333333333334,1276.0,1
ASN-16135,Air,Ethiopia,"CHEMBIO DIAGNOSTIC SYSTEMS, INC.",EXW,128.0,810.96,6.335625,9860.0,1
ASN-16137,Air,Vietnam,HETERO LABS LIMITED,EXW,675.0,1587.92,2.3524740740740744,59364.0,1
ASN-1614,Air,Uganda,"Trinity Biotech, Plc",EXW,85.0,1253.98,14.752705882352942,2720.0,1
ASN-16141,Air,Vietnam,HETERO LABS LIMITED,EXW,544.0,1454.64,2.6739705882352944,20005.38,1
ASN-16145,Air,Vietnam,HETERO LABS LIMITED,EXW,425.0,1032.12,2.4285176470588232,14944.62,1
ASN-16178,Air,Vietnam,HETERO LABS LIMITED,EXW,1496.0,2480.22,1.6579010695187164,131886.0,1
ASN-1618,Air,Uganda,"Orgenics, Ltd",EXW,56.0,360.0,6.428571428571429,8.5,1
ASN-1619,Air,Zambia,"Trinity Biotech, Plc",EXW,2052.0,24689.0,12.03167641325536,193280.0,1
ASN-162,Air,Haiti,Abbott GmbH & Co. KG,EXW,256.0,1760.32,6.87625,60000.0,1
ASN-16201,Air,Ethiopia,"SHANGHAI KEHUA BIOENGINEERING CO.,LTD.  (KHB)",EXW,17367.0,161962.32,9.325866298151668,612598.0,1
ASN-16202,Air,Zimbabwe,BIOLYTICAL LABORATORIES INC.,EXW,613.0,8434.27,13.759004893964113,29065.0,1
ASN-16217,Air,Tanzania,Aurobindo Pharma Limited,EXW,5578.0,18826.62,3.375155969881678,214434.0,1
ASN-16218,Air,Tanzania,Aurobindo Pharma Limited,EXW,5215.0,20136.28,3.8612233940556084,200498.1,1
ASN-16219,Air,Tanzania,Aurobindo Pharma Limited,EXW,2210.0,9452.02,4.276932126696833,84945.3,1
ASN-16267,Ocean,Zimbabwe,Aurobindo Pharma Limited,EXW,3868.0,16210.31,4.190876421923474,341700.0,1
ASN-16286,Air,Haiti,Aurobindo Pharma Limited,EXW,1296.0,9230.19,7.122060185185186,6526.8,1
ASN-16315,Air,Nigeria,MYLAN LABORATORIES LTD (FORMERLY MATRIX LABORATORIES),EXW,1360.0,7665.38,5.636308823529411,228375.0,1
ASN-16318,Air,Uganda,MYLAN LABORATORIES LTD (FORMERLY MATRIX LABORATORIES),EXW,195.0,3387.72,17.372923076923076,35055.0,1
ASN-16320,Air,Uganda,MYLAN LABORATORIES LTD (FORMERLY MATRIX LABORATORIES),EXW,173.0,935.89,5.4097687861271675,28395.0,1
ASN-16323,Air,South Sudan,"Trinity Biotech, Plc",EXW,15.0,870.22,58.01466666666667,1504.0,1
ASN-16343,Air,Haiti,Aurobindo Pharma Limited,EXW,4.0,970.79,242.6975,960.0,1
ASN-16346,Air,Haiti,Aurobindo Pharma Limited,EXW,156.0,1887.58,12.099871794871794,3613.75,1
ASN-16350,Air,Guyana,"CHEMBIO DIAGNOSTIC SYSTEMS, INC.",EXW,5.0,296.52,59.303999999999995,551.0,1
ASN-16362,Air,Vietnam,HETERO LABS LIMITED,EXW,1616.0,3147.88,1.9479455445544556,58031.4,1
ASN-16382,Air,Vietnam,HETERO LABS LIMITED,EXW,2162.0,3324.85,1.5378584643848288,78468.6,1
ASN-16410,Air,Guyana,"Trinity Biotech, Plc",EXW,876.0,8969.97,10.239691780821918,88608.0,1
ASN-16417,Air,Zimbabwe,ABBVIE LOGISTICS (FORMERLY ABBOTT LOGISTICS BV),FCA,1374.0,15593.13,11.348711790393013,46230.0,1
ASN-16418,Air,Zimbabwe,ABBVIE LOGISTICS (FORMERLY ABBOTT LOGISTICS BV),FCA,1374.0,15504.4,11.284133915574964,46230.0,1
ASN-16454,Air,Mali,"Orgenics, Ltd",EXW,84.0,3252.26,38.71738095238096,14720.0,1
ASN-16470,Air,Tanzania,HETERO LABS LIMITED,EXW,10579.0,41585.93,3.930988751299745,474020.88,1
ASN-16472,Ocean,Haiti,MYLAN LABORATORIES LTD (FORMERLY MATRIX LABORATORIES),EXW,4726.0,7208.11,1.525203131612357,351677.94,1
ASN-16480,Air,Mozambique,"Trinity Biotech, Plc",EXW,149.0,3165.69,21.246241610738256,13664.0,1
ASN-16493,Air,Zambia,"Trinity Biotech, Plc",EXW,1213.0,15504.42,12.781879637262984,116480.0,1
ASN-16494,Air,Kenya,"Trinity Biotech, Plc",EXW,4956.0,36219.03,7.3081174334140435,480000.0,1
ASN-1650,Air,Mozambique,"Orgenics, Ltd",EXW,965.0,7781.88,8.064124352331607,302358.0,1
ASN-16513,Air,Mali,"Orgenics, Ltd",EXW,40.0,1333.4,33.335,8265.0,1
ASN-16560,Ocean,Haiti,Aurobindo Pharma Limited,EXW,6433.0,7727.85,1.201282449867869,420208.8,1
ASN-16561,Air,Guyana,Aurobindo Pharma Limited,EXW,243.0,2492.47,10.25707818930041,22896.0,1
ASN-16575,Air,Uganda,MERCK SHARP & DOHME IDEA GMBH (FORMALLY MERCK SHARP & DOHME B.V.),CIP,39.0,433.0,11.102564102564102,21645.0,1
ASN-16583,Air,Guyana,"Orgenics, Ltd",EXW,272.0,8128.95,29.885845588235295,56400.0,1
ASN-16585,Air,Swaziland,"Trinity Biotech, Plc",EXW,54.0,752.58,13.936666666666667,4800.0,1
ASN-16590,Air,Rwanda,HETERO LABS LIMITED,EXW,4479.0,36677.08,8.188676043759768,175600.0,1
ASN-1660,Air,Lesotho,Orasure Technologies Inc.,EXW,17.0,587.63,34.56647058823529,2450.0,1
ASN-16600,Air,Côte d'Ivoire,"CHEMBIO DIAGNOSTIC SYSTEMS, INC.",EXW,1056.0,12363.35,11.707717803030304,106662.0,1
ASN-16603,Air,Nigeria,"CHEMBIO DIAGNOSTIC SYSTEMS, INC.",EXW,972.0,6418.11,6.6029938271604935,98629.0,1
ASN-16610,Ocean,Rwanda,HETERO LABS LIMITED,EXW,6589.0,17075.43,2.5915055395355897,278369.9,1
ASN-16634,Air,Mozambique,"Orgenics, Ltd",EXW,41.0,1001.02,24.41512195121951,16587.25,1
ASN-16682,Air,Haiti,MERCK SHARP & DOHME IDEA GMBH (FORMALLY MERCK SHARP & DOHME B.V.),CIP,687.0,5293.76,7.705618631732169,38923.2,1
ASN-1669,Air,Côte d'Ivoire,"Orgenics, Ltd",EXW,57.0,1796.68,31.520701754385968,17997.5,1
ASN-16720,Air,Zambia,"Orgenics, Ltd",EXW,1907.0,34940.02,18.321982170949134,320320.0,1
ASN-16723,Air,Côte d'Ivoire,"Orgenics, Ltd",EXW,1473.0,29742.64,20.191880515953834,248000.0,1
ASN-16730,Air,South Sudan,"Orgenics, Ltd",EXW,201.0,5124.22,25.49363184079602,36539.0,1
ASN-16778,Air,Uganda,ASPEN PHARMACARE,DAP,24.0,330.0,13.75,3996.0,1
ASN-16786,Air,South Sudan,"Trinity Biotech, Plc",EXW,209.0,3088.04,14.775311004784689,19104.0,1
ASN-16792,Ocean,Rwanda,MICRO LABS LIMITED,EXW,15683.0,36173.15,2.3065197985079386,388550.5,1
ASN-16852,Air,South Sudan,"Orgenics, Ltd",EXW,331.0,7539.52,22.778006042296074,61846.0,1
ASN-16853,Air,Zambia,"Orgenics, Ltd",EXW,3896.0,69016.63,17.714740759753596,656000.0,1
ASN-16866,Air,Haiti,LAWRENCE LABORATORIES (SUBSIDIARY OF BRISTOL MYERS SQUIBB),FCA,22.0,1662.72,75.57818181818182,1233.82,1
ASN-16882,Air,Cameroon,CIPLA LIMITED,EXW,8297.0,60840.32,7.332809449198505,520773.03,1
ASN-16887,Air,Ethiopia,"SHANGHAI KEHUA BIOENGINEERING CO.,LTD.  (KHB)",EXW,13749.0,152368.7,11.082165975707325,551176.5,1
ASN-16895,Air,Uganda,MYLAN LABORATORIES LTD (FORMERLY MATRIX LABORATORIES),EXW,22.0,1051.5,47.79545454545455,3825.0,1
ASN-16907,Air,Tanzania,"Orgenics, Ltd",EXW,3803.0,64075.1,16.848566920851958,640000.0,1
ASN-16908,Air,Zambia,"Orgenics, Ltd",EXW,1428.0,25760.94,18.03987394957983,240000.0,1
ASN-16909,Air,Nigeria,"Orgenics, Ltd",EXW,1352.0,30726.22,22.726494082840237,252315.0,1
ASN-1691,Air,Vietnam,MYLAN LABORATORIES LTD (FORMERLY MATRIX LABORATORIES),EXW,122.0,2864.44,23.479016393442624,27538.56,1
ASN-16913,Air,Zimbabwe,ABBVIE LOGISTICS (FORMERLY ABBOTT LOGISTICS BV),FCA,1309.0,15578.89,11.901367456073338,42038.48,1
ASN-16914,Air,Vietnam,CIPLA LIMITED,EXW,34.0,807.47,23.749117647058824,3465.0,1
ASN-16915,Air,Vietnam,CIPLA LIMITED,EXW,96.0,678.83,7.0711458333333335,9735.0,1
ASN-16927,Air,Nigeria,"Orgenics, Ltd",EXW,1352.0,30726.22,22.726494082840237,252315.0,1
ASN-16928,Air,Nigeria,"Orgenics, Ltd",EXW,1352.0,31284.02,23.13906804733728,252315.0,1
ASN-16929,Air,Nigeria,"Orgenics, Ltd",EXW,1426.0,33279.83,23.337889200561012,266644.0,1
ASN-16930,Air,Nigeria,"Orgenics, Ltd",EXW,295.0,7444.13,25.234338983050847,54646.0,1
ASN-16935,Air,Guyana,"Trinity Biotech, Plc",EXW,149.0,2115.21,14.196040268456375,14752.0,1
ASN-16937,Air,Mozambique,"Trinity Biotech, Plc",EXW,8.0,558.46,69.8075,736.0,1
ASN-16964,Air,Vietnam,MYLAN LABORATORIES LTD (FORMERLY MATRIX LABORATORIES),EXW,4233.0,6878.63,1.6250011811953697,520000.0,1
ASN-16986,Air,Guyana,ABBVIE LOGISTICS (FORMERLY ABBOTT LOGISTICS BV),FCA,52.0,1097.08,21.097692307692306,1277.22,1
ASN-170,Air,Rwanda,Premier Medical Corporation Ltd.,EXW,600.0,5714.31,9.523850000000001,42000.0,1
ASN-17003,Air,Côte d'Ivoire,MYLAN LABORATORIES LTD (FORMERLY MATRIX LABORATORIES),EXW,117.0,1766.57,15.098888888888888,21127.5,1
ASN-17004,Air,Rwanda,Aurobindo Pharma Limited,EXW,131.0,2004.44,15.301068702290078,33600.0,1
ASN-17018,Air,Vietnam,ABBVIE LOGISTICS (FORMERLY ABBOTT LOGISTICS BV),FCA,824.0,3216.15,3.9030946601941747,231845.84,1
ASN-17019,Air,Vietnam,ABBVIE LOGISTICS (FORMERLY ABBOTT LOGISTICS BV),FCA,18.0,612.07,34.003888888888895,1581.84,1
ASN-17020,Air,Vietnam,ABBVIE LOGISTICS (FORMERLY ABBOTT LOGISTICS BV),FCA,53.0,439.17,8.28622641509434,6023.16,1
ASN-17021,Air,Vietnam,ABBVIE LOGISTICS (FORMERLY ABBOTT LOGISTICS BV),FCA,1138.0,3622.58,3.183286467486819,315534.16,1
ASN-17075,Air,Vietnam,Aurobindo Pharma Limited,EXW,5939.0,10770.55,1.8135292136723353,373556.1,1
ASN-17077,Air,Vietnam,Aurobindo Pharma Limited,EXW,2998.0,4531.29,1.511437625083389,158078.4,1
ASN-17081,Air,Tanzania,"Orgenics, Ltd",EXW,1303.0,22223.94,17.055978511128163,219520.0,1
ASN-17082,Air,Tanzania,"Orgenics, Ltd",EXW,1303.0,22223.95,17.05598618572525,219520.0,1
ASN-17083,Air,Tanzania,"Orgenics, Ltd",EXW,1303.0,22158.58,17.00581734458941,219520.0,1
ASN-17084,Air,Tanzania,"Orgenics, Ltd",EXW,1303.0,22617.38,17.357927858787413,219520.0,1
ASN-17085,Air,Tanzania,"Orgenics, Ltd",EXW,1303.0,22317.25,17.12759017651573,219520.0,1
ASN-17086,Air,Tanzania,"Orgenics, Ltd",EXW,405.0,7765.61,19.174345679012344,67200.0,1
ASN-17087,Air,Guyana,"Orgenics, Ltd",EXW,41.0,1182.5,28.841463414634145,9000.0,1
ASN-17088,Air,Mozambique,"Orgenics, Ltd",EXW,16.0,467.26,29.20375,6249.15,1
ASN-17092,Air,Cameroon,HETERO LABS LIMITED,EXW,4289.0,30395.15,7.086768477500583,179959.68,1
ASN-17103,Air,Guyana,"CHEMBIO DIAGNOSTIC SYSTEMS, INC.",EXW,2.0,297.0,148.5,174.0,1
ASN-17119,Air,Nigeria,NOVARTIS PHARMA SERVICES AG,EXW,1725.0,11954.71,6.930266666666666,105000.0,1
ASN-17165,Air,Nigeria,"Orgenics, Ltd",EXW,542.0,13117.86,24.20269372693727,101371.0,1
ASN-17166,Air,Nigeria,"Orgenics, Ltd",EXW,1303.0,28734.43,22.052517267843438,244216.0,1
ASN-17167,Air,Nigeria,"Orgenics, Ltd",EXW,1303.0,28734.43,22.052517267843438,244216.0,1
ASN-17168,Air,Nigeria,"Orgenics, Ltd",EXW,1303.0,28734.43,22.052517267843438,244216.0,1
ASN-17169,Air,Nigeria,"Orgenics, Ltd",EXW,1303.0,29251.24,22.449148119723716,244216.0,1
ASN-17176,Air,Vietnam,HETERO LABS LIMITED,EXW,941.0,1934.17,2.055441020191286,76885.14,1
ASN-17177,Air,Vietnam,HETERO LABS LIMITED,EXW,1364.0,2348.57,1.721825513196481,113014.86,1
ASN-1721,Air,Botswana,"Trinity Biotech, Plc",EXW,154.0,2496.62,16.21181818181818,14400.0,1
ASN-17229,Air,Tanzania,ABBVIE LOGISTICS (FORMERLY ABBOTT LOGISTICS BV),FCA,116.0,1818.56,15.677241379310344,2095.76,1
ASN-17258,Air,Zimbabwe,ABBVIE LOGISTICS (FORMERLY ABBOTT LOGISTICS BV),FCA,1374.0,21730.49,15.815494905385735,46230.0,1
ASN-17261,Air,Cameroon,MYLAN LABORATORIES LTD (FORMERLY MATRIX LABORATORIES),EXW,3176.0,27939.91,8.79720088161209,314185.96,1
ASN-17262,Air,Vietnam,MYLAN LABORATORIES LTD (FORMERLY MATRIX LABORATORIES),EXW,678.0,2148.1,3.1682890855457226,43608.2,1
ASN-17272,Air,Nigeria,MYLAN LABORATORIES LTD (FORMERLY MATRIX LABORATORIES),EXW,5059.0,25732.17,5.0864143111286815,853357.5,1
ASN-17278,Air,Tanzania,"Trinity Biotech, Plc",EXW,125.0,1908.34,15.26672,12256.0,1
ASN-17281,Air,Haiti,"Orgenics, Ltd",EXW,714.0,11293.85,15.817717086834735,150000.0,1
ASN-17287,Air,Uganda,MERCK SHARP & DOHME IDEA GMBH (FORMALLY MERCK SHARP & DOHME B.V.),CIP,92.0,1114.0,12.108695652173912,42957.0,1
ASN-17316,Air,Nigeria,"Trinity Biotech, Plc",EXW,1990.0,22859.07,11.48696984924623,193344.0,1
ASN-17317,Air,Nigeria,"Trinity Biotech, Plc",EXW,1990.0,23396.04,11.756804020100503,193344.0,1
ASN-17354,Air,Côte d'Ivoire,Aurobindo Pharma Limited,EXW,338.0,3845.67,11.377721893491124,33248.8,1
ASN-17400,Air,Vietnam,Aurobindo Pharma Limited,EXW,1304.0,2220.86,1.7031134969325155,31623.75,1
ASN-17428,Air,Vietnam,Aurobindo Pharma Limited,EXW,1479.0,5180.86,3.502947937795808,35876.25,1
ASN-17429,Air,Vietnam,MYLAN LABORATORIES LTD (FORMERLY MATRIX LABORATORIES),EXW,7500.0,19116.64,2.5488853333333332,560520.51,1
ASN-17430,Air,Uganda,ASPEN PHARMACARE,DAP,94.0,1061.0,11.287234042553191,39960.0,1
ASN-1746,Air,Mozambique,"Orgenics, Ltd",EXW,682.0,5298.9,7.769648093841642,215970.0,1
ASN-17463,Air,Tanzania,"Orgenics, Ltd",EXW,678.0,12950.74,19.101386430678467,125440.0,1
ASN-17464,Air,Tanzania,"Orgenics, Ltd",EXW,980.0,18638.44,19.01881632653061,181120.0,1
ASN-17465,Air,Tanzania,"Orgenics, Ltd",EXW,1186.0,22067.21,18.60641652613828,219520.0,1
ASN-17466,Air,Tanzania,"Orgenics, Ltd",EXW,1016.0,19026.72,18.727086614173228,188160.0,1
ASN-17467,Air,Tanzania,"Orgenics, Ltd",EXW,1016.0,19026.72,18.727086614173228,188160.0,1
ASN-17469,Air,Tanzania,"Orgenics, Ltd",EXW,362.0,7060.97,19.505441988950277,60960.0,1
ASN-17492,Air,Haiti,Aurobindo Pharma Limited,EXW,118.0,1442.83,12.227372881355931,11573.6,1
ASN-17494,Air,Rwanda,HETERO LABS LIMITED,EXW,55.0,1276.53,23.209636363636363,2520.0,1
ASN-17513,Air,Vietnam,MYLAN LABORATORIES LTD (FORMERLY MATRIX LABORATORIES),EXW,2641.0,4503.42,1.7051950018932223,278779.49,1
ASN-17523,Air,Nigeria,"Orgenics, Ltd",EXW,350.0,8363.61,23.896028571428573,70488.0,1
ASN-17524,Air,Nigeria,"Orgenics, Ltd",EXW,1186.0,24927.19,21.017866779089374,244216.0,1
ASN-17525,Air,Nigeria,"Orgenics, Ltd",EXW,1186.0,24927.19,21.017866779089374,244216.0,1
ASN-17526,Air,Nigeria,"Orgenics, Ltd",EXW,1186.0,24927.19,21.017866779089374,244216.0,1
ASN-17527,Air,Nigeria,"Orgenics, Ltd",EXW,1186.0,24927.19,21.017866779089374,244216.0,1
ASN-17528,Air,Nigeria,"Orgenics, Ltd",EXW,1186.0,24927.19,21.017866779089374,244216.0,1
ASN-17529,Air,Nigeria,"Orgenics, Ltd",EXW,1186.0,24927.19,21.017866779089374,244216.0,1
ASN-1753,Air,Vietnam,MYLAN LABORATORIES LTD (FORMERLY MATRIX LABORATORIES),EXW,654.0,4051.34,6.194709480122325,96432.0,1
ASN-17530,Air,Nigeria,"Orgenics, Ltd",EXW,1186.0,25193.28,21.24222596964587,244216.0,1
ASN-1754,Air,Vietnam,MYLAN LABORATORIES LTD (FORMERLY MATRIX LABORATORIES),EXW,522.0,3796.05,7.272126436781609,77145.6,1
ASN-17563,Air,Burundi,"Orgenics, Ltd",EXW,638.0,16189.94,25.376081504702196,117760.0,1
ASN-17572,Air,Vietnam,Aurobindo Pharma Limited,EXW,173.0,1079.39,6.239248554913296,900.5,1
ASN-17621,Air,Côte d'Ivoire,BIO-RAD LABORATORIES (FRANCE),EXW,284.0,32609.44,114.82197183098592,45500.0,1
ASN-17635,Air,"Congo, DRC",ACTION MEDEOR E.V.,EXW,329.0,1731.89,5.264103343465046,10026.4,1
ASN-17646,Air,Nigeria,"Orgenics, Ltd",EXW,1235.0,25577.15,20.71024291497976,244216.0,1
ASN-17647,Air,Nigeria,"Orgenics, Ltd",EXW,1058.0,21683.23,20.49454631379962,209328.0,1
ASN-17648,Air,Nigeria,"Orgenics, Ltd",EXW,1235.0,25577.2,20.71028340080972,244216.0,1
ASN-17649,Air,Nigeria,"Orgenics, Ltd",EXW,1235.0,25577.2,20.71028340080972,244216.0,1
ASN-17658,Air,Kenya,"Orgenics, Ltd",CIP,1479.0,91.67,0.06198106828938472,661715.0,1
ASN-17659,Air,Kenya,"Orgenics, Ltd",CIP,1059.0,91.67,0.08656279508970727,547528.0,1
ASN-17660,Air,Kenya,"Orgenics, Ltd",CIP,1476.0,91.66,0.062100271002710025,89.0,1
ASN-17672,Air,Vietnam,Aurobindo Pharma Limited,EXW,437.0,1222.31,2.7970480549199084,2309.5,1
ASN-17673,Air,Vietnam,MICRO LABS LIMITED,EXW,71.0,990.04,13.944225352112676,3821.96,1
ASN-17696,Air,Vietnam,MICRO LABS LIMITED,EXW,126.0,798.95,6.340873015873016,6658.04,1
ASN-17709,Air,Vietnam,MICRO LABS LIMITED,EXW,568.0,1646.5,2.898767605633803,24968.8,1
ASN-17741,Air,Vietnam,MICRO LABS LIMITED,EXW,939.0,2040.93,2.1735143769968053,41271.2,1
ASN-17750,Air,Uganda,MYLAN LABORATORIES LTD (FORMERLY MATRIX LABORATORIES),EXW,420.0,3900.39,9.286642857142857,70200.0,1
ASN-17804,Air,Uganda,"Trinity Biotech, Plc",EXW,292.0,4462.61,15.28291095890411,28000.0,1
ASN-17806,Air,Vietnam,MYLAN LABORATORIES LTD (FORMERLY MATRIX LABORATORIES),EXW,876.0,2183.92,2.4930593607305935,59568.3,1
ASN-17807,Air,Vietnam,MYLAN LABORATORIES LTD (FORMERLY MATRIX LABORATORIES),EXW,91.0,1143.04,12.56087912087912,4423.5,1
ASN-17808,Air,Zimbabwe,ABBVIE LOGISTICS (FORMERLY ABBOTT LOGISTICS BV),FCA,1374.0,15509.16,11.287598253275108,46230.0,1
ASN-17824,Air,Nigeria,"Trinity Biotech, Plc",EXW,8273.0,94267.77,11.394629517708207,784320.0,1
ASN-17837,Air,Côte d'Ivoire,"CHEMBIO DIAGNOSTIC SYSTEMS, INC.",EXW,621.0,7811.66,12.579162640901771,70296.0,1
ASN-17853,Air,Côte d'Ivoire,"Orgenics, Ltd",EXW,1043.0,20882.95,20.022003835091084,192000.0,1
ASN-1786,Air,Nigeria,"Orgenics, Ltd",EXW,258.0,3748.24,14.528062015503876,90388.7,1
ASN-1788,Air,Zambia,"Orgenics, Ltd",EXW,979.0,8690.26,8.876670071501533,309557.0,1
ASN-17893,Air,"Congo, DRC","Trinity Biotech, Plc",EXW,64.0,1592.72,24.88625,5920.0,1
ASN-17894,Air,Swaziland,"Orgenics, Ltd",EXW,100.0,2274.64,22.746399999999998,19200.0,1
ASN-1793,Air,Vietnam,MYLAN LABORATORIES LTD (FORMERLY MATRIX LABORATORIES),EXW,122.0,2867.81,23.506639344262293,27538.56,1
ASN-17939,Ocean,Malawi,MYLAN LABORATORIES LTD (FORMERLY MATRIX LABORATORIES),EXW,27549.0,24875.46,0.902953283240771,2801262.0,1
ASN-1794,Air,Vietnam,Aurobindo Pharma Limited,EXW,106.0,2869.03,27.066320754716983,7686.0,1
ASN-17940,Ocean,Malawi,MYLAN LABORATORIES LTD (FORMERLY MATRIX LABORATORIES),EXW,701.0,3548.81,5.062496433666191,71238.0,1
ASN-17948,Air,Tanzania,ABBVIE LOGISTICS (FORMERLY ABBOTT LOGISTICS BV),FCA,68.0,1264.16,18.59058823529412,2592.59,1
ASN-1795,Air,Vietnam,Aurobindo Pharma Limited,EXW,48.0,2729.91,56.873124999999995,3458.7,1
ASN-17956,Air,Uganda,ABBVIE LOGISTICS (FORMERLY ABBOTT LOGISTICS BV),FCA,85.0,1253.45,14.746470588235294,4020.95,1
ASN-17959,Air,Angola,ABBVIE LOGISTICS (FORMERLY ABBOTT LOGISTICS BV),FCA,492.0,4281.43,8.70209349593496,14793.6,1
ASN-17969,Air,Angola,Aurobindo Pharma Limited,EXW,21.0,840.17,40.00809523809524,806.4,1
ASN-1798,Air,Namibia,"Orgenics, Ltd",EXW,33.0,1715.17,51.974848484848486,10222.58,1
ASN-17984,Air,Uganda,"CHEMBIO DIAGNOSTIC SYSTEMS, INC.",EXW,158.0,3824.96,24.20860759493671,40240.8,1
ASN-18001,Air,Zimbabwe,ABBVIE LOGISTICS (FORMERLY ABBOTT LOGISTICS BV),FCA,1013.0,13257.79,13.087650542941757,31467.22,1
ASN-18066,Air,"Congo, DRC",ABBVIE LOGISTICS (FORMERLY ABBOTT LOGISTICS BV),FCA,13.0,707.19,54.399230769230776,356.4,1
ASN-18067,Air,"Congo, DRC",ABBVIE LOGISTICS (FORMERLY ABBOTT LOGISTICS BV),FCA,8.0,767.87,95.98375,142.56,1
ASN-18068,Air,"Congo, DRC",ABBVIE LOGISTICS (FORMERLY ABBOTT LOGISTICS BV),FCA,113.0,2570.86,22.750973451327436,1849.2,1
ASN-18069,Air,"Congo, DRC",ABBVIE LOGISTICS (FORMERLY ABBOTT LOGISTICS BV),FCA,113.0,1421.86,12.58283185840708,1849.2,1
ASN-18080,Air,Mozambique,"Trinity Biotech, Plc",EXW,54.0,1032.57,19.121666666666666,4832.0,1
ASN-18081,Air,"Congo, DRC","Trinity Biotech, Plc",EXW,134.0,1941.34,14.487611940298507,11584.0,1
ASN-18152,Air,Uganda,ASPEN PHARMACARE,DAP,90.0,989.0,10.988888888888889,13392.0,1
ASN-18172,Air,Nigeria,"Orgenics, Ltd",EXW,1235.0,88176.17,71.39770850202429,244216.0,1
ASN-18201,Air,Haiti,"SHANGHAI KEHUA BIOENGINEERING CO.,LTD.  (KHB)",EXW,164.0,2204.84,13.444146341463416,6125.0,1
ASN-18202,Air,Tanzania,"Trinity Biotech, Plc",EXW,2770.0,26281.49,9.487902527075812,270720.0,1
ASN-18203,Air,South Sudan,"Trinity Biotech, Plc",EXW,107.0,2231.97,20.859532710280373,10368.0,1
ASN-1821,Air,Haiti,"Trinity Biotech, Plc",EXW,3.0,1808.19,602.73,556.0,1
ASN-18216,Ocean,Rwanda,MYLAN LABORATORIES LTD (FORMERLY MATRIX LABORATORIES),EXW,3860.0,59186.46,15.333279792746113,438862.5,1
ASN-18253,Air,Côte d'Ivoire,ABBVIE LOGISTICS (FORMERLY ABBOTT LOGISTICS BV),FCA,326.0,3852.86,11.818588957055216,9862.4,1
ASN-18271,Air,Zimbabwe,Premier Medical Corporation Ltd.,EXW,2460.0,13380.07,5.4390528455284555,180000.0,1
ASN-18279,Air,Uganda,Aurobindo Pharma Limited,EXW,12.0,917.35,76.44583333333334,439.04,1
ASN-18311,Air,Tanzania,"Orgenics, Ltd",EXW,91.0,2082.39,22.88340659340659,17440.0,1
ASN-18312,Air,South Sudan,"Trinity Biotech, Plc",EXW,14.0,1101.91,78.70785714285715,1408.0,1
ASN-18313,Air,Tanzania,"Trinity Biotech, Plc",EXW,39.0,1158.73,29.711025641025643,3424.0,1
ASN-18314,Air,Dominican Republic,"Trinity Biotech, Plc",EXW,134.0,1083.85,8.088432835820894,13216.0,1
ASN-18319,Air,Rwanda,ABBVIE LOGISTICS (FORMERLY ABBOTT LOGISTICS BV),FCA,454.0,7152.99,15.755484581497797,12328.0,1
ASN-1832,Air,Botswana,"Trinity Biotech, Plc",EXW,500.0,2442.32,4.88464,16000.0,1
ASN-1833,Air,Botswana,"Trinity Biotech, Plc",EXW,500.0,2442.32,4.88464,16000.0,1
ASN-18339,Air,Zambia,"Trinity Biotech, Plc",EXW,3445.0,39662.72,11.513126269956459,336000.0,1
ASN-18344,Air,Haiti,Aurobindo Pharma Limited,EXW,19.0,971.7,51.142105263157895,4800.0,1
ASN-18369,Air,Mozambique,"Orgenics, Ltd",EXW,1329.0,13394.09,10.078322046651618,235040.0,1
ASN-18406,Air,Vietnam,MYLAN LABORATORIES LTD (FORMERLY MATRIX LABORATORIES),EXW,1961.0,7308.37,3.726858745537991,194575.29,1
ASN-18407,Air,Haiti,Aurobindo Pharma Limited,EXW,30.0,1119.09,37.303,7680.0,1
ASN-18408,Air,Vietnam,MYLAN LABORATORIES LTD (FORMERLY MATRIX LABORATORIES),EXW,2741.0,4802.92,1.7522510032834733,273424.70999999996,1
ASN-18422,Air,Tanzania,"Trinity Biotech, Plc",EXW,2753.0,25485.81,9.257468216491102,270720.0,1
ASN-18485,Air,Uganda,ABBVIE LOGISTICS (FORMERLY ABBOTT LOGISTICS BV),FCA,36.0,876.99,24.360833333333332,2020.75,1
ASN-18522,Air,Haiti,ABBVIE LOGISTICS (FORMERLY ABBOTT LOGISTICS BV),FCA,128.0,1637.86,12.79578125,5559.84,1
ASN-18530,Air,Mozambique,"Orgenics, Ltd",EXW,1298.0,13146.21,10.128050847457626,229040.0,1
ASN-18531,Air,Mozambique,"Orgenics, Ltd",EXW,1325.0,13303.36,10.040271698113209,234240.0,1
ASN-18532,Air,Mozambique,"Orgenics, Ltd",EXW,1330.0,13801.89,10.377360902255639,235120.0,1
ASN-18533,Air,Mozambique,"Orgenics, Ltd",EXW,829.0,8680.27,10.470772014475273,146560.0,1
ASN-18558,Air,Côte d'Ivoire,MYLAN LABORATORIES LTD (FORMERLY MATRIX LABORATORIES),EXW,364.0,4171.65,11.460576923076921,60075.0,1
ASN-18564,Air,Rwanda,"Trinity Biotech, Plc",EXW,166.0,3478.5,20.954819277108435,16000.0,1
ASN-18584,Air,Nigeria,ABBVIE LOGISTICS (FORMERLY ABBOTT LOGISTICS BV),EXW,252.0,2969.34,11.783095238095239,13192.74,1
ASN-18599,Air,Nigeria,"Orgenics, Ltd",EXW,1252.0,26380.35,21.070567092651757,255786.0,1
ASN-1860,Air,Vietnam,Aurobindo Pharma Limited,EXW,507.0,4159.45,8.20404339250493,29232.0,1
ASN-18600,Air,Nigeria,"Orgenics, Ltd",EXW,1249.0,26380.35,21.12117694155324,256320.0,1
ASN-18601,Air,Nigeria,"Orgenics, Ltd",EXW,1247.0,26859.39,21.539206094627104,256943.0,1
ASN-18602,Air,Nigeria,"Orgenics, Ltd",EXW,1271.0,26859.39,21.132486231313926,261037.0,1
ASN-18603,Air,Tanzania,MYLAN LABORATORIES LTD (FORMERLY MATRIX LABORATORIES),EXW,1710.0,8344.86,4.880035087719299,288675.0,1
ASN-18612,Air,South Sudan,Aurobindo Pharma Limited,EXW,34.0,1191.93,35.05676470588236,781.25,1
ASN-18631,Air,Uganda,ASPEN PHARMACARE,DDP,68.0,1571.76,23.114117647058823,25840.8,1
ASN-18661,Air,Vietnam,HETERO LABS LIMITED,EXW,622.0,1226.11,1.9712379421221864,23546.25,1
ASN-18662,Air,Vietnam,HETERO LABS LIMITED,EXW,1089.0,2006.63,1.8426354453627183,87982.8,1
ASN-18664,Air,Vietnam,HETERO LABS LIMITED,EXW,2228.0,3565.08,1.6001256732495512,180640.2,1
ASN-18665,Air,Vietnam,HETERO LABS LIMITED,EXW,1505.0,2604.31,1.73043853820598,57703.75,1
ASN-18684,Air,South Sudan,"Orgenics, Ltd",EXW,226.0,5613.63,24.839070796460177,48416.0,1
ASN-18691,Air,Vietnam,ABBVIE LOGISTICS (FORMERLY ABBOTT LOGISTICS BV),FCA,439.0,958.85,2.1841685649202733,111665.52,1
ASN-18693,Air,Vietnam,ABBVIE LOGISTICS (FORMERLY ABBOTT LOGISTICS BV),FCA,16.0,958.85,59.928125,4349.62,1
ASN-18701,Air,"Congo, DRC",Aurobindo Pharma Limited,EXW,53.0,938.05,17.699056603773585,1230.0,1
ASN-18712,Air,"Congo, DRC",Aurobindo Pharma Limited,EXW,27.0,938.06,34.74296296296296,615.0,1
ASN-18714,Air,Uganda,Aurobindo Pharma Limited,EXW,46.0,1458.88,31.714782608695653,8801.0,1
ASN-18722,Air,Uganda,"Orgenics, Ltd",EXW,74.0,1649.91,22.29608108108108,5800.0,1
ASN-18723,Air,Burundi,"CHEMBIO DIAGNOSTIC SYSTEMS, INC.",EXW,55.0,758.65,13.793636363636363,14186.4,1
ASN-18729,Air,Vietnam,ABBVIE LOGISTICS (FORMERLY ABBOTT LOGISTICS BV),FCA,992.0,3212.25,3.238155241935484,253254.48,1
ASN-18730,Air,Vietnam,ABBVIE LOGISTICS (FORMERLY ABBOTT LOGISTICS BV),FCA,55.0,17.72,0.3221818181818182,8675.98,1
ASN-1874,Air,Nigeria,"CHEMBIO DIAGNOSTIC SYSTEMS, INC.",EXW,2093.0,16036.94,7.6621786908743434,197127.0,1
ASN-18759,Air,Vietnam,HETERO LABS LIMITED,EXW,1726.0,11984.91,6.94374855156431,59663.37,1
ASN-18761,Air,Vietnam,HETERO LABS LIMITED,EXW,1483.0,11346.48,7.651031692515172,50836.63,1
ASN-18767,Air,Haiti,ETHNOR DEL ISTMO S.A.,CIP,26.0,240.0,9.23076923076923,7992.0,1
ASN-18768,Air,"Congo, DRC","Orgenics, Ltd",EXW,981.0,22892.07,23.335443425076452,195875.0,1
ASN-18773,Air,Uganda,MERCK SHARP & DOHME IDEA GMBH (FORMALLY MERCK SHARP & DOHME B.V.),CIP,79.0,2158.88,27.327594936708863,43623.0,1
ASN-18782,Air,Haiti,"SHANGHAI KEHUA BIOENGINEERING CO.,LTD.  (KHB)",EXW,164.0,2179.49,13.289573170731707,6125.0,1
ASN-18783,Air,South Sudan,"Trinity Biotech, Plc",EXW,41.0,1441.21,35.15146341463415,4000.0,1
ASN-18785,Air,South Sudan,"Trinity Biotech, Plc",EXW,24.0,1170.36,48.76499999999999,1664.0,1
ASN-1879,Air,Côte d'Ivoire,BIO-RAD LABORATORIES (FRANCE),EXW,509.0,5446.51,10.700412573673871,36176.0,1
ASN-18798,Air,Rwanda,"Orgenics, Ltd",EXW,795.0,11855.59,14.91269182389937,271950.0,1
ASN-18802,Air,Zimbabwe,ABBVIE LOGISTICS (FORMERLY ABBOTT LOGISTICS BV),FCA,798.0,9299.26,11.653208020050126,26073.72,1
ASN-18803,Air,Zimbabwe,ABBVIE LOGISTICS (FORMERLY ABBOTT LOGISTICS BV),FCA,1374.0,9299.26,6.76802037845706,46230.0,1
ASN-18805,Air,Guyana,Aurobindo Pharma Limited,EXW,33.0,882.81,26.75181818181818,1794.0,1
ASN-18832,Air,Côte d'Ivoire,ABBVIE LOGISTICS (FORMERLY ABBOTT LOGISTICS BV),FCA,242.0,5257.72,21.72611570247934,16026.4,1
ASN-18844,Air,Haiti,LAWRENCE LABORATORIES (SUBSIDIARY OF BRISTOL MYERS SQUIBB),FCA,22.0,817.99,37.181363636363635,1233.82,1
ASN-1887,Air,Vietnam,STRIDES ARCOLAB LIMITED,EXW,121.0,2789.74,23.05570247933884,3889.76,1
ASN-18877,Air,Uganda,ABBVIE LOGISTICS (FORMERLY ABBOTT LOGISTICS BV),FCA,733.0,6255.87,8.534611186903138,37956.6,1
ASN-1888,Air,Vietnam,STRIDES ARCOLAB LIMITED,EXW,114.0,2879.96,25.26280701754386,3720.64,1
ASN-18882,Air,Uganda,"Orgenics, Ltd",EXW,1346.0,32471.83,24.124687964338783,242800.0,1
ASN-18883,Air,Uganda,"Orgenics, Ltd",EXW,1313.0,31917.19,24.308598629093677,236560.0,1
ASN-18884,Air,Dominican Republic,"Orgenics, Ltd",EXW,791.0,12643.47,15.984159292035397,163300.0,1
ASN-18894,Air,Uganda,Aurobindo Pharma Limited,EXW,53.0,1203.4,22.70566037735849,1201.25,1
ASN-18895,Air,Guyana,MICRO LABS LIMITED,EXW,4.0,783.21,195.8025,130.0,1
ASN-18903,Air,Vietnam,HETERO LABS LIMITED,EXW,2804.0,9759.55,3.4805813124108416,122972.0,1
ASN-18905,Ocean,Haiti,HETERO LABS LIMITED,EXW,5864.0,7558.01,1.2888830150068213,231258.24,1
ASN-18910,Air,Uganda,MICRO LABS LIMITED,EXW,8.0,1021.34,127.6675,448.0,1
ASN-18913,Air,Vietnam,HETERO LABS LIMITED,EXW,3442.0,10533.01,3.0601423590935504,151443.0,1
ASN-18919,Ocean,Haiti,Aurobindo Pharma Limited,EXW,6385.0,8768.76,1.373337509788567,416235.65,1
ASN-18922,Air,Haiti,Aurobindo Pharma Limited,EXW,751.0,5754.16,7.661997336884154,2951.52,1
ASN-18970,Air,Vietnam,STRIDES ARCOLAB LIMITED,EXW,1741.0,3821.49,2.194997128087306,123551.64,1
ASN-18971,Air,Vietnam,STRIDES ARCOLAB LIMITED,EXW,2777.0,4461.72,1.606669067338855,199568.36,1
ASN-19001,Air,Uganda,MICRO LABS LIMITED,EXW,9.0,1026.15,114.01666666666668,504.0,1
ASN-19031,Air,Côte d'Ivoire,BIO-RAD LABORATORIES (FRANCE),EXW,160.0,2595.63,16.2226875,27300.0,1
ASN-19032,Air,Pakistan,INVERNESS MEDICAL INNOVATIONS HONG KONG LTD,EXW,1948.0,21689.39,11.134183778234085,358720.0,1
ASN-19033,Air,Burundi,"Orgenics, Ltd",EXW,676.0,14189.02,20.989674556213018,124800.0,1
ASN-19068,Air,Haiti,ABBVIE LOGISTICS (FORMERLY ABBOTT LOGISTICS BV),FCA,164.0,2419.33,14.752012195121951,3082.0,1
ASN-19075,Air,Zambia,"Orgenics, Ltd",EXW,925.0,16740.97,18.098345945945947,178640.0,1
ASN-19076,Air,Zambia,"Orgenics, Ltd",EXW,2910.0,21684.99,7.451886597938145,232800.0,1
ASN-19077,Air,Zambia,"Orgenics, Ltd",EXW,1222.0,22041.41,18.03716039279869,236000.0,1
ASN-19078,Air,Zambia,"Orgenics, Ltd",EXW,1080.0,19598.71,18.1469537037037,208560.0,1
ASN-1908,Air,Botswana,"Orgenics, Ltd",EXW,28.0,641.06,22.895,7199.0,1
ASN-19088,Air,Uganda,ABBVIE LOGISTICS (FORMERLY ABBOTT LOGISTICS BV),FCA,335.0,3446.07,10.286776119402985,17107.2,1
ASN-19098,Air,Vietnam,Aurobindo Pharma Limited,EXW,526.0,6368.02,12.106501901140685,2537.55,1
ASN-191,Air,Rwanda,"Trinity Biotech, Plc",EXW,173.0,17928.53,103.63312138728323,20000.0,1
ASN-19116,Air,Haiti,ABBVIE LOGISTICS (FORMERLY ABBOTT LOGISTICS BV),FCA,30.0,877.61,29.253666666666668,1644.0,1
ASN-19123,Air,Guyana,ABBVIE LOGISTICS (FORMERLY ABBOTT LOGISTICS BV),FCA,52.0,1152.9,22.17115384615385,1216.4,1
ASN-19138,Air,Côte d'Ivoire,"Orgenics, Ltd",EXW,1280.0,23270.25,18.1798828125,235440.0,1
ASN-19139,Air,Côte d'Ivoire,"Orgenics, Ltd",EXW,1284.0,23273.76,18.125981308411212,236240.0,1
ASN-19140,Air,Côte d'Ivoire,"Orgenics, Ltd",EXW,917.0,16661.34,18.16940021810251,168320.0,1
ASN-19142,Air,South Sudan,"Orgenics, Ltd",EXW,115.0,2561.61,22.274869565217394,23745.0,1
ASN-19143,Air,South Sudan,"Orgenics, Ltd",EXW,97.0,2590.24,26.703505154639174,20448.0,1
ASN-19144,Air,Malawi,"Orgenics, Ltd",EXW,207.0,5248.93,25.357149758454106,36880.0,1
ASN-19161,Air,Burundi,"Orgenics, Ltd",EXW,638.0,12922.07,20.254028213166144,117440.0,1
ASN-19163,Air,Nigeria,"CHEMBIO DIAGNOSTIC SYSTEMS, INC.",EXW,972.0,10191.28,10.48485596707819,98629.0,1
ASN-19186,Air,Vietnam,ABBVIE LOGISTICS (FORMERLY ABBOTT LOGISTICS BV),FCA,266.0,6568.7,24.69436090225564,67753.48,1
ASN-19193,Air,Vietnam,Aurobindo Pharma Limited,EXW,182.0,5970.85,32.806868131868136,862.45,1
ASN-192,Air,Rwanda,"Trinity Biotech, Plc",EXW,39.0,859.37,22.035128205128206,10500.0,1
ASN-19207,Air,Malawi,"Trinity Biotech, Plc",EXW,32.0,1136.31,35.5096875,3008.0,1
ASN-1923,Air,Vietnam,BRISTOL-MYERS SQUIBB,CIP,81.0,2211.05,27.296913580246915,2800.0,1
ASN-19232,Ocean,Haiti,HETERO LABS LIMITED,EXW,4278.0,7567.99,1.769048620850865,247088.16,1
ASN-19273,Air,South Sudan,"Trinity Biotech, Plc",EXW,40.0,1412.9,35.322500000000005,4000.0,1
ASN-193,Air,Haiti,"Trinity Biotech, Plc",EXW,40.0,749.96,18.749000000000002,10500.0,1
ASN-1932,Air,Tanzania,"Standard Diagnostics, Inc.",EXW,3122.0,22691.75,7.268337604099936,200000.0,1
ASN-1933,Air,Tanzania,"Standard Diagnostics, Inc.",EXW,3110.0,22663.18,7.287196141479099,200000.0,1
ASN-1934,Air,Côte d'Ivoire,"Orgenics, Ltd",EXW,255.0,5175.72,20.29694117647059,78120.0,1
ASN-19383,Air,Vietnam,MICRO LABS LIMITED,EXW,1588.0,11413.52,7.18735516372796,63169.0,1
ASN-19389,Air,Zambia,ABBVIE LOGISTICS (FORMERLY ABBOTT LOGISTICS BV),FCA,1374.0,10365.13,7.543762736535662,46230.0,1
ASN-19390,Air,Zambia,ABBVIE LOGISTICS (FORMERLY ABBOTT LOGISTICS BV),FCA,757.0,10365.14,13.692391017173051,23423.2,1
ASN-19391,Air,South Sudan,"Trinity Biotech, Plc",EXW,146.0,2478.87,16.978561643835615,14400.0,1
ASN-194,Air,Haiti,Orasure Technologies Inc.,EXW,60.0,1498.02,24.967,10000.0,1
ASN-19428,Air,South Sudan,"Orgenics, Ltd",EXW,39.0,1434.98,36.79435897435898,8235.0,1
ASN-19430,Air,Swaziland,"Trinity Biotech, Plc",EXW,58.0,642.05,11.069827586206896,4800.0,1
ASN-19443,Air,Tanzania,ABBVIE LOGISTICS (FORMERLY ABBOTT LOGISTICS BV),FCA,244.0,3269.9,13.401229508196721,7304.34,1
ASN-19476,Air,Haiti,MERCK SHARP & DOHME IDEA GMBH (FORMALLY MERCK SHARP & DOHME B.V.),CIP,11.0,260.0,23.636363636363637,6660.0,1
ASN-19486,Air,Tanzania,"Trinity Biotech, Plc",EXW,1.0,1979.1,1979.1,9952.0,1
ASN-19490,Air,Vietnam,ABBVIE LOGISTICS (FORMERLY ABBOTT LOGISTICS BV),FCA,930.0,8303.48,8.92847311827957,236285.7,1
ASN-19496,Ocean,Malawi,MYLAN LABORATORIES LTD (FORMERLY MATRIX LABORATORIES),EXW,6778.0,15020.21,2.2160239008557094,689400.0,1
ASN-19497,Ocean,Malawi,MYLAN LABORATORIES LTD (FORMERLY MATRIX LABORATORIES),EXW,21463.0,36695.74,1.7097209150631318,2183100.0,1
ASN-19502,Air,Tanzania,MYLAN LABORATORIES LTD (FORMERLY MATRIX LABORATORIES),EXW,643.0,4142.07,6.441788491446345,107527.5,1
ASN-19516,Air,Zambia,CIPLA LIMITED,EXW,3533.0,20188.13,5.714160769883952,240000.0,1
ASN-19519,Air,Uganda,EMCURE PHARMACEUTICALS LTD,EXW,12.0,1025.37,85.44749999999999,2640.0,1
ASN-19520,Air,Haiti,Aurobindo Pharma Limited,EXW,908.0,6438.91,7.091310572687225,4840.17,1
ASN-19521,Air,Haiti,MYLAN LABORATORIES LTD (FORMERLY MATRIX LABORATORIES),EXW,236.0,2215.13,9.38614406779661,17575.25,1
ASN-19530,Ocean,Haiti,HETERO LABS LIMITED,EXW,7140.0,7992.56,1.119406162464986,567945.0,1
ASN-19535,Air,Haiti,HETERO LABS LIMITED,EXW,37.0,1845.9,49.88918918918919,836.64,1
ASN-1956,Air,Botswana,"Orgenics, Ltd",EXW,25.0,641.04,25.641599999999997,7199.0,1
ASN-19611,Air,Zimbabwe,ABBVIE LOGISTICS (FORMERLY ABBOTT LOGISTICS BV),FCA,2172.0,31073.95,14.306606813996318,72303.72,1
ASN-19620,Air,Vietnam,MICRO LABS LIMITED,EXW,2350.0,10627.8,4.522468085106382,83441.0,1
ASN-19634,Air,Côte d'Ivoire,"Orgenics, Ltd",EXW,264.0,36428.24,137.98575757575756,48080.0,1
ASN-19635,Air,Côte d'Ivoire,"Orgenics, Ltd",EXW,1284.0,125.42,0.0976791277258567,236320.0,1
ASN-19636,Air,Côte d'Ivoire,"Orgenics, Ltd",EXW,1280.0,125.42,0.097984375,235600.0,1
ASN-19648,Air,Nigeria,"CHEMBIO DIAGNOSTIC SYSTEMS, INC.",EXW,1784.0,8248.33,4.6235033632287,140592.0,1
ASN-19649,Air,Mali,"Orgenics, Ltd",EXW,37.0,2190.78,59.21027027027028,6585.0,1
ASN-19651,Air,Vietnam,MICRO LABS LIMITED,EXW,472.0,6969.97,14.766885593220339,25458.86,1
ASN-19657,Air,Mali,"Orgenics, Ltd",EXW,9.0,779.06,86.56222222222222,1900.0,1
ASN-1966,Air,Rwanda,Premier Medical Corporation Ltd.,EXW,2130.0,17331.66,8.13692957746479,101970.0,1
ASN-19666,Air,Haiti,ABBVIE LOGISTICS (FORMERLY ABBOTT LOGISTICS BV),FCA,76.0,1286.68,16.93,3635.28,1
ASN-19695,Air,Vietnam,MICRO LABS LIMITED,EXW,1782.0,9648.44,5.414388327721661,97281.14,1
ASN-19772,Air,Tanzania,ABBVIE LOGISTICS (FORMERLY ABBOTT LOGISTICS BV),FCA,84.0,1396.04,16.61952380952381,4544.1,1
ASN-19780,Air,Nigeria,ABBVIE LOGISTICS (FORMERLY ABBOTT LOGISTICS BV),FCA,619.0,5506.01,8.895008077544427,31838.4,1
ASN-19787,Air,Vietnam,HETERO LABS LIMITED,EXW,1736.0,8163.83,4.702667050691244,127733.0,1
ASN-19788,Air,Uganda,"Trinity Biotech, Plc",EXW,139.0,2473.96,17.798273381294965,13664.0,1
ASN-19790,Air,Tanzania,"Orgenics, Ltd",EXW,268.0,5187.9,19.35783582089552,48800.0,1
ASN-19819,Ocean,Haiti,Aurobindo Pharma Limited,EXW,3504.0,7117.39,2.031218607305936,115124.56,1
ASN-1984,Air,Vietnam,BRISTOL-MYERS SQUIBB,CIP,82.0,2211.05,26.964024390243903,2800.0,1
ASN-19842,Air,Guyana,Aurobindo Pharma Limited,EXW,1.0,618.89,618.89,13.0,1
ASN-19859,Air,Vietnam,HETERO LABS LIMITED,EXW,3751.0,10867.28,2.8971687549986673,274587.55,1
ASN-19860,Air,Vietnam,HETERO LABS LIMITED,EXW,5092.0,7312.6,1.4360958366064416,320559.45,1
ASN-19907,Air,Tanzania,ABBVIE LOGISTICS (FORMERLY ABBOTT LOGISTICS BV),FCA,470.0,4267.13,9.079,13406.7,1
ASN-19921,Air,Côte d'Ivoire,"CHEMBIO DIAGNOSTIC SYSTEMS, INC.",EXW,576.0,7168.62,12.445520833333333,58000.0,1
ASN-200,Air,Zambia,"Standard Diagnostics, Inc.",EXW,134.0,963.73,7.192014925373134,8000.0,1
ASN-20003,Air,Guyana,Aurobindo Pharma Limited,EXW,16.0,693.16,43.3225,697.3599999999999,1
ASN-20026,Ocean,Haiti,HETERO LABS LIMITED,EXW,8351.0,6806.86,0.8150951981798586,594057.24,1
ASN-20032,Air,"Congo, DRC","Trinity Biotech, Plc",EXW,170.0,3125.65,18.386176470588236,15008.0,1
ASN-20041,Air,Vietnam,MYLAN LABORATORIES LTD (FORMERLY MATRIX LABORATORIES),EXW,332.0,6973.87,21.005632530120483,32918.85,1
ASN-20042,Air,Vietnam,MYLAN LABORATORIES LTD (FORMERLY MATRIX LABORATORIES),EXW,4806.0,18700.09,3.8909883478984604,490611.51,1
ASN-20043,Air,Vietnam,MYLAN LABORATORIES LTD (FORMERLY MATRIX LABORATORIES),EXW,3419.0,15006.27,4.389081602807838,348595.11,1
ASN-20045,Air,Côte d'Ivoire,BIO-RAD LABORATORIES (FRANCE),EXW,728.0,6879.32,9.449615384615385,27300.0,1
ASN-20054,Air,Guyana,"Trinity Biotech, Plc",EXW,1024.0,10304.62,10.06310546875,100480.0,1
ASN-20055,Air,Zambia,"Trinity Biotech, Plc",EXW,2262.0,27038.58,11.953395225464192,220800.0,1
ASN-2006,Air,Guyana,"Trinity Biotech, Plc",EXW,362.0,4717.51,13.031795580110497,33984.0,1
ASN-2008,Air,Nigeria,"Orgenics, Ltd",EXW,1251.0,16090.22,12.861886490807354,439785.02,1
ASN-201,Air,Ethiopia,Abbott GmbH & Co. KG,EXW,1707.0,24859.45,14.563239601640305,372000.0,1
ASN-20132,Air,Uganda,ABBVIE LOGISTICS (FORMERLY ABBOTT LOGISTICS BV),FCA,55.0,1013.7,18.430909090909093,2308.45,1
ASN-2014,Air,Nigeria,"CHEMBIO DIAGNOSTIC SYSTEMS, INC.",EXW,2907.0,18864.37,6.489291365669074,277290.0,1
ASN-20150,Air,Kenya,Premier Medical Corporation Ltd.,EXW,2020.0,10682.41,5.288321782178218,146674.0,1
ASN-20159,Air,Tanzania,Aurobindo Pharma Limited,EXW,4611.0,20618.55,4.471600520494469,297075.65,1
ASN-20160,Air,Tanzania,Aurobindo Pharma Limited,EXW,4059.0,17997.84,4.434057649667406,260816.3,1
ASN-2017,Air,Vietnam,Aurobindo Pharma Limited,EXW,124.0,5217.59,42.07733870967742,15290.0,1
ASN-20191,Air,Zimbabwe,LAWRENCE LABORATORIES (SUBSIDIARY OF BRISTOL MYERS SQUIBB),FCA,162.0,2365.05,14.599074074074075,4921.0,1
ASN-20209,Air,Haiti,"SHANGHAI KEHUA BIOENGINEERING CO.,LTD.  (KHB)",EXW,182.0,2581.83,14.18587912087912,7350.0,1
ASN-20218,Air,"Congo, DRC",Aurobindo Pharma Limited,EXW,81.0,2782.94,34.35728395061729,3546.0,1
ASN-2023,Air,Vietnam,Aurobindo Pharma Limited,EXW,137.0,5260.46,38.39751824817518,16162.0,1
ASN-20235,Air,South Sudan,"Trinity Biotech, Plc",EXW,165.0,2329.14,14.116,14400.0,1
ASN-20238,Air,Uganda,"Orgenics, Ltd",EXW,1215.0,16337.03,13.446115226337449,223040.0,1
ASN-20239,Air,Uganda,"Orgenics, Ltd",EXW,1239.0,16337.03,13.185657788539144,227600.0,1
ASN-2024,Air,Nigeria,IDA FOUNDATION,EXW,1920.0,20134.43,10.486682291666666,527.0,1
ASN-20240,Air,Uganda,"Orgenics, Ltd",EXW,1323.0,16337.04,12.348480725623583,243760.0,1
ASN-20241,Air,Uganda,"Orgenics, Ltd",EXW,1317.0,47892.57,36.36489749430524,242560.0,1
ASN-20242,Air,Uganda,"Orgenics, Ltd",EXW,130.0,534.86,4.114307692307692,18136.0,1
ASN-20251,Air,"Congo, DRC",IMRES B.V.,EXW,578.0,3089.83,5.345726643598616,16164.0,1
ASN-20285,Air,Ethiopia,"CHEMBIO DIAGNOSTIC SYSTEMS, INC.",EXW,238.0,1945.45,8.174159663865547,24128.0,1
ASN-20329,Air,Haiti,"Orgenics, Ltd",EXW,1740.0,24069.99,13.833327586206897,400000.0,1
ASN-20330,Air,Guyana,"Orgenics, Ltd",EXW,2.0,5110.28,2555.14,65500.0,1
ASN-20331,Air,South Sudan,"Orgenics, Ltd",EXW,115.0,2660.05,23.13086956521739,23745.0,1
ASN-20340,Air,Tanzania,MYLAN LABORATORIES LTD (FORMERLY MATRIX LABORATORIES),EXW,775.0,4136.58,5.337522580645161,116437.5,1
ASN-20353,Air,Zambia,"Orgenics, Ltd",EXW,1184.0,17657.02,14.913023648648648,218400.0,1
ASN-20366,Air,Vietnam,MYLAN LABORATORIES LTD (FORMERLY MATRIX LABORATORIES),EXW,5281.0,13625.75,2.580145805718614,537754.98,1
ASN-20367,Air,Vietnam,MYLAN LABORATORIES LTD (FORMERLY MATRIX LABORATORIES),EXW,3425.0,11077.85,3.2344087591240878,375412.77,1
ASN-20368,Air,Vietnam,MYLAN LABORATORIES LTD (FORMERLY MATRIX LABORATORIES),EXW,2843.0,9740.27,3.4260534646500176,311631.78,1
ASN-20370,Air,Haiti,STRIDES ARCOLAB LIMITED,EXW,176.0,3456.02,19.636477272727273,16380.0,1
ASN-2043,Air,Vietnam,MYLAN LABORATORIES LTD (FORMERLY MATRIX LABORATORIES),EXW,772.0,4408.29,5.710220207253886,115718.4,1
ASN-20434,Air,Haiti,MICRO LABS LIMITED,EXW,2284.0,13257.25,5.804400175131349,83800.44,1
ASN-2044,Air,Vietnam,MYLAN LABORATORIES LTD (FORMERLY MATRIX LABORATORIES),EXW,772.0,5893.08,7.633523316062176,115718.4,1
ASN-20442,Air,Guyana,"CHEMBIO DIAGNOSTIC SYSTEMS, INC.",EXW,7.0,130.0,18.571428571428573,725.0,1
ASN-20469,Air,Tanzania,"Standard Diagnostics, Inc.",EXW,1642.0,25778.9,15.699695493300853,0.0,1
ASN-20472,Air,"Congo, DRC","Orgenics, Ltd",EXW,1361.0,24410.67,17.935833945628215,245395.0,1
ASN-20474,Air,Zambia,"Orgenics, Ltd",EXW,2606.0,38354.26,14.717674597083654,480000.0,1
ASN-20475,Air,Zambia,"Orgenics, Ltd",EXW,1204.0,19587.34,16.26855481727575,232480.0,1
ASN-20477,Air,Zambia,"Orgenics, Ltd",EXW,1214.0,18875.83,15.54845963756178,234320.0,1
ASN-20479,Air,Zambia,"Orgenics, Ltd",EXW,881.0,14019.38,15.913030646992054,170160.0,1
ASN-20481,Air,Zambia,"Orgenics, Ltd",EXW,1259.0,19517.12,15.502081016679904,243040.0,1
ASN-2050,Air,Vietnam,ABBVIE LOGISTICS (FORMERLY ABBOTT LOGISTICS BV),FCA,385.0,4393.32,11.411220779220779,124944.0,1
ASN-2051,Air,Vietnam,ABBVIE LOGISTICS (FORMERLY ABBOTT LOGISTICS BV),FCA,208.0,3449.4,16.583653846153847,65760.0,1
ASN-20515,Air,Haiti,MYLAN LABORATORIES LTD (FORMERLY MATRIX LABORATORIES),EXW,157.0,2010.69,12.806942675159236,6703.2,1
ASN-20547,Air,Mozambique,HETERO LABS LIMITED,EXW,3957.0,18263.45,4.615478898155168,369039.0,1
ASN-20555,Air,Vietnam,Aurobindo Pharma Limited,EXW,1846.0,3314.03,1.7952491874322862,110777.2,1
ASN-20630,Air,Uganda,ABBVIE LOGISTICS (FORMERLY ABBOTT LOGISTICS BV),FCA,304.0,2808.12,9.237236842105263,15236.1,1
ASN-20649,Air,South Sudan,"Orgenics, Ltd",EXW,39.0,1405.56,36.04,8235.0,1
ASN-20675,Air,Ethiopia,"SHANGHAI KEHUA BIOENGINEERING CO.,LTD.  (KHB)",EXW,2777.0,34137.03,12.292772776377385,101969.0,1
ASN-20679,Air,Zambia,"Trinity Biotech, Plc",EXW,890.0,11367.59,12.772573033707864,87360.0,1
ASN-2068,Air,Rwanda,Aurobindo Pharma Limited,CIP,3953.0,23071.26,5.8363926132051605,414642.24,1
ASN-207,Air,Nigeria,"CHEMBIO DIAGNOSTIC SYSTEMS, INC.",EXW,702.0,4474.15,6.373433048433048,67392.0,1
ASN-20768,Air,"Congo, DRC",ABBVIE LOGISTICS (FORMERLY ABBOTT LOGISTICS BV),FCA,103.0,1573.41,15.275825242718447,1849.2,1
ASN-20770,Air,"Congo, DRC",ABBVIE LOGISTICS (FORMERLY ABBOTT LOGISTICS BV),FCA,56.0,1573.41,28.096607142857145,924.6,1
ASN-20771,Air,"Congo, DRC",ABBVIE LOGISTICS (FORMERLY ABBOTT LOGISTICS BV),FCA,52.0,1573.41,30.25788461538462,616.4,1
ASN-20772,Air,"Congo, DRC",ABBVIE LOGISTICS (FORMERLY ABBOTT LOGISTICS BV),FCA,38.0,1573.41,41.40552631578947,308.2,1
ASN-20773,Air,"Congo, DRC",ABBVIE LOGISTICS (FORMERLY ABBOTT LOGISTICS BV),FCA,288.0,460.91,1.6003819444444445,5670.88,1
ASN-20777,Air,"Congo, DRC",ABBVIE LOGISTICS (FORMERLY ABBOTT LOGISTICS BV),FCA,56.0,460.9,8.230357142857143,924.6,1
ASN-2079,Air,Rwanda,Aurobindo Pharma Limited,CIP,5311.0,30408.04,5.725482959894559,569281.31,1
ASN-2080,Air,Rwanda,Aurobindo Pharma Limited,CIP,6768.0,38120.96,5.632529550827423,725539.69,1
ASN-20858,Air,Tanzania,Aurobindo Pharma Limited,EXW,4699.0,17907.7,3.810959778676314,300907.56,1
ASN-20859,Air,Tanzania,Aurobindo Pharma Limited,EXW,4190.0,16066.92,3.8345871121718376,268468.86,1
ASN-20860,Air,Tanzania,Aurobindo Pharma Limited,EXW,4609.0,17581.92,3.814692991972228,296143.38,1
ASN-20861,Air,Tanzania,Aurobindo Pharma Limited,EXW,917.0,4676.61,5.0999018538713194,58983.15,1
ASN-20868,Air,Côte d'Ivoire,ABBVIE LOGISTICS (FORMERLY ABBOTT LOGISTICS BV),FCA,97.0,1575.13,16.238453608247426,5206.0,1
ASN-20894,Air,Haiti,HETERO LABS LIMITED,EXW,30.0,1180.73,39.35766666666667,956.16,1
ASN-20912,Air,Cameroon,HETERO LABS LIMITED,EXW,1632.0,15773.2,9.664950980392158,62191.8,1
ASN-20922,Air,Uganda,MYLAN LABORATORIES LTD (FORMERLY MATRIX LABORATORIES),EXW,8402.0,28304.85,3.368822899309688,491491.8,1
ASN-20948,Air,Uganda,MICRO LABS LIMITED,EXW,9.0,1678.53,186.50333333333333,509.04,1
ASN-20951,Air,Côte d'Ivoire,"Orgenics, Ltd",EXW,1394.0,20822.73,14.937395982783357,256000.0,1
ASN-20969,Air,Kenya,"SHANGHAI KEHUA BIOENGINEERING CO.,LTD.  (KHB)",EXW,18580.0,241407.27,12.992856297093649,600000.0,1
ASN-20972,Air,Dominican Republic,"Trinity Biotech, Plc",EXW,123.0,1375.8,11.185365853658537,13184.0,1
ASN-20983,Air,Cameroon,CIPLA LIMITED,EXW,5753.0,49502.92,8.604714062228402,343861.2,1
ASN-2099,Air,Haiti,"Orgenics, Ltd",EXW,470.0,3684.28,7.838893617021277,144130.0,1
ASN-2100,Air,Guyana,"Orgenics, Ltd",EXW,49.0,959.46,19.580816326530613,15333.87,1
ASN-2106,Air,Nigeria,IDA FOUNDATION,EXW,159.0,1976.57,12.43125786163522,3095.36,1
ASN-21068,Air,Haiti,ABBVIE LOGISTICS (FORMERLY ABBOTT LOGISTICS BV),FCA,76.0,1259.05,16.566447368421052,3635.28,1
ASN-21069,Air,Haiti,MYLAN LABORATORIES LTD (FORMERLY MATRIX LABORATORIES),EXW,670.0,4909.72,7.327940298507463,100000.0,1
ASN-21072,Air,Haiti,MYLAN LABORATORIES LTD (FORMERLY MATRIX LABORATORIES),EXW,647.0,4444.33,6.869134466769706,96320.0,1
ASN-21073,Air,Zambia,Aurobindo Pharma Limited,EXW,7133.0,40583.63,5.689559792513668,469758.0,1
ASN-2116,Air,Rwanda,"Orgenics, Ltd",EXW,986.0,26574.61,26.951937119675456,302890.0,1
ASN-2117,Air,Guyana,"Orgenics, Ltd",EXW,14.0,360.0,25.714285714285715,2.13,1
ASN-21190,Air,Haiti,BRISTOL-MYERS SQUIBB,FCA,226.0,1962.1,8.681858407079645,7280.0,1
ASN-21218,Air,Nigeria,"Orgenics, Ltd",EXW,1241.0,13325.59,10.737784045124899,271895.0,1
ASN-21219,Air,Nigeria,"Orgenics, Ltd",EXW,1248.0,13383.47,10.723934294871794,273408.0,1
ASN-21220,Air,Nigeria,"Orgenics, Ltd",EXW,1248.0,13325.5,10.677483974358974,271984.0,1
ASN-21221,Air,Nigeria,"Orgenics, Ltd",EXW,1228.0,13325.65,10.85150651465798,272963.0,1
ASN-21222,Air,Nigeria,"Orgenics, Ltd",EXW,1221.0,12793.7,10.478050778050779,269047.0,1
ASN-21223,Air,Nigeria,"Orgenics, Ltd",EXW,1245.0,13383.47,10.749775100401607,272696.0,1
ASN-21224,Air,Nigeria,"Orgenics, Ltd",EXW,1235.0,13383.47,10.836817813765181,270560.0,1
ASN-21226,Air,Nigeria,"CHEMBIO DIAGNOSTIC SYSTEMS, INC.",EXW,60.0,624.92,10.415333333333333,6464.0,1
ASN-21229,Air,Tanzania,"Standard Diagnostics, Inc.",EXW,1208.0,20583.37,17.03921357615894,0.0,1
ASN-21230,Air,Tanzania,"Standard Diagnostics, Inc.",EXW,1265.0,21384.75,16.90494071146245,0.0,1
ASN-21231,Air,Tanzania,"Standard Diagnostics, Inc.",EXW,1255.0,21384.75,17.039641434262947,0.0,1
ASN-21233,Air,Tanzania,"Standard Diagnostics, Inc.",EXW,1249.0,20906.77,16.73880704563651,0.0,1
ASN-21234,Air,Tanzania,"Standard Diagnostics, Inc.",EXW,1257.0,21351.18,16.98582338902148,0.0,1
ASN-21235,Air,Tanzania,"Standard Diagnostics, Inc.",EXW,965.0,16382.89,16.977088082901552,0.0,1
ASN-21237,Air,Tanzania,"Standard Diagnostics, Inc.",EXW,1036.0,17579.56,16.96868725868726,200000.0,1
ASN-21267,Air,"Congo, DRC",ABBVIE LOGISTICS (FORMERLY ABBOTT LOGISTICS BV),FCA,43.0,453.31,10.542093023255815,1805.76,1
ASN-21309,Air,Cameroon,"Orgenics, Ltd",EXW,2268.0,37942.89,16.72966931216931,400000.0,1
ASN-21340,Air,Mozambique,ABBVIE LOGISTICS (FORMERLY ABBOTT LOGISTICS BV),FCA,23.0,851.62,37.02695652173913,1150.8,1
ASN-21347,Air,Côte d'Ivoire,"CHEMBIO DIAGNOSTIC SYSTEMS, INC.",EXW,1252.0,10821.66,8.64349840255591,98600.0,1
ASN-21349,Air,Burundi,"CHEMBIO DIAGNOSTIC SYSTEMS, INC.",EXW,145.0,1682.15,11.601034482758621,34472.4,1
ASN-21378,Air,Vietnam,ABBVIE LOGISTICS (FORMERLY ABBOTT LOGISTICS BV),FCA,15.0,493.42,32.894666666666666,1651.46,1
ASN-21380,Air,Vietnam,ABBVIE LOGISTICS (FORMERLY ABBOTT LOGISTICS BV),FCA,43.0,421.24,9.796279069767442,9978.54,1
ASN-21405,Air,Uganda,MYLAN LABORATORIES LTD (FORMERLY MATRIX LABORATORIES),EXW,6918.0,22886.81,3.308298641225788,405000.0,1
ASN-21423,Air,Rwanda,"SHANGHAI KEHUA BIOENGINEERING CO.,LTD.  (KHB)",EXW,18667.0,289653.2,15.51685862752451,686000.0,1
ASN-21425,Air,Mozambique,STRIDES ARCOLAB LIMITED,EXW,834.0,3574.24,4.285659472422062,38450.56,1
ASN-21426,Air,Mozambique,STRIDES ARCOLAB LIMITED,EXW,1139.0,4683.02,4.1115188762071995,52633.0,1
ASN-21443,Air,Uganda,"CHEMBIO DIAGNOSTIC SYSTEMS, INC.",EXW,318.0,4604.83,14.48059748427673,78660.0,1
ASN-21478,Air,Zambia,"Trinity Biotech, Plc",EXW,880.0,7616.19,8.654761363636363,96000.0,1
ASN-21499,Air,Cameroon,MYLAN LABORATORIES LTD (FORMERLY MATRIX LABORATORIES),EXW,5016.0,43408.7,8.654047049441786,495138.05,1
ASN-21501,Air,Tanzania,MYLAN LABORATORIES LTD (FORMERLY MATRIX LABORATORIES),EXW,28678.0,118541.26,4.133526047841551,2653081.2,1
ASN-21502,Ocean,Tanzania,MYLAN LABORATORIES LTD (FORMERLY MATRIX LABORATORIES),EXW,21675.0,20312.64,0.9371460207612456,2047473.21,1
ASN-21504,Ocean,Tanzania,MYLAN LABORATORIES LTD (FORMERLY MATRIX LABORATORIES),EXW,8182.0,7814.59,0.9550953312148619,821379.87,1
ASN-21516,Air,Uganda,BIO-RAD LABORATORIES (FRANCE),EXW,8.0,855.41,106.92625,1363.65,1
ASN-21520,Air,Uganda,STRIDES ARCOLAB LIMITED,EXW,6953.0,30711.92,4.417074644038545,355200.12,1
ASN-21522,Air,Uganda,ABBVIE LOGISTICS (FORMERLY ABBOTT LOGISTICS BV),FCA,32.0,852.02,26.625625,1438.5,1
ASN-21528,Air,Cameroon,CIPLA LIMITED,EXW,23.0,1067.02,46.39217391304348,388.81,1
ASN-21529,Air,Cameroon,CIPLA LIMITED,EXW,803.0,7032.5,8.757783312577834,51757.86,1
ASN-21530,Air,Cameroon,CIPLA LIMITED,EXW,4549.0,36166.79,7.950492415915586,311496.12,1
ASN-21532,Air,Uganda,HETERO LABS LIMITED,EXW,2773.0,8723.46,3.1458564731337897,83914.15,1
ASN-21549,Air,Vietnam,ABBVIE LOGISTICS (FORMERLY ABBOTT LOGISTICS BV),FCA,826.0,3315.82,4.014309927360775,208855.88,1
ASN-21551,Air,Vietnam,ABBVIE LOGISTICS (FORMERLY ABBOTT LOGISTICS BV),FCA,2042.0,6969.82,3.413232125367287,520984.12,1
ASN-21559,Air,Tanzania,CIPLA LIMITED,EXW,21674.0,90677.04,4.1836781397065606,1215000.0,1
ASN-21568,Air,Zambia,Aurobindo Pharma Limited,EXW,1184.0,5904.94,4.987280405405405,69684.9,1
ASN-21572,Air,Cameroon,MYLAN LABORATORIES LTD (FORMERLY MATRIX LABORATORIES),EXW,294.0,4339.64,14.760680272108845,32500.0,1
ASN-21574,Air,Côte d'Ivoire,ABBVIE LOGISTICS (FORMERLY ABBOTT LOGISTICS BV),FCA,336.0,5755.58,17.12970238095238,10478.8,1
ASN-21586,Air,Mozambique,ABBVIE LOGISTICS (FORMERLY ABBOTT LOGISTICS BV),FCA,87.0,1053.88,12.113563218390805,4219.6,1
ASN-21627,Ocean,Uganda,MYLAN LABORATORIES LTD (FORMERLY MATRIX LABORATORIES),EXW,37127.0,33981.11,0.9152667869744391,2411541.11,1
ASN-21651,Air,Vietnam,HETERO LABS LIMITED,EXW,1228.0,1849.17,1.5058387622149838,46571.76,1
ASN-21652,Air,Vietnam,HETERO LABS LIMITED,EXW,2321.0,3353.3,1.444765187419216,88082.64,1
ASN-21667,Air,Vietnam,HETERO LABS LIMITED,EXW,117.0,658.27,5.6262393162393165,8113.0,1
ASN-21668,Air,Vietnam,HETERO LABS LIMITED,EXW,136.0,678.96,4.99235294117647,12337.0,1
ASN-2167,Air,Tanzania,BRISTOL-MYERS SQUIBB,CIP,117.0,645.1,5.513675213675214,61470.99,1
ASN-21682,Air,Malawi,"Orgenics, Ltd",EXW,60.0,1619.3,26.988333333333333,12320.0,1
ASN-21694,Air,Vietnam,MYLAN LABORATORIES LTD (FORMERLY MATRIX LABORATORIES),EXW,1640.0,2503.07,1.5262621951219513,166605.0,1
ASN-21695,Air,Vietnam,MYLAN LABORATORIES LTD (FORMERLY MATRIX LABORATORIES),EXW,1295.0,2021.05,1.5606563706563705,132135.0,1
ASN-21698,Air,Cameroon,Aurobindo Pharma Limited,EXW,2993.0,28620.2,9.562378884062813,135047.85,1
ASN-21700,Air,Cameroon,Aurobindo Pharma Limited,EXW,4117.0,35943.58,8.730527082827303,87696.0,1
ASN-21701,Air,Cameroon,Aurobindo Pharma Limited,EXW,3642.0,31434.31,8.63105711147721,77838.75,1
ASN-21703,Air,Cameroon,Aurobindo Pharma Limited,EXW,4426.0,37479.21,8.467964301852689,283818.3,1
ASN-21704,Air,Cameroon,Aurobindo Pharma Limited,EXW,4926.0,40227.6,8.166382460414129,314687.91,1
ASN-21706,Air,Cameroon,Aurobindo Pharma Limited,EXW,4892.0,41173.77,8.416551512673752,313126.95,1
ASN-21707,Air,Cameroon,Aurobindo Pharma Limited,EXW,3234.0,26980.59,8.342792207792208,150780.9,1
ASN-21708,Air,Cameroon,Aurobindo Pharma Limited,EXW,3227.0,26930.79,8.345457080880074,150660.0,1
ASN-21709,Air,Cameroon,Aurobindo Pharma Limited,EXW,2100.0,17568.6,8.366,97617.45,1
ASN-21710,Air,Cameroon,Aurobindo Pharma Limited,EXW,4093.0,34441.93,8.414837527485952,261704.7,1
ASN-21750,Air,Malawi,"Trinity Biotech, Plc",EXW,17.0,703.25,41.36764705882353,1024.0,1
ASN-21751,Air,South Sudan,"Trinity Biotech, Plc",EXW,176.0,4124.74,23.436022727272725,17696.0,1
ASN-21763,Air,Côte d'Ivoire,"Standard Diagnostics, Inc.",EXW,1267.0,12711.93,10.033093922651934,77900.0,1
ASN-21766,Air,Uganda,CIPLA LIMITED,EXW,15435.0,56180.34,3.639801749271137,931467.6,1
ASN-21767,Air,Uganda,CIPLA LIMITED,EXW,8722.0,32208.32,3.692767713827104,641734.2,1
ASN-21798,Air,Dominican Republic,EMCURE PHARMACEUTICALS LTD,EXW,170.0,1965.62,11.562470588235293,38040.0,1
ASN-21813,Air,Burundi,"Orgenics, Ltd",EXW,1133.0,20572.96,18.157952338923213,223680.0,1
ASN-21817,Air,Vietnam,MYLAN LABORATORIES LTD (FORMERLY MATRIX LABORATORIES),EXW,9479.0,14402.92,1.519455638780462,965160.0,1
ASN-21821,Ocean,Uganda,STRIDES ARCOLAB LIMITED,EXW,4334.0,8144.11,1.8791209044762343,227600.12,1
ASN-21822,Ocean,Uganda,STRIDES ARCOLAB LIMITED,EXW,3914.0,7769.41,1.9850306591722022,203049.88,1
ASN-21834,Air,Zimbabwe,LAWRENCE LABORATORIES (SUBSIDIARY OF BRISTOL MYERS SQUIBB),FCA,169.0,2387.62,14.12792899408284,5229.0,1
ASN-21846,Air,Zambia,"Trinity Biotech, Plc",EXW,1353.0,17507.94,12.940088691796008,144000.0,1
ASN-21848,Air,Haiti,"Orgenics, Ltd",EXW,1624.0,16994.9,10.464839901477834,400000.0,1
ASN-21851,Air,Cameroon,CIPLA LIMITED,EXW,4082.0,51243.69,12.553574228319452,183503.2,1
ASN-21852,Air,Guyana,ABBVIE LOGISTICS (FORMERLY ABBOTT LOGISTICS BV),FCA,48.0,749.36,15.611666666666666,729.84,1
ASN-21866,Air,Uganda,BIO-RAD LABORATORIES (FRANCE),EXW,43.0,1324.43,30.800697674418608,38750.0,1
ASN-21881,Ocean,Uganda,STRIDES ARCOLAB LIMITED,EXW,3963.0,12961.76,3.2706939187484227,203049.88,1
ASN-21883,Air,Côte d'Ivoire,Aurobindo Pharma Limited,EXW,76.0,1921.02,25.27657894736842,3015.0,1
ASN-21891,Ocean,Zambia,Aurobindo Pharma Limited,EXW,8725.0,54417.75,6.236991404011461,916317.2,1
ASN-21906,Air,Zambia,"Orgenics, Ltd",EXW,1623.0,20644.03,12.719673444239064,320000.0,1
ASN-21926,Air,Tanzania,HETERO LABS LIMITED,EXW,28168.0,127285.48,4.518797216699801,2100000.0,1
ASN-21946,Air,Cameroon,HETERO LABS LIMITED,EXW,11615.0,102199.13,8.798891950064572,865945.5,1
ASN-21949,Air,Nigeria,"Trinity Biotech, Plc",EXW,290.0,15450.88,53.27889655172414,203360.0,1
ASN-21967,Air,Cameroon,Orasure Technologies Inc.,EXW,5006.0,88560.19,17.690809029165003,700000.0,1
ASN-22001,Ocean,Uganda,MYLAN LABORATORIES LTD (FORMERLY MATRIX LABORATORIES),EXW,858.0,10833.06,12.625944055944055,64173.12,1
ASN-22038,Air,Cameroon,Orasure Technologies Inc.,EXW,75.0,1406.75,18.756666666666668,10500.0,1
ASN-2204,Air,Vietnam,CIPLA LIMITED,EXW,1000.0,7526.06,7.52606,77108.0,1
ASN-22040,Air,South Sudan,"Orgenics, Ltd",EXW,188.0,2997.85,15.946010638297873,42420.0,1
ASN-22041,Air,Malawi,"Trinity Biotech, Plc",EXW,5.0,572.55,114.50999999999999,480.0,1
ASN-22043,Air,Cameroon,HUMAN GMBH,EXW,46.0,1003.18,21.808260869565217,3347.4,1
ASN-2205,Air,Vietnam,CIPLA LIMITED,EXW,920.0,7265.05,7.89679347826087,71040.0,1
ASN-22054,Air,Côte d'Ivoire,MYLAN LABORATORIES LTD (FORMERLY MATRIX LABORATORIES),EXW,608.0,4568.92,7.514671052631579,90000.0,1
ASN-22068,Air,Cameroon,CIPLA LIMITED,EXW,1278.0,15106.61,11.820508607198748,57960.0,1
ASN-22072,Air,Vietnam,MYLAN LABORATORIES LTD (FORMERLY MATRIX LABORATORIES),EXW,1984.0,3225.12,1.6255645161290322,155675.25,1
ASN-22082,Air,Tanzania,ABBVIE LOGISTICS (FORMERLY ABBOTT LOGISTICS BV),FCA,328.0,3940.54,12.013841463414634,16251.84,1
ASN-221,Air,Tanzania,"Trinity Biotech, Plc",EXW,488.0,3114.08,6.381311475409836,97300.0,1
ASN-22107,Air,Côte d'Ivoire,ABBVIE LOGISTICS (FORMERLY ABBOTT LOGISTICS BV),FCA,102.0,1743.84,17.09647058823529,5343.0,1
ASN-22108,Air,Burundi,"CHEMBIO DIAGNOSTIC SYSTEMS, INC.",EXW,47.0,732.47,15.584468085106383,11812.8,1
ASN-22109,Air,Tanzania,"Orgenics, Ltd",EXW,2.0,925.04,462.52,240.0,1
ASN-22113,Air,Dominican Republic,"Orgenics, Ltd",EXW,721.0,9165.29,12.711914008321777,163300.0,1
ASN-22130,Air,Uganda,MYLAN LABORATORIES LTD (FORMERLY MATRIX LABORATORIES),EXW,3262.0,12034.96,3.689442060085837,92079.0,1
ASN-22141,Air,Uganda,CIPLA LIMITED,EXW,1874.0,7487.81,3.995629669156884,76893.6,1
ASN-22152,Air,Tanzania,Aurobindo Pharma Limited,EXW,1909.0,9612.49,5.035353588266108,216600.0,1
ASN-22164,Air,Côte d'Ivoire,"Orgenics, Ltd",EXW,730.0,10351.26,14.179808219178083,144000.0,1
ASN-22167,Air,Malawi,"Orgenics, Ltd",EXW,109.0,2384.79,21.87880733944954,20800.0,1
ASN-22168,Air,Burundi,"Orgenics, Ltd",EXW,516.0,9802.95,18.997965116279072,101440.0,1
ASN-22171,Air,Cameroon,"Orgenics, Ltd",EXW,1238.0,46044.38,37.19255250403877,400000.0,1
ASN-22172,Air,Nigeria,"Orgenics, Ltd",EXW,1233.0,20602.3,16.709083536090834,270204.0,1
ASN-22173,Air,Nigeria,"Orgenics, Ltd",EXW,1244.0,20602.3,16.561334405144695,272696.0,1
ASN-22178,Air,Zimbabwe,LAWRENCE LABORATORIES (SUBSIDIARY OF BRISTOL MYERS SQUIBB),FCA,95.0,2265.88,23.851368421052634,2604.0,1
ASN-22179,Air,Cameroon,HETERO LABS LIMITED,EXW,7912.0,62102.07,7.8490988372093025,266875.4,1
ASN-2218,Air,Ethiopia,MISSIONPHARMA A/S,EXW,7.0,399.18,57.02571428571429,1434.88,1
ASN-22180,Air,Cameroon,SUN PHARMACEUTICAL INDUSTRIES LTD (RANBAXY LABORATORIES LIMITED),EXW,4123.0,28778.76,6.9800533592044625,193406.4,1
ASN-22189,Air,Mozambique,"Trinity Biotech, Plc",EXW,202.0,2908.88,14.400396039603962,21600.0,1
ASN-22193,Air,Tanzania,Aurobindo Pharma Limited,EXW,255.0,2454.46,9.625333333333334,5538.0,1
ASN-22217,Air,Haiti,"SHANGHAI KEHUA BIOENGINEERING CO.,LTD.  (KHB)",EXW,240.0,2933.25,12.221875,8575.0,1
ASN-22266,Air,Tanzania,ABBVIE LOGISTICS (FORMERLY ABBOTT LOGISTICS BV),FCA,257.0,2160.36,8.406070038910507,8136.48,1
ASN-22277,Air,Dominican Republic,"Standard Diagnostics, Inc.",EXW,46.0,1428.23,31.048478260869565,0.0,1
ASN-2234,Air,Botswana,"Orgenics, Ltd",EXW,25.0,1038.39,41.5356,7199.0,1
ASN-22342,Air,Nigeria,"Orgenics, Ltd",EXW,1248.0,20602.3,16.508253205128206,273497.0,1
ASN-22343,Air,Nigeria,"Orgenics, Ltd",EXW,1231.0,20705.23,16.819845653939886,269759.0,1
ASN-22344,Air,Nigeria,"Orgenics, Ltd",EXW,1241.0,20602.3,16.601369863013698,271984.0,1
ASN-22345,Air,Nigeria,"Orgenics, Ltd",EXW,364.0,6522.64,17.91934065934066,79922.0,1
ASN-22346,Air,Nigeria,"Orgenics, Ltd",EXW,1234.0,21084.84,17.086580226904378,270382.0,1
ASN-22347,Air,Nigeria,"Orgenics, Ltd",EXW,1221.0,19891.2,16.290909090909093,269047.0,1
ASN-22348,Air,Nigeria,"Orgenics, Ltd",EXW,1240.0,20705.23,16.697766129032257,271717.0,1
ASN-22349,Air,Nigeria,"Orgenics, Ltd",EXW,1249.0,20705.23,16.577445956765413,273764.0,1
ASN-22350,Air,Nigeria,"Orgenics, Ltd",EXW,1233.0,21084.84,17.10043795620438,270115.0,1
ASN-22351,Air,Nigeria,"Orgenics, Ltd",EXW,1234.0,21084.84,17.086580226904378,270382.0,1
ASN-22352,Air,Nigeria,"Orgenics, Ltd",EXW,1238.0,22872.42,18.475298869143778,271450.0,1
ASN-22353,Air,Nigeria,"Orgenics, Ltd",EXW,1235.0,21084.84,17.072744939271256,270649.0,1
ASN-22354,Air,Nigeria,"Orgenics, Ltd",EXW,1249.0,21084.84,16.881377101681345,273764.0,1
ASN-22356,Air,Nigeria,"Orgenics, Ltd",EXW,1192.0,19458.84,16.32453020134228,262461.0,1
ASN-22375,Air,Mozambique,"Orgenics, Ltd",EXW,267.0,3453.53,12.934569288389515,51600.0,1
ASN-22377,Air,Côte d'Ivoire,"Orgenics, Ltd",EXW,1033.0,24728.57,23.938596321393998,352000.0,1
ASN-2243,Air,Vietnam,STRIDES ARCOLAB LIMITED,EXW,432.0,7444.35,17.23229166666667,13448.75,1
ASN-2244,Air,Vietnam,STRIDES ARCOLAB LIMITED,EXW,502.0,7575.6,15.090836653386456,15631.0,1
ASN-22462,Air,Côte d'Ivoire,"CHEMBIO DIAGNOSTIC SYSTEMS, INC.",EXW,550.0,8263.16,15.023927272727272,55100.0,1
ASN-22467,Air,Cameroon,STRIDES ARCOLAB LIMITED,EXW,1638.0,18141.62,11.075470085470085,82764.55,1
ASN-22493,Air,Uganda,CIPLA LIMITED,EXW,5714.0,20416.03,3.5729838991949596,319536.9,1
ASN-22494,Air,Uganda,CIPLA LIMITED,EXW,8638.0,30764.18,3.5614934012502895,493524.9,1
ASN-22495,Air,Uganda,CIPLA LIMITED,EXW,4620.0,18550.93,4.015352813852814,184000.0,1
ASN-22496,Air,Uganda,CIPLA LIMITED,EXW,5593.0,19759.68,3.5329304487752546,162000.0,1
ASN-22498,Air,Uganda,ABBVIE LOGISTICS (FORMERLY ABBOTT LOGISTICS BV),FCA,65.0,887.67,13.656461538461539,2856.45,1
ASN-22538,Air,Zambia,"Trinity Biotech, Plc",EXW,266.0,8308.74,31.235864661654134,92800.0,1
ASN-2255,Air,Guyana,ZEPHYR BIOMEDICALS,CIP,34.0,180.0,5.294117647058823,3675.0,1
ASN-2256,Air,Rwanda,"Trinity Biotech, Plc",EXW,234.0,5446.06,23.273760683760685,47260.0,1
ASN-2257,Air,Haiti,"Trinity Biotech, Plc",EXW,100.0,1372.85,13.728499999999999,16819.0,1
ASN-22576,Air,Uganda,MYLAN LABORATORIES LTD (FORMERLY MATRIX LABORATORIES),EXW,122.0,1249.78,10.244098360655737,29190.0,1
ASN-22588,Air,Uganda,MYLAN LABORATORIES LTD (FORMERLY MATRIX LABORATORIES),EXW,440.0,2242.71,5.097068181818182,105525.0,1
ASN-22594,Air,Uganda,ASPEN PHARMACARE,CIP,22.0,265.0,12.045454545454545,3888.0,1
ASN-22601,Air,Uganda,ASPEN PHARMACARE,CIP,74.0,294.86,3.984594594594595,7812.0,1
ASN-22654,Air,Cameroon,MYLAN LABORATORIES LTD (FORMERLY MATRIX LABORATORIES),EXW,9268.0,77756.12,8.389741044454034,855572.95,1
ASN-2267,Air,Nigeria,"CHEMBIO DIAGNOSTIC SYSTEMS, INC.",EXW,2224.0,12768.47,5.741218525179856,176040.0,1
ASN-22686,Air,Vietnam,MICRO LABS LIMITED,EXW,539.0,1666.35,3.0915584415584414,20367.39,1
ASN-22687,Air,Vietnam,MICRO LABS LIMITED,EXW,301.0,1457.92,4.84358803986711,11492.61,1
ASN-22706,Air,Uganda,ASPEN PHARMACARE,CIP,169.0,359.53,2.127396449704142,75124.8,1
ASN-22712,Air,Haiti,MYLAN LABORATORIES LTD (FORMERLY MATRIX LABORATORIES),EXW,1189.0,7296.97,6.137064760302776,178100.0,1
ASN-22715,Air,Haiti,ABBVIE LOGISTICS (FORMERLY ABBOTT LOGISTICS BV),FCA,463.0,3222.27,6.959546436285097,36031.8,1
ASN-2274,Air,Vietnam,Aurobindo Pharma Limited,EXW,2719.0,18614.72,6.8461640308937115,141939.0,1
ASN-22749,Air,South Sudan,"Orgenics, Ltd",EXW,149.0,3256.76,21.85744966442953,32870.0,1
ASN-2275,Air,Vietnam,Aurobindo Pharma Limited,EXW,242.0,5881.57,24.30400826446281,6997.8,1
ASN-22752,Air,Nigeria,"CHEMBIO DIAGNOSTIC SYSTEMS, INC.",EXW,2097.0,9634.16,4.594258464473056,174048.0,1
ASN-2276,Air,Vietnam,Aurobindo Pharma Limited,EXW,185.0,5551.97,30.01064864864865,18648.0,1
ASN-2277,Air,Vietnam,Aurobindo Pharma Limited,EXW,703.0,10356.86,14.732375533428165,40298.4,1
ASN-22771,Air,Nigeria,MYLAN LABORATORIES LTD (FORMERLY MATRIX LABORATORIES),EXW,574.0,4760.43,8.293432055749129,65000.0,1
ASN-22787,Air,Cameroon,Aurobindo Pharma Limited,EXW,1007.0,11067.86,10.990923535253229,98717.4,1
ASN-22800,Air,Vietnam,CIPLA LIMITED,EXW,866.0,1464.24,1.69080831408776,50527.8,1
ASN-22818,Air,Zimbabwe,"Orgenics, Ltd",EXW,864.0,14314.83,16.568090277777777,170000.0,1
ASN-22826,Air,Côte d'Ivoire,ABBVIE LOGISTICS (FORMERLY ABBOTT LOGISTICS BV),FCA,387.0,6020.48,15.556795865633074,20550.0,1
ASN-22827,Air,Vietnam,CIPLA LIMITED,EXW,1485.0,2702.63,1.819952861952862,87172.2,1
ASN-22828,Air,Côte d'Ivoire,ABBVIE LOGISTICS (FORMERLY ABBOTT LOGISTICS BV),FCA,909.0,6020.53,6.623245324532453,46629.0,1
ASN-22833,Air,Tanzania,CIPLA LIMITED,EXW,7696.0,33442.63,4.345456081081081,431235.9,1
ASN-22834,Air,Tanzania,CIPLA LIMITED,EXW,11646.0,50445.73,4.331592821569638,652179.6,1
ASN-22835,Air,Tanzania,CIPLA LIMITED,EXW,2368.0,11363.07,4.79859375,131584.5,1
ASN-22844,Air,Tanzania,Aurobindo Pharma Limited,EXW,632.0,4168.19,6.595237341772151,62445.0,1
ASN-22849,Air,Rwanda,Aurobindo Pharma Limited,EXW,1428.0,9061.84,6.345826330532213,203000.0,1
ASN-22850,Air,Zimbabwe,MYLAN LABORATORIES LTD (FORMERLY MATRIX LABORATORIES),EXW,962.0,6773.13,7.040675675675676,132336.9,1
ASN-22877,Air,Nigeria,"Orgenics, Ltd",EXW,3788.0,61035.9,16.112961985216472,830815.0,1
ASN-22879,Air,Nigeria,"Orgenics, Ltd",EXW,3787.0,61637.1,16.27597042513863,830370.0,1
ASN-22882,Air,Nigeria,"Orgenics, Ltd",EXW,3090.0,60185.33,19.477453074433658,831883.0,1
ASN-22885,Air,Nigeria,"Orgenics, Ltd",EXW,3778.0,59767.71,15.819933827421917,828412.0,1
ASN-22886,Air,Nigeria,"Orgenics, Ltd",EXW,2425.0,39069.63,16.111187628865977,532487.0,1
ASN-22935,Air,Vietnam,Aurobindo Pharma Limited,EXW,81.0,459.72,5.6755555555555555,9222.6,1
ASN-22937,Air,Vietnam,Aurobindo Pharma Limited,EXW,36.0,430.5,11.958333333333334,6737.4,1
ASN-22938,Air,Zambia,Aurobindo Pharma Limited,EXW,980.0,6020.81,6.143683673469388,43000.0,1
ASN-22941,Air,Tanzania,ABBVIE LOGISTICS (FORMERLY ABBOTT LOGISTICS BV),FCA,209.0,2177.56,10.418947368421053,10478.16,1
ASN-22952,Air,Guyana,Aurobindo Pharma Limited,EXW,5.0,672.49,134.498,513.0,1
ASN-22955,Air,South Sudan,"Trinity Biotech, Plc",EXW,159.0,2395.42,15.06553459119497,16896.0,1
ASN-22956,Air,South Sudan,"Trinity Biotech, Plc",EXW,132.0,1847.97,13.999772727272727,14208.0,1
ASN-22978,Air,Guyana,ABBVIE LOGISTICS (FORMERLY ABBOTT LOGISTICS BV),FCA,53.0,926.13,17.474150943396225,1398.86,1
ASN-22982,Air,Uganda,Aurobindo Pharma Limited,EXW,2127.0,10898.13,5.1237094499294775,13478.4,1
ASN-22983,Air,Uganda,Aurobindo Pharma Limited,EXW,2385.0,10898.12,4.569442348008386,14346.8,1
ASN-22984,Air,Uganda,Aurobindo Pharma Limited,EXW,2454.0,10898.12,4.4409616951915245,14703.0,1
ASN-22999,Air,Vietnam,MYLAN LABORATORIES LTD (FORMERLY MATRIX LABORATORIES),EXW,146.0,746.89,5.115684931506849,10721.48,1
ASN-23000,Air,Vietnam,MYLAN LABORATORIES LTD (FORMERLY MATRIX LABORATORIES),EXW,415.0,1009.6,2.4327710843373493,31463.52,1
ASN-23016,Air,Haiti,ABBVIE LOGISTICS (FORMERLY ABBOTT LOGISTICS BV),FCA,166.0,737.11,4.440421686746988,12480.72,1
ASN-23017,Air,Haiti,ABBVIE LOGISTICS (FORMERLY ABBOTT LOGISTICS BV),FCA,8.0,737.12,92.14,475.2,1
ASN-23076,Air,Uganda,MYLAN LABORATORIES LTD (FORMERLY MATRIX LABORATORIES),EXW,811.0,4139.95,5.1047472256473485,120000.0,1
ASN-23125,Air,Rwanda,"SHANGHAI KEHUA BIOENGINEERING CO.,LTD.  (KHB)",EXW,13656.0,139951.34,10.24834065612185,501784.5,1
ASN-23138,Air,Vietnam,ABBVIE LOGISTICS (FORMERLY ABBOTT LOGISTICS BV),FCA,6.0,3549.7,591.6166666666667,1884.06,1
ASN-23156,Air,South Sudan,"Orgenics, Ltd",EXW,285.0,4350.03,15.263263157894736,61766.0,1
ASN-23174,Air,Vietnam,HETERO LABS LIMITED,EXW,975.0,2048.91,2.1014461538461537,45060.15,1
ASN-23182,Air,Vietnam,ABBVIE LOGISTICS (FORMERLY ABBOTT LOGISTICS BV),FCA,1736.0,5265.22,3.0329608294930877,437234.88,1
ASN-23200,Air,Nigeria,"CHEMBIO DIAGNOSTIC SYSTEMS, INC.",EXW,1252.0,5758.84,4.5997124600638974,106784.0,1
ASN-23207,Air,Côte d'Ivoire,ABBVIE LOGISTICS (FORMERLY ABBOTT LOGISTICS BV),FCA,56.0,1726.5,30.830357142857142,2397.5,1
ASN-23208,Air,Vietnam,HETERO LABS LIMITED,EXW,1018.0,1681.58,1.6518467583497052,47239.85,1
ASN-23213,Air,Tanzania,MYLAN LABORATORIES LTD (FORMERLY MATRIX LABORATORIES),EXW,2039.0,9182.45,4.5034085335949,223800.0,1
ASN-23215,Air,Vietnam,MYLAN LABORATORIES LTD (FORMERLY MATRIX LABORATORIES),EXW,957.0,1869.41,1.9534064785788925,74871.0,1
ASN-23223,Air,Uganda,ABBVIE LOGISTICS (FORMERLY ABBOTT LOGISTICS BV),EXW,221.0,2553.06,11.552307692307693,5794.16,1
ASN-23225,Air,Uganda,CIPLA LIMITED,EXW,597.0,2905.49,4.866817420435511,24800.0,1
ASN-2325,Air,Botswana,"Orgenics, Ltd",EXW,5406.0,559.95,0.10357935627081022,560.0,1
ASN-23308,Air,Uganda,Aurobindo Pharma Limited,EXW,575.0,3231.11,5.619321739130435,11313.75,1
ASN-23338,Air,Cameroon,Aurobindo Pharma Limited,EXW,4927.0,65875.32,13.370269941140656,417790.5,1
ASN-23340,Air,Zambia,Aurobindo Pharma Limited,EXW,1044.0,5145.69,4.9288218390804595,43000.0,1
ASN-2335,Air,Vietnam,MYLAN LABORATORIES LTD (FORMERLY MATRIX LABORATORIES),EXW,889.0,7884.8,8.869291338582677,88926.72,1
ASN-23353,Air,Côte d'Ivoire,Aurobindo Pharma Limited,EXW,406.0,4837.38,11.91472906403941,8125.0,1
ASN-2336,Air,Vietnam,MYLAN LABORATORIES LTD (FORMERLY MATRIX LABORATORIES),EXW,1537.0,13507.92,8.788497072218608,163784.64,1
ASN-2337,Air,Vietnam,MYLAN LABORATORIES LTD (FORMERLY MATRIX LABORATORIES),EXW,301.0,4883.46,16.224119601328905,62294.4,1
ASN-23373,Air,Nigeria,ABBVIE LOGISTICS (FORMERLY ABBOTT LOGISTICS BV),FCA,640.0,6185.25,9.664453125,32747.22,1
ASN-23375,Air,Nigeria,ABBVIE LOGISTICS (FORMERLY ABBOTT LOGISTICS BV),FCA,1848.0,17654.94,9.55353896103896,59883.26,1
ASN-2338,Air,Vietnam,MYLAN LABORATORIES LTD (FORMERLY MATRIX LABORATORIES),EXW,120.0,5921.97,49.34975,24917.76,1
ASN-23388,Air,Côte d'Ivoire,ABBVIE LOGISTICS (FORMERLY ABBOTT LOGISTICS BV),FCA,505.0,5335.6,10.565544554455446,26136.0,1
ASN-2339,Air,Vietnam,Aurobindo Pharma Limited,EXW,755.0,6609.02,8.753668874172186,38304.0,1
ASN-23390,Air,Zambia,ABBVIE LOGISTICS (FORMERLY ABBOTT LOGISTICS BV),FCA,2410.0,14384.91,5.968842323651452,79176.58,1
ASN-23392,Air,Côte d'Ivoire,"Orgenics, Ltd",EXW,577.0,9275.59,16.075545927209706,112000.0,1
ASN-23397,Air,Tanzania,Aurobindo Pharma Limited,EXW,802.0,5740.54,7.157780548628429,18582.72,1
ASN-23425,Air,Cameroon,Aurobindo Pharma Limited,EXW,4962.0,63818.03,12.861352277307537,420711.8,1
ASN-23441,Air,Nigeria,"Trinity Biotech, Plc",EXW,9312.0,77833.24,8.35838058419244,1018944.0,1
ASN-23448,Air,Côte d'Ivoire,Aurobindo Pharma Limited,EXW,482.0,5678.33,11.780767634854772,10550.0,1
ASN-23519,Air,Pakistan,INVERNESS MEDICAL INNOVATIONS HONG KONG LTD,EXW,1744.0,19489.83,11.175361238532112,358720.0,1
ASN-2352,Air,Nigeria,"Orgenics, Ltd",EXW,1566.0,19992.75,12.76676245210728,549931.25,1
ASN-2359,Air,Nigeria,"CHEMBIO DIAGNOSTIC SYSTEMS, INC.",EXW,2985.0,20635.3,6.9129983249581235,244296.0,1
ASN-23606,Air,Rwanda,ABBVIE LOGISTICS (FORMERLY ABBOTT LOGISTICS BV),FCA,65.0,985.26,15.157846153846153,2970.0,1
ASN-23622,Air,Vietnam,Aurobindo Pharma Limited,EXW,3301.0,5764.28,1.7462223568615571,216773.7,1
ASN-23647,Air,Vietnam,MYLAN LABORATORIES LTD (FORMERLY MATRIX LABORATORIES),EXW,1578.0,2689.85,1.704594423320659,155063.05,1
ASN-23648,Air,Vietnam,MYLAN LABORATORIES LTD (FORMERLY MATRIX LABORATORIES),EXW,1745.0,3977.24,2.279220630372493,172825.0,1
ASN-23656,Air,Rwanda,MYLAN LABORATORIES LTD (FORMERLY MATRIX LABORATORIES),EXW,3948.0,24035.49,6.088016717325228,549110.45,1
ASN-2366,Air,Nigeria,IDA FOUNDATION,EXW,115.0,1755.87,15.268434782608695,1547.68,1
ASN-23661,Air,Ethiopia,"Trinity Biotech, Plc",EXW,4.0,526.44,131.61,352.0,1
ASN-23666,Air,Vietnam,MYLAN LABORATORIES LTD (FORMERLY MATRIX LABORATORIES),EXW,4585.0,6881.65,1.500905125408942,452611.95,1
ASN-23667,Air,Vietnam,HETERO LABS LIMITED,EXW,93.0,668.75,7.190860215053763,3184.92,1
ASN-23668,Air,Vietnam,HETERO LABS LIMITED,EXW,1006.0,3001.35,2.9834493041749504,37315.08,1
ASN-2367,Air,Nigeria,IDA FOUNDATION,EXW,86.0,1528.06,17.76813953488372,875.0,1
ASN-23686,Air,Zambia,MYLAN LABORATORIES LTD (FORMERLY MATRIX LABORATORIES),EXW,24233.0,119474.09,4.930222836627739,1722000.0,1
ASN-23721,Air,Uganda,Aurobindo Pharma Limited,EXW,1863.0,6757.18,3.6270424047235643,40986.0,1
ASN-23737,Air,Côte d'Ivoire,"Orgenics, Ltd",EXW,1808.0,23237.62,12.852665929203539,352000.0,1
ASN-23738,Air,Côte d'Ivoire,Aurobindo Pharma Limited,EXW,72.0,1766.56,24.535555555555554,2925.0,1
ASN-23739,Air,Nigeria,CIPLA LIMITED,EXW,455.0,4967.03,10.91654945054945,36625.0,1
ASN-2378,Air,Haiti,ABBVIE LOGISTICS (FORMERLY ABBOTT LOGISTICS BV),FCA,19.0,658.68,34.66736842105263,205.6,1
ASN-23812,Air,Côte d'Ivoire,ABBVIE LOGISTICS (FORMERLY ABBOTT LOGISTICS BV),FCA,336.0,3899.33,11.60514880952381,10478.8,1
ASN-23820,Air,Haiti,ABBVIE LOGISTICS (FORMERLY ABBOTT LOGISTICS BV),FCA,38.0,1347.0,35.44736842105263,308.2,1
ASN-23834,Air,Côte d'Ivoire,"CHEMBIO DIAGNOSTIC SYSTEMS, INC.",EXW,763.0,7153.63,9.375661861074706,55100.0,1
ASN-23840,Air,Haiti,STRIDES ARCOLAB LIMITED,EXW,1772.0,11656.59,6.578211060948082,89575.2,1
ASN-23855,Ocean,Haiti,CIPLA LIMITED,EXW,426.0,2251.94,5.286244131455399,19209.6,1
ASN-23877,Air,Côte d'Ivoire,"Orgenics, Ltd",EXW,1272.0,16856.6,13.25204402515723,250800.0,1
ASN-2390,Air,Rwanda,HETERO LABS LIMITED,CIP,6701.0,87692.85,13.086531860916281,931578.0,1
ASN-2391,Air,Uganda,BRISTOL-MYERS SQUIBB,CIP,2.0,330.0,165.0,1183.5,1
ASN-23916,Air,Tanzania,Aurobindo Pharma Limited,EXW,1104.0,5765.11,5.222019927536231,109533.96,1
ASN-23946,Air,Nigeria,"Orgenics, Ltd",EXW,4388.0,66059.65,15.054614858705559,961022.0,1
ASN-23947,Air,Nigeria,"Orgenics, Ltd",EXW,3800.0,58592.54,15.419089473684211,833307.0,1
ASN-23948,Air,Nigeria,"Orgenics, Ltd",EXW,3759.0,57561.38,15.312950252726788,823962.0,1
ASN-23949,Air,Nigeria,"Orgenics, Ltd",EXW,3787.0,57017.68,15.056160549247425,828768.0,1
ASN-23950,Air,Nigeria,"Orgenics, Ltd",EXW,3744.0,57484.06,15.353648504273504,822449.0,1
ASN-2396,Air,Rwanda,"Trinity Biotech, Plc",EXW,1131.0,22370.64,19.7795225464191,108800.0,1
ASN-23967,Air,Tanzania,ABBVIE LOGISTICS (FORMERLY ABBOTT LOGISTICS BV),FCA,208.0,2336.46,11.23298076923077,10347.48,1
ASN-2397,Air,Botswana,"Trinity Biotech, Plc",EXW,3.0,1225.17,408.39000000000004,160.0,1
ASN-23970,Air,Côte d'Ivoire,ABBVIE LOGISTICS (FORMERLY ABBOTT LOGISTICS BV),FCA,519.0,5385.37,10.376435452793833,16642.8,1
ASN-23979,Air,Côte d'Ivoire,"Standard Diagnostics, Inc.",EXW,831.0,9254.06,11.136052948255113,49200.0,1
ASN-2399,Air,Zambia,"Trinity Biotech, Plc",EXW,3000.0,34902.96,11.634319999999999,288000.0,1
ASN-2400,Air,Botswana,"Trinity Biotech, Plc",EXW,166.0,1225.17,7.380542168674699,16000.0,1
ASN-24026,Air,Uganda,MYLAN LABORATORIES LTD (FORMERLY MATRIX LABORATORIES),CIP,805.0,1003.18,1.2461863354037266,110820.35,1
ASN-2403,Air,Mozambique,"Orgenics, Ltd",EXW,296.0,2648.82,8.948716216216217,72000.0,1
ASN-24041,Air,Vietnam,MYLAN LABORATORIES LTD (FORMERLY MATRIX LABORATORIES),EXW,1585.0,2965.32,1.870864353312303,114075.75,1
ASN-24044,Air,Mozambique,Aurobindo Pharma Limited,EXW,62.0,1045.5,16.862903225806452,16000.0,1
ASN-2408,Air,Tanzania,GLAXOSMITHKLINE EXPORT LIMITED,CIP,65.0,633.0,9.738461538461538,1990.56,1
ASN-24094,Air,Côte d'Ivoire,"Standard Diagnostics, Inc.",EXW,1281.0,13222.33,10.321881342701015,75850.0,1
ASN-24097,Air,Mozambique,"Orgenics, Ltd",EXW,3890.0,29244.02,7.517742930591259,766000.0,1
ASN-24127,Air,Mozambique,HETERO LABS LIMITED,EXW,34074.0,146734.85,4.306358220343958,2027500.0,1
ASN-24149,Air,Côte d'Ivoire,ABBVIE LOGISTICS (FORMERLY ABBOTT LOGISTICS BV),FCA,535.0,5924.33,11.073514018691588,27324.0,1
ASN-24156,Air,Mali,Orasure Technologies Inc.,EXW,11.0,1195.24,108.65818181818182,1400.0,1
ASN-24162,Air,Nigeria,"CHEMBIO DIAGNOSTIC SYSTEMS, INC.",EXW,1252.0,5850.25,4.672723642172524,111584.0,1
ASN-24164,Air,Côte d'Ivoire,Aurobindo Pharma Limited,EXW,72.0,1721.91,23.91541666666667,9097.0,1
ASN-242,Air,Rwanda,CIPLA LIMITED,EXW,7416.0,64179.42,8.65418284789644,1390110.9,1
ASN-24256,Air,Zambia,MYLAN LABORATORIES LTD (FORMERLY MATRIX LABORATORIES),EXW,356.0,2543.67,7.145140449438203,40040.0,1
ASN-24273,Air,Uganda,ASPEN PHARMACARE,CIP,79.0,281.94,3.568860759493671,30236.4,1
ASN-24301,Air,Tanzania,Aurobindo Pharma Limited,EXW,394.0,3245.39,8.237030456852791,9243.0,1
ASN-24302,Air,Tanzania,Aurobindo Pharma Limited,EXW,1337.0,8403.67,6.2854674644727,32552.52,1
ASN-24339,Air,Uganda,Aurobindo Pharma Limited,EXW,64.0,896.35,14.00546875,1500.0,1
ASN-2434,Air,Zimbabwe,"Orgenics, Ltd",EXW,373.0,4112.46,11.025361930294906,117631.66,1
ASN-24368,Air,Haiti,MYLAN LABORATORIES LTD (FORMERLY MATRIX LABORATORIES),EXW,2082.0,16574.55,7.960878962536023,155915.76,1
ASN-24369,Ocean,Haiti,Aurobindo Pharma Limited,EXW,122.0,2461.63,20.177295081967213,2866.25,1
ASN-24370,Ocean,Haiti,Aurobindo Pharma Limited,EXW,820.0,2214.69,2.7008414634146343,3080.4,1
ASN-24371,Ocean,Haiti,Aurobindo Pharma Limited,EXW,154.0,2520.54,16.367142857142856,4193.28,1
ASN-24373,Ocean,Haiti,MYLAN LABORATORIES LTD (FORMERLY MATRIX LABORATORIES),EXW,94.0,2350.55,25.005851063829788,7466.4,1
ASN-2438,Air,Nigeria,"Orgenics, Ltd",EXW,1927.0,24870.05,12.90609756097561,520160.0,1
ASN-24393,Air,Zimbabwe,LAWRENCE LABORATORIES (SUBSIDIARY OF BRISTOL MYERS SQUIBB),FCA,247.0,3584.08,14.510445344129554,7098.0,1
ASN-24394,Air,Vietnam,HETERO LABS LIMITED,EXW,1953.0,3658.08,1.8730568356374808,74904.64,1
ASN-24398,Air,Vietnam,HETERO LABS LIMITED,EXW,2832.0,7474.2,2.639194915254237,120715.36,1
ASN-24412,Ocean,Haiti,HETERO LABS LIMITED,EXW,5986.0,2549.52,0.42591379886401604,439395.0,1
ASN-24413,Air,Haiti,CIPLA LIMITED,EXW,66.0,1572.92,23.832121212121212,3705.0,1
ASN-24416,Air,Uganda,CIPLA LIMITED,EXW,1411.0,13983.98,9.910687455705173,60084.0,1
ASN-24417,Air,Uganda,CIPLA LIMITED,EXW,574.0,3868.24,6.739094076655052,16676.8,1
ASN-24418,Air,Nigeria,"Trinity Biotech, Plc",EXW,7080.0,70509.14,9.958918079096046,776000.0,1
ASN-24427,Air,Côte d'Ivoire,ABBVIE LOGISTICS (FORMERLY ABBOTT LOGISTICS BV),FCA,701.0,7008.1,9.997289586305278,35046.0,1
ASN-24431,Air,Vietnam,Aurobindo Pharma Limited,EXW,594.0,1113.01,1.8737542087542087,13500.0,1
ASN-24432,Air,Côte d'Ivoire,Aurobindo Pharma Limited,EXW,480.0,5325.3,11.094375000000001,10550.0,1
ASN-24439,Air,Rwanda,"SHANGHAI KEHUA BIOENGINEERING CO.,LTD.  (KHB)",EXW,1992.0,27313.0,13.711345381526105,73206.0,1
ASN-24449,Air,Côte d'Ivoire,MYLAN LABORATORIES LTD (FORMERLY MATRIX LABORATORIES),EXW,293.0,3169.34,10.816860068259386,42000.0,1
ASN-24474,Air,Mozambique,"Trinity Biotech, Plc",EXW,1674.0,10780.63,6.440041816009558,181536.0,1
ASN-2448,Air,Zambia,"Orgenics, Ltd",EXW,889.0,7303.52,8.215433070866142,216000.0,1
ASN-2449,Air,Côte d'Ivoire,"Orgenics, Ltd",EXW,256.0,4014.57,15.6819140625,78120.0,1
ASN-24507,Air,Mali,"Orgenics, Ltd",EXW,186.0,5346.38,28.743978494623658,35245.0,1
ASN-24545,Air,Mozambique,ABBVIE LOGISTICS (FORMERLY ABBOTT LOGISTICS BV),FCA,22.0,828.76,37.67090909090909,822.0,1
ASN-24552,Air,Nigeria,Aurobindo Pharma Limited,EXW,1548.0,11663.16,7.5343410852713175,140810.76,1
ASN-24564,Air,Tanzania,Aurobindo Pharma Limited,EXW,1899.0,10879.44,5.729036334913112,171197.04,1
ASN-24569,Air,Vietnam,HETERO LABS LIMITED,EXW,3443.0,6323.76,1.8367005518443218,257838.0,1
ASN-24570,Air,Vietnam,HETERO LABS LIMITED,EXW,3385.0,8764.53,2.5892259970457903,254016.0,1
ASN-24571,Air,Vietnam,HETERO LABS LIMITED,EXW,2982.0,8036.88,2.6951307847082497,223146.0,1
ASN-24573,Air,Mali,"Orgenics, Ltd",EXW,23.0,1148.65,49.94130434782609,4930.0,1
ASN-24648,Air,Mali,"Orgenics, Ltd",EXW,87.0,2445.68,28.11126436781609,14630.0,1
ASN-24662,Air,Tanzania,HETERO LABS LIMITED,EXW,4007.0,23397.41,5.839134015472922,347600.0,1
ASN-24696,Air,Vietnam,ABBVIE LOGISTICS (FORMERLY ABBOTT LOGISTICS BV),FCA,1720.0,5324.08,3.0953953488372092,427625.42,1
ASN-24703,Air,Mozambique,Aurobindo Pharma Limited,EXW,77.0,979.14,12.716103896103895,6064.0,1
ASN-24711,Air,Burundi,"CHEMBIO DIAGNOSTIC SYSTEMS, INC.",EXW,37.0,946.77,25.588378378378376,9522.0,1
ASN-24712,Air,Burundi,"Orgenics, Ltd",EXW,278.0,5626.76,20.24014388489209,54000.0,1
ASN-24715,Air,Rwanda,"SHANGHAI KEHUA BIOENGINEERING CO.,LTD.  (KHB)",EXW,1992.0,26266.34,13.185913654618474,73206.0,1
ASN-24716,Air,Rwanda,"SHANGHAI KEHUA BIOENGINEERING CO.,LTD.  (KHB)",EXW,1992.0,26266.34,13.185913654618474,73206.0,1
ASN-24717,Air,Rwanda,"SHANGHAI KEHUA BIOENGINEERING CO.,LTD.  (KHB)",EXW,1992.0,26266.34,13.185913654618474,73206.0,1
ASN-24718,Air,Rwanda,"SHANGHAI KEHUA BIOENGINEERING CO.,LTD.  (KHB)",EXW,1992.0,26266.34,13.185913654618474,73206.0,1
ASN-24719,Air,Rwanda,"SHANGHAI KEHUA BIOENGINEERING CO.,LTD.  (KHB)",EXW,1992.0,26266.34,13.185913654618474,73206.0,1
ASN-2472,Air,Côte d'Ivoire,BIO-RAD LABORATORIES (FRANCE),EXW,562.0,11298.13,20.103434163701067,38000.0,1
ASN-24720,Air,Rwanda,"SHANGHAI KEHUA BIOENGINEERING CO.,LTD.  (KHB)",EXW,1383.0,18323.97,13.24943600867679,50764.0,1
ASN-24721,Air,"Congo, DRC","Trinity Biotech, Plc",EXW,54.0,2734.02,50.63,8000.0,1
ASN-24722,Air,Côte d'Ivoire,"Orgenics, Ltd",EXW,2393.0,33029.82,13.802682824905975,472000.0,1
ASN-2473,Air,Guyana,"Trinity Biotech, Plc",EXW,1062.0,3976.33,3.7441902071563087,33984.0,1
ASN-24764,Air,Vietnam,ABBVIE LOGISTICS (FORMERLY ABBOTT LOGISTICS BV),FCA,484.0,1565.1,3.233677685950413,119754.58,1
ASN-2485,Air,Vietnam,CIPLA LIMITED,EXW,836.0,5136.08,6.143636363636364,72460.8,1
ASN-2486,Air,Vietnam,CIPLA LIMITED,EXW,1360.0,5412.14,3.979514705882353,113664.0,1
ASN-2489,Air,Vietnam,ABBVIE LOGISTICS (FORMERLY ABBOTT LOGISTICS BV),FCA,251.0,2519.89,10.039402390438246,85488.0,1
ASN-24897,Air,Côte d'Ivoire,"Standard Diagnostics, Inc.",EXW,900.0,9024.04,10.026711111111112,55350.0,1
ASN-2490,Air,Vietnam,ABBVIE LOGISTICS (FORMERLY ABBOTT LOGISTICS BV),FCA,370.0,2652.33,7.168459459459459,121656.0,1
ASN-24931,Air,Rwanda,MICRO LABS LIMITED,EXW,45.0,1411.52,31.36711111111111,1755.6,1
ASN-24980,Air,Haiti,"Orgenics, Ltd",EXW,1624.0,15537.04,9.567142857142859,400000.0,1
ASN-24982,Air,Haiti,"SHANGHAI KEHUA BIOENGINEERING CO.,LTD.  (KHB)",EXW,240.0,3126.61,13.027541666666668,8575.0,1
ASN-24983,Air,Tanzania,"Orgenics, Ltd",EXW,143.0,2508.46,17.541678321678322,28000.0,1
ASN-24994,Air,Côte d'Ivoire,CIPLA LIMITED,EXW,321.0,3740.01,11.651121495327104,7215.0,1
ASN-25,Air,Zambia,Abbott GmbH & Co. KG,FCA,171.0,1187.19,6.942631578947369,40000.0,1
ASN-2504,Air,Haiti,Orasure Technologies Inc.,EXW,109.0,782.13,7.175504587155963,9800.0,1
ASN-25073,Air,Tanzania,HETERO LABS LIMITED,EXW,6320.0,33343.63,5.27589082278481,209716.0,1
ASN-2508,Air,Côte d'Ivoire,"Orgenics, Ltd",EXW,275.0,4015.0,14.6,82180.0,1
ASN-25080,Air,Zimbabwe,"Orgenics, Ltd",EXW,3560.0,52462.81,14.73674438202247,702960.0,1
ASN-2515,Air,Vietnam,Aurobindo Pharma Limited,EXW,327.0,3171.36,9.698348623853212,20857.2,1
ASN-25195,Air,Mozambique,"Trinity Biotech, Plc",EXW,88.0,1088.93,12.374204545454546,9152.0,1
ASN-25196,Air,Mozambique,"Orgenics, Ltd",EXW,3611.0,24079.79,6.668454721683744,711840.0,1
ASN-25197,Air,Mozambique,"Orgenics, Ltd",EXW,3543.0,13789.73,3.892105560259667,408160.0,1
ASN-2523,Air,Vietnam,BRISTOL-MYERS SQUIBB,CIP,81.0,3013.09,37.19864197530865,2800.0,1
ASN-2524,Air,Vietnam,BRISTOL-MYERS SQUIBB,CIP,81.0,2035.66,25.131604938271607,2800.0,1
ASN-25267,Air,Rwanda,Aurobindo Pharma Limited,EXW,3790.0,66260.33,17.48293667546174,14631.9,1
ASN-25280,Air,Dominican Republic,"Trinity Biotech, Plc",EXW,146.0,790.78,5.416301369863014,16000.0,1
ASN-2532,Air,Mozambique,"Trinity Biotech, Plc",EXW,1796.0,32437.45,18.060940979955458,169600.0,1
ASN-25327,Air,Vietnam,MYLAN LABORATORIES LTD (FORMERLY MATRIX LABORATORIES),EXW,695.0,1377.02,1.9813237410071942,40338.0,1
ASN-25332,Air,Tanzania,MYLAN LABORATORIES LTD (FORMERLY MATRIX LABORATORIES),EXW,2069.0,9716.76,4.696355727404543,221800.0,1
ASN-25337,Air,Tanzania,MYLAN LABORATORIES LTD (FORMERLY MATRIX LABORATORIES),EXW,449.0,2865.22,6.381336302895322,28700.0,1
ASN-25451,Air,Mozambique,HETERO LABS LIMITED,EXW,4784.0,19286.53,4.031465301003344,284952.96,1
ASN-25452,Air,Mozambique,HETERO LABS LIMITED,EXW,4610.0,16835.52,3.6519566160520607,274053.12,1
ASN-25453,Air,Mozambique,HETERO LABS LIMITED,EXW,4516.0,16537.11,3.661893268379097,269381.76,1
ASN-25454,Air,Mozambique,HETERO LABS LIMITED,EXW,3138.0,16537.12,5.269955385595921,186854.4,1
ASN-25455,Air,Mozambique,HETERO LABS LIMITED,EXW,3392.0,16835.52,4.963301886792453,201257.76,1
ASN-25464,Air,Uganda,"Trinity Biotech, Plc",EXW,780.0,5024.15,6.441217948717949,79392.0,1
ASN-25469,Air,Uganda,"Orgenics, Ltd",EXW,2224.0,21346.47,9.598232913669065,438880.0,1
ASN-25470,Air,Dominican Republic,"Orgenics, Ltd",EXW,978.0,10159.15,10.387678936605317,230400.0,1
ASN-25473,Air,Haiti,"Orgenics, Ltd",EXW,1623.0,15230.88,9.384399260628465,400000.0,1
ASN-25486,Air,Côte d'Ivoire,Aurobindo Pharma Limited,EXW,96.0,1510.05,15.729687499999999,9096.0,1
ASN-25499,Air,Côte d'Ivoire,ABBVIE LOGISTICS (FORMERLY ABBOTT LOGISTICS BV),FCA,554.0,5848.39,10.556660649819495,18492.0,1
ASN-25504,Air,Lesotho,"Orgenics, Ltd",EXW,856.0,11063.78,12.92497663551402,168320.0,1
ASN-2554,Air,Nigeria,IDA FOUNDATION,EXW,488.0,4404.9,9.026434426229507,184.45,1
ASN-25540,Air,Rwanda,"SHANGHAI KEHUA BIOENGINEERING CO.,LTD.  (KHB)",EXW,3996.0,53062.21,13.27883133133133,146853.0,1
ASN-25541,Air,Rwanda,"SHANGHAI KEHUA BIOENGINEERING CO.,LTD.  (KHB)",EXW,3996.0,53102.22,13.288843843843845,146853.0,1
ASN-25542,Air,Rwanda,"SHANGHAI KEHUA BIOENGINEERING CO.,LTD.  (KHB)",EXW,3996.0,53062.21,13.27883133133133,146853.0,1
ASN-25543,Air,Rwanda,"SHANGHAI KEHUA BIOENGINEERING CO.,LTD.  (KHB)",EXW,2712.0,37680.04,13.89382005899705,99666.0,1
ASN-25559,Air,Tanzania,MYLAN LABORATORIES LTD (FORMERLY MATRIX LABORATORIES),EXW,2205.0,9815.52,4.4514829931972795,129600.0,1
ASN-25567,Ocean,Tanzania,MYLAN LABORATORIES LTD (FORMERLY MATRIX LABORATORIES),EXW,10504.0,28270.78,2.691429931454684,824900.0,1
ASN-25570,Air,Haiti,Aurobindo Pharma Limited,EXW,180.0,1773.7,9.85388888888889,3073.5,1
ASN-25595,Air,Burundi,"Orgenics, Ltd",EXW,462.0,12205.04,26.4178354978355,90240.0,1
ASN-25596,Air,Côte d'Ivoire,"Standard Diagnostics, Inc.",EXW,469.0,5463.16,11.648528784648187,28700.0,1
ASN-25604,Air,Tanzania,MYLAN LABORATORIES LTD (FORMERLY MATRIX LABORATORIES),EXW,1412.0,6758.01,4.786126062322946,211300.0,1
ASN-2562,Air,Vietnam,Aurobindo Pharma Limited,EXW,1114.0,5822.44,5.226606822262118,26143.5,1
ASN-25625,Air,Uganda,ABBVIE LOGISTICS (FORMERLY ABBOTT LOGISTICS BV),FCA,116.0,1105.6,9.53103448275862,5940.0,1
ASN-2563,Air,Vietnam,Aurobindo Pharma Limited,EXW,2600.0,10179.16,3.9150615384615386,60900.0,1
ASN-25670,Air,Côte d'Ivoire,ABBVIE LOGISTICS (FORMERLY ABBOTT LOGISTICS BV),FCA,385.0,3765.28,9.779948051948052,20550.0,1
ASN-2569,Air,Haiti,"Trinity Biotech, Plc",EXW,54.0,871.71,16.142777777777777,11676.0,1
ASN-2572,Air,Nigeria,"CHEMBIO DIAGNOSTIC SYSTEMS, INC.",EXW,3508.0,29954.15,8.538811288483467,332505.0,1
ASN-2575,Air,Ethiopia,"SHANGHAI KEHUA BIOENGINEERING CO.,LTD.  (KHB)",EXW,5057.0,44347.71,8.769568914376112,161046.0,1
ASN-25755,Air,Cameroon,Orasure Technologies Inc.,EXW,2090.0,51331.09,24.560330143540668,350000.0,1
ASN-2576,Air,Ethiopia,"SHANGHAI KEHUA BIOENGINEERING CO.,LTD.  (KHB)",EXW,5057.0,44347.71,8.769568914376112,160954.0,1
ASN-2577,Air,Ethiopia,"SHANGHAI KEHUA BIOENGINEERING CO.,LTD.  (KHB)",EXW,5057.0,44347.71,8.769568914376112,161046.0,1
ASN-25784,Air,Vietnam,EMCURE PHARMACEUTICALS LTD,EXW,875.0,2181.91,2.4936114285714286,29755.1,1
ASN-25785,Air,Vietnam,EMCURE PHARMACEUTICALS LTD,EXW,412.0,1769.68,4.295339805825243,16244.9,1
ASN-25786,Air,Vietnam,Aurobindo Pharma Limited,EXW,657.0,1192.25,1.8146879756468797,14850.0,1
ASN-2579,Air,Ethiopia,"SHANGHAI KEHUA BIOENGINEERING CO.,LTD.  (KHB)",EXW,5057.0,44347.71,8.769568914376112,160954.0,1
ASN-25800,Air,Côte d'Ivoire,LAWRENCE LABORATORIES (SUBSIDIARY OF BRISTOL MYERS SQUIBB),FCA,338.0,2864.63,8.475236686390533,10605.0,1
ASN-25803,Air,Vietnam,Aurobindo Pharma Limited,EXW,730.0,1338.19,1.83313698630137,16650.0,1
ASN-25828,Air,Haiti,"SHANGHAI KEHUA BIOENGINEERING CO.,LTD.  (KHB)",EXW,240.0,2836.14,11.81725,8575.0,1
ASN-25839,Air,Tanzania,ABBVIE LOGISTICS (FORMERLY ABBOTT LOGISTICS BV),FCA,230.0,2215.81,9.63395652173913,11618.64,1
ASN-2586,Air,Namibia,"Trinity Biotech, Plc",EXW,220.0,7078.9,32.17681818181818,20800.0,1
ASN-25862,Air,Ghana,CIPLA LIMITED,EXW,3227.0,20654.13,6.400412147505423,284053.8,1
ASN-25888,Air Charter,Zimbabwe,STRIDES ARCOLAB LIMITED,EXW,437.0,11814.57,27.035629290617848,15400.0,1
ASN-2589,Air,Nigeria,MERCK SHARP & DOHME IDEA GMBH (FORMALLY MERCK SHARP & DOHME B.V.),CIP,493.0,1727.2,3.503448275862069,297360.0,1
ASN-25890,Air Charter,Zimbabwe,STRIDES ARCOLAB LIMITED,EXW,9832.0,68350.52,6.951842961757527,347600.0,1
ASN-259,Air,Nigeria,BIO-RAD LABORATORIES (FRANCE),EXW,402.0,4445.75,11.05907960199005,28500.0,1
ASN-25903,Air,Tanzania,STRIDES ARCOLAB LIMITED,EXW,630.0,3416.2,5.422539682539682,92618.7,1
ASN-25904,Air,Tanzania,STRIDES ARCOLAB LIMITED,EXW,949.0,4673.77,4.924942044257113,139881.3,1
ASN-2591,Air,Ethiopia,"Trinity Biotech, Plc",EXW,1413.0,18180.65,12.866702052370844,134400.0,1
ASN-2592,Air,Ethiopia,"CHEMBIO DIAGNOSTIC SYSTEMS, INC.",EXW,2147.0,11066.17,5.154247787610619,160866.0,1
ASN-25924,Air,Rwanda,"SHANGHAI KEHUA BIOENGINEERING CO.,LTD.  (KHB)",EXW,2820.0,37130.88,13.166978723404254,103635.0,1
ASN-25925,Air,Rwanda,"SHANGHAI KEHUA BIOENGINEERING CO.,LTD.  (KHB)",EXW,2771.0,36502.8,13.173150487188742,101822.0,1
ASN-25953,Air Charter,Zimbabwe,MICRO LABS LIMITED,EXW,5810.0,46213.4,7.954113597246128,114400.0,1
ASN-25986,Air,Cameroon,"Orgenics, Ltd",EXW,2020.0,29918.58,14.811178217821784,400000.0,1
ASN-25988,Air,Tanzania,"Orgenics, Ltd",EXW,144.0,2631.39,18.273541666666667,28000.0,1
ASN-26,Air,Côte d'Ivoire,RANBAXY Fine Chemicals LTD.,EXW,13.0,859.53,66.11769230769231,551.0,1
ASN-26068,Air,Haiti,MYLAN LABORATORIES LTD (FORMERLY MATRIX LABORATORIES),EXW,140.0,1694.3,12.102142857142857,11944.8,1
ASN-26077,Air,Tanzania,"Orgenics, Ltd",EXW,39.0,1176.54,30.167692307692306,8000.0,1
ASN-26091,Air,Uganda,"CHEMBIO DIAGNOSTIC SYSTEMS, INC.",EXW,606.0,3790.99,6.255759075907591,149702.4,1
ASN-261,Air,Vietnam,"GILEAD SCIENCES IRELAND, INC.",EXW,116.0,14571.5,125.61637931034483,32300.0,1
ASN-26109,Air,Ghana,STRIDES ARCOLAB LIMITED,EXW,1874.0,9507.26,5.07324439701174,105729.36,1
ASN-26117,Air,Zimbabwe,Aurobindo Pharma Limited,EXW,3232.0,25955.06,8.030649752475249,155491.35,1
ASN-26118,Air,Zimbabwe,Aurobindo Pharma Limited,EXW,3155.0,25316.94,8.024386687797147,152334.0,1
ASN-26119,Air,Zimbabwe,Aurobindo Pharma Limited,EXW,3076.0,25730.13,8.364801690507152,151915.5,1
ASN-26120,Air,Zimbabwe,Aurobindo Pharma Limited,EXW,2448.0,20407.95,8.33658088235294,114111.0,1
ASN-26124,Air,Tanzania,"Trinity Biotech, Plc",EXW,113.0,1661.01,14.699203539823008,11808.0,1
ASN-26131,Air,Mozambique,"Trinity Biotech, Plc",EXW,1153.0,7754.14,6.725186470078057,126784.0,1
ASN-26134,Air,Haiti,Aurobindo Pharma Limited,EXW,41.0,1317.01,32.12219512195122,624.0,1
ASN-26146,Air Charter,Zimbabwe,CIPLA LIMITED,EXW,2829.0,24936.5,8.814598798161894,118472.49,1
ASN-26148,Air Charter,Zimbabwe,CIPLA LIMITED,EXW,11125.0,84791.1,7.62167191011236,188700.0,1
ASN-2615,Air,Haiti,IDA FOUNDATION,EXW,3221.0,21015.77,6.524610369450482,197.1,1
ASN-26174,Air,Burundi,"Orgenics, Ltd",EXW,822.0,21348.51,25.971423357664232,169120.0,1
ASN-26184,Air Charter,Zimbabwe,HETERO LABS LIMITED,EXW,5163.0,41158.49,7.971816773193879,170040.0,1
ASN-26209,Ocean,Haiti,CIPLA LIMITED,EXW,8113.0,8217.8,1.0129175397510168,630000.0,1
ASN-26283,Air,Zimbabwe,"Orgenics, Ltd",EXW,3567.0,51732.62,14.503117465657416,722655.0,1
ASN-26314,Air,Zimbabwe,ABBVIE LOGISTICS (FORMERLY ABBOTT LOGISTICS BV),FCA,1128.0,13330.73,11.81802304964539,57439.8,1
ASN-2632,Air,Zimbabwe,"Standard Diagnostics, Inc.",EXW,2450.0,18087.86,7.3828000000000005,157280.0,1
ASN-26329,Air,Uganda,BIO-RAD LABORATORIES (FRANCE),EXW,19.0,846.03,44.52789473684211,2982.0,1
ASN-26334,Air,Côte d'Ivoire,Aurobindo Pharma Limited,EXW,46.0,1899.89,41.301956521739136,15038.72,1
ASN-26338,Air,Côte d'Ivoire,Aurobindo Pharma Limited,EXW,150.0,1789.85,11.932333333333332,15160.0,1
ASN-26347,Air,Vietnam,ABBVIE LOGISTICS (FORMERLY ABBOTT LOGISTICS BV),FCA,56.0,520.19,9.289107142857144,10467.0,1
ASN-26372,Air,Ghana,Aurobindo Pharma Limited,EXW,951.0,7326.62,7.704121976866456,23091.12,1
ASN-26373,Air,Ghana,Aurobindo Pharma Limited,EXW,2323.0,7326.63,3.1539517864829962,8647.21,1
ASN-26374,Air,Ghana,Aurobindo Pharma Limited,EXW,901.0,7326.63,8.131664816870144,73967.4,1
ASN-2638,Air,Guyana,"Orgenics, Ltd",EXW,49.0,1047.39,21.375306122448983,15333.87,1
ASN-26381,Air,Tanzania,ABBVIE LOGISTICS (FORMERLY ABBOTT LOGISTICS BV),FCA,278.0,5656.74,20.34798561151079,9369.28,1
ASN-26388,Air,Guyana,ABBVIE LOGISTICS (FORMERLY ABBOTT LOGISTICS BV),FCA,50.0,828.23,16.5646,1033.94,1
ASN-2639,Air,Guyana,"Orgenics, Ltd",EXW,14.0,180.0,12.857142857142858,2.13,1
ASN-26391,Air,Zambia,"Trinity Biotech, Plc",EXW,2783.0,20621.1,7.409665828242903,304000.0,1
ASN-2640,Air,Haiti,"Orgenics, Ltd",EXW,257.0,2851.72,11.096186770428014,78610.0,1
ASN-26408,Air,"Congo, DRC",Aurobindo Pharma Limited,EXW,9.0,734.66,81.62888888888888,758.0,1
ASN-2641,Air,Zambia,"Orgenics, Ltd",EXW,1053.0,11062.05,10.505270655270655,324000.0,1
ASN-26424,Air,Burundi,"CHEMBIO DIAGNOSTIC SYSTEMS, INC.",EXW,58.0,871.28,15.02206896551724,14876.4,1
ASN-26436,Air,Ghana,Aurobindo Pharma Limited,EXW,915.0,6006.37,6.564338797814208,73967.4,1
ASN-26439,Air,"Congo, DRC",Aurobindo Pharma Limited,EXW,161.0,2038.97,12.664409937888198,734.0,1
ASN-26443,Air,Tanzania,"Trinity Biotech, Plc",EXW,101.0,1428.13,14.139900990099012,10752.0,1
ASN-26447,Air,Uganda,"Orgenics, Ltd",EXW,2432.0,23178.68,9.530707236842105,480000.0,1
ASN-26454,Air,Haiti,Aurobindo Pharma Limited,EXW,346.0,3429.78,9.912658959537573,1564.55,1
ASN-26456,Air,Haiti,CIPLA LIMITED,EXW,231.0,2076.58,8.98952380952381,9338.4,1
ASN-26460,Air,Ghana,STRIDES ARCOLAB LIMITED,EXW,3077.0,22734.92,7.388664283392915,152214.04,1
ASN-26462,Air,Ghana,STRIDES ARCOLAB LIMITED,EXW,3862.0,25512.84,6.606121180735371,191400.0,1
ASN-26464,Air,Ghana,STRIDES ARCOLAB LIMITED,EXW,3862.0,31401.36,8.130854479544277,191400.0,1
ASN-26465,Air,Zambia,Aurobindo Pharma Limited,EXW,3978.0,20519.07,5.158137254901961,88047.0,1
ASN-26466,Air,Zambia,Aurobindo Pharma Limited,EXW,3986.0,20555.45,5.156911690918214,88202.25,1
ASN-26467,Air,Zambia,Aurobindo Pharma Limited,EXW,3962.0,20233.34,5.106850075719334,87612.75,1
ASN-26468,Air,Zambia,Aurobindo Pharma Limited,EXW,4369.0,22508.32,5.15182421606775,96329.25,1
ASN-26469,Air,Zambia,Aurobindo Pharma Limited,EXW,1273.0,6637.36,5.2139512961508245,27956.25,1
ASN-26472,Air,Zambia,Aurobindo Pharma Limited,EXW,3503.0,19461.76,5.55574079360548,76871.25,1
ASN-26517,Air,Tanzania,"Orgenics, Ltd",EXW,277.0,4379.48,15.810397111913355,53760.0,1
ASN-26518,Air,Côte d'Ivoire,"Orgenics, Ltd",EXW,606.0,8158.8,13.463366336633664,120000.0,1
ASN-26537,Air,Ghana,Aurobindo Pharma Limited,EXW,972.0,7719.0,7.941358024691358,3451.86,1
ASN-26540,Air,"Congo, DRC",AMSTELFARMA B.V.,EXW,902.0,5914.0,6.556541019955654,25680.0,1
ASN-26559,Air,Haiti,Aurobindo Pharma Limited,EXW,300.0,2949.23,9.830766666666667,5608.75,1
ASN-26564,Air,Haiti,"Orgenics, Ltd",EXW,1825.0,17758.82,9.730860273972603,450000.0,1
ASN-26571,Air,Zambia,"Orgenics, Ltd",EXW,3247.0,41461.1,12.769048352325223,640000.0,1
ASN-26572,Air,Zambia,"Orgenics, Ltd",EXW,2439.0,30885.26,12.663083230832308,480000.0,1
ASN-2658,Air,Mozambique,"Orgenics, Ltd",EXW,2278.0,23743.01,10.42274363476734,553680.0,1
ASN-26594,Air,Uganda,MYLAN LABORATORIES LTD (FORMERLY MATRIX LABORATORIES),EXW,225.0,1726.75,7.674444444444444,36020.0,1
ASN-26596,Air,Côte d'Ivoire,MYLAN LABORATORIES LTD (FORMERLY MATRIX LABORATORIES),EXW,293.0,3316.79,11.320102389078498,42000.0,1
ASN-26603,Air,Ghana,Aurobindo Pharma Limited,EXW,2343.0,20464.55,8.73433632095604,51480.0,1
ASN-26604,Air,Ghana,Aurobindo Pharma Limited,EXW,2773.0,21807.62,7.8642697439596105,60191.04,1
ASN-26608,Air,Uganda,"Trinity Biotech, Plc",EXW,242.0,1899.22,7.84801652892562,24000.0,1
ASN-26614,Air,"Congo, DRC",Aurobindo Pharma Limited,EXW,30.0,1678.57,55.95233333333333,312.0,1
ASN-26632,Air,"Congo, DRC",CIPLA LIMITED,EXW,25.0,1765.03,70.6012,322.5,1
ASN-26692,Air,Haiti,ABBVIE LOGISTICS (FORMERLY ABBOTT LOGISTICS BV),FCA,65.0,892.5,13.73076923076923,3088.8,1
ASN-26736,Air,"Congo, DRC","Orgenics, Ltd",EXW,1581.0,40965.77,25.911302972802023,267190.0,1
ASN-26738,Air,"Congo, DRC","Trinity Biotech, Plc",EXW,112.0,3196.31,28.53848214285714,10080.0,1
ASN-26755,Air,Rwanda,MYLAN LABORATORIES LTD (FORMERLY MATRIX LABORATORIES),CIP,2402.0,1832.54,0.7629225645295586,360000.0,1
ASN-26758,Air,Nigeria,"Orgenics, Ltd",EXW,4495.0,67915.7,15.10916573971079,983806.0,1
ASN-26759,Air,Nigeria,"Orgenics, Ltd",EXW,4038.0,59711.34,14.787355126300147,884215.0,1
ASN-26760,Air,Nigeria,"Orgenics, Ltd",EXW,4212.0,62466.03,14.830491452991453,922396.0,1
ASN-26767,Air,Tanzania,ABBVIE LOGISTICS (FORMERLY ABBOTT LOGISTICS BV),FCA,261.0,2569.33,9.844176245210727,8259.76,1
ASN-26826,Ocean,Haiti,Aurobindo Pharma Limited,EXW,536.0,1893.24,3.5321641791044778,1955.45,1
ASN-26833,Air,Côte d'Ivoire,"Standard Diagnostics, Inc.",EXW,125.0,2033.62,16.26896,8200.0,1
ASN-26834,Air,Côte d'Ivoire,"Standard Diagnostics, Inc.",EXW,468.0,5372.87,11.480491452991453,28700.0,1
ASN-26847,Air,Uganda,B&C GROUP S.A.,EXW,119.0,923.18,7.75781512605042,18072.0,1
ASN-26863,Air,Zimbabwe,STRIDES ARCOLAB LIMITED,EXW,2180.0,19328.2,8.866146788990825,77000.0,1
ASN-26864,Air,Rwanda,ABBVIE LOGISTICS (FORMERLY ABBOTT LOGISTICS BV),FCA,415.0,4399.65,10.60156626506024,9739.12,1
ASN-26903,Air,South Sudan,Aurobindo Pharma Limited,EXW,165.0,1960.89,11.884181818181819,3172.5,1
ASN-26923,Air,Vietnam,HETERO LABS LIMITED,EXW,2922.0,5616.02,1.921978097193703,164449.0,1
ASN-26924,Air,Vietnam,HETERO LABS LIMITED,EXW,3195.0,5583.11,1.747452269170579,238896.0,1
ASN-26927,Air,Vietnam,HETERO LABS LIMITED,EXW,2175.0,4354.8,2.002206896551724,97297.5,1
ASN-26928,Air,Vietnam,HETERO LABS LIMITED,EXW,3283.0,5173.14,1.5757356076759064,206559.0,1
ASN-26929,Air,Vietnam,HETERO LABS LIMITED,EXW,3138.0,4964.6,1.5820905035054176,238896.0,1
ASN-26932,Air,Rwanda,LAWRENCE LABORATORIES (SUBSIDIARY OF BRISTOL MYERS SQUIBB),FCA,16.0,957.88,59.8675,7040.8,1
ASN-2694,Air,Nigeria,"CHEMBIO DIAGNOSTIC SYSTEMS, INC.",EXW,2441.0,22229.32,9.106644817697665,229095.0,1
ASN-26975,Ocean,Zimbabwe,ABBVIE LOGISTICS (FORMERLY ABBOTT LOGISTICS BV),EXW,4528.0,25189.51,5.563054328621908,248529.6,1
ASN-26987,Air,Uganda,STRIDES ARCOLAB LIMITED,EXW,3858.0,20553.85,5.3275920165889055,195068.5,1
ASN-270,Air,Vietnam,SUN PHARMACEUTICAL INDUSTRIES LTD (RANBAXY LABORATORIES LIMITED),EXW,4300.0,27923.26,6.493781395348837,330724.0,1
ASN-2700,Air,Tanzania,"Standard Diagnostics, Inc.",EXW,3112.0,22856.02,7.344479434447301,200000.0,1
ASN-27004,Air,Haiti,HETERO LABS LIMITED,EXW,659.0,5586.53,8.477283763277693,21909.0,1
ASN-27005,Air,Haiti,MYLAN LABORATORIES LTD (FORMERLY MATRIX LABORATORIES),EXW,19.0,1274.35,67.07105263157894,232.0,1
ASN-27030,Air Charter,Zimbabwe,Aurobindo Pharma Limited,EXW,2846.0,19557.01,6.87175333801827,134380.35,1
ASN-27033,Air Charter,Zimbabwe,Aurobindo Pharma Limited,EXW,1764.0,13959.22,7.9133900226757365,83700.0,1
ASN-27034,Air Charter,Zimbabwe,Aurobindo Pharma Limited,EXW,3520.0,23014.35,6.538167613636364,167190.75,1
ASN-27035,Air Charter,Zimbabwe,Aurobindo Pharma Limited,EXW,2870.0,19430.86,6.770334494773519,135528.9,1
ASN-27059,Air,Ghana,ABBVIE LOGISTICS (FORMERLY ABBOTT LOGISTICS BV),FCA,110.0,2060.79,18.734454545454547,5547.96,1
ASN-27086,Ocean,Haiti,HETERO LABS LIMITED,EXW,813.0,1922.5,2.36469864698647,60990.47,1
ASN-27095,Air,Zimbabwe,MYLAN LABORATORIES LTD (FORMERLY MATRIX LABORATORIES),EXW,2383.0,18232.17,7.65093159882501,95772.73,1
ASN-27098,Air,Vietnam,ABBVIE LOGISTICS (FORMERLY ABBOTT LOGISTICS BV),FCA,1175.0,1779.1,1.514127659574468,291936.0,1
ASN-27099,Air,Vietnam,ABBVIE LOGISTICS (FORMERLY ABBOTT LOGISTICS BV),FCA,38.0,1779.09,46.81815789473684,6978.0,1
ASN-27101,Air,Vietnam,MYLAN LABORATORIES LTD (FORMERLY MATRIX LABORATORIES),EXW,1685.0,3251.35,1.9295845697329377,98010.0,1
ASN-27114,Air,Côte d'Ivoire,MYLAN LABORATORIES LTD (FORMERLY MATRIX LABORATORIES),EXW,430.0,3587.34,8.342651162790698,64000.0,1
ASN-2712,Air,Côte d'Ivoire,BIO-RAD LABORATORIES (FRANCE),EXW,679.0,9698.22,14.283092783505154,45828.0,1
ASN-27124,Air,Ghana,ABBVIE LOGISTICS (FORMERLY ABBOTT LOGISTICS BV),FCA,63.0,1317.82,20.917777777777776,2661.12,1
ASN-27131,Air,Vietnam,ABBVIE LOGISTICS (FORMERLY ABBOTT LOGISTICS BV),FCA,1272.0,3824.06,3.0063364779874213,316264.0,1
ASN-27132,Air,Vietnam,MYLAN LABORATORIES LTD (FORMERLY MATRIX LABORATORIES),EXW,3868.0,7238.46,1.8713702171664943,225990.0,1
ASN-2717,Air,Namibia,"Orgenics, Ltd",EXW,46.0,2698.04,58.65304347826087,10800.0,1
ASN-27173,Air,Ethiopia,"SHANGHAI KEHUA BIOENGINEERING CO.,LTD.  (KHB)",EXW,5020.0,78813.53,15.699906374501992,184411.5,1
ASN-27174,Air,Uganda,"Orgenics, Ltd",EXW,2432.0,23482.06,9.655452302631579,480000.0,1
ASN-27175,Air,Uganda,"CHEMBIO DIAGNOSTIC SYSTEMS, INC.",EXW,740.0,5718.39,7.727554054054054,74028.0,1
ASN-2718,Air,Namibia,"Orgenics, Ltd",CIP,3.0,85.27,28.423333333333332,525.0,1
ASN-2719,Air,Ethiopia,"SHANGHAI KEHUA BIOENGINEERING CO.,LTD.  (KHB)",EXW,5057.0,44360.44,8.772086217124778,161046.0,1
ASN-272,Air,Vietnam,CIPLA LIMITED,EXW,2575.0,18772.94,7.290462135922329,278540.0,1
ASN-2720,Air,Ethiopia,"SHANGHAI KEHUA BIOENGINEERING CO.,LTD.  (KHB)",EXW,5056.0,44360.44,8.773821202531646,160954.0,1
ASN-27200,Air,Haiti,ABBVIE LOGISTICS (FORMERLY ABBOTT LOGISTICS BV),FCA,61.0,1257.16,20.609180327868852,1232.8,1
ASN-27206,Air,Zimbabwe,STRIDES ARCOLAB LIMITED,EXW,884.0,8280.73,9.367341628959275,131725.2,1
ASN-27232,Air,Haiti,CIPLA LIMITED,EXW,50.0,1342.44,26.8488,2410.0,1
ASN-27237,Air,Haiti,"SHANGHAI KEHUA BIOENGINEERING CO.,LTD.  (KHB)",EXW,300.0,3446.68,11.488933333333334,11025.0,1
ASN-27241,Air,South Sudan,"Trinity Biotech, Plc",EXW,175.0,4011.66,22.923771428571428,16896.0,1
ASN-27243,Air,Ethiopia,"CHEMBIO DIAGNOSTIC SYSTEMS, INC.",EXW,195.0,2211.04,11.338666666666667,22067.5,1
ASN-273,Air,Vietnam,STRIDES ARCOLAB LIMITED,EXW,9170.0,42453.21,4.629575790621592,426405.0,1
ASN-27324,Air,"Congo, DRC",Aurobindo Pharma Limited,EXW,132.0,2516.57,19.064924242424244,7225.0,1
ASN-27328,Air,South Sudan,"Orgenics, Ltd",EXW,173.0,4594.07,26.555317919075144,32870.0,1
ASN-27336,Air,Rwanda,MYLAN LABORATORIES LTD (FORMERLY MATRIX LABORATORIES),EXW,405.0,3484.48,8.603654320987655,60000.0,1
ASN-27340,Air,Ghana,MYLAN LABORATORIES LTD (FORMERLY MATRIX LABORATORIES),EXW,758.0,6956.18,9.177018469656993,47364.8,1
ASN-27344,Air,Ghana,HETERO LABS LIMITED,EXW,1825.0,10790.63,5.9126739726027395,80605.14,1
ASN-27349,Air,Haiti,HETERO LABS LIMITED,EXW,2608.0,21886.49,8.392059049079755,195887.35,1
ASN-2737,Air,Botswana,Orasure Technologies Inc.,EXW,7.0,526.05,75.14999999999999,152.5,1
ASN-27372,Air,Mozambique,BIO-RAD LABORATORIES (FRANCE),EXW,111.0,1368.78,12.331351351351351,99402.4,1
ASN-27379,Air,Uganda,ABBVIE LOGISTICS (FORMERLY ABBOTT LOGISTICS BV),FCA,103.0,1393.29,13.527087378640775,3966.15,1
ASN-27384,Air,"Congo, DRC",CIPLA LIMITED,EXW,1463.0,12498.65,8.543164730006835,81000.0,1
ASN-27436,Air,Mozambique,B&C GROUP S.A.,EXW,13.0,277.4,21.338461538461537,5328.0,1
ASN-27466,Air,Nigeria,"Orgenics, Ltd",EXW,1934.0,28895.07,14.940573940020682,423462.0,1
ASN-27467,Air,Nigeria,"Orgenics, Ltd",EXW,2471.0,35912.43,14.533561311210036,542989.0,1
ASN-27468,Air,Nigeria,"Orgenics, Ltd",EXW,2571.0,37297.95,14.50717619603267,564260.0,1
ASN-27469,Air,Nigeria,"Orgenics, Ltd",EXW,1279.0,19112.91,14.943635652853791,280706.0,1
ASN-2747,Air,Ethiopia,"CHEMBIO DIAGNOSTIC SYSTEMS, INC.",EXW,1445.0,7303.25,5.054152249134948,107514.0,1
ASN-27470,Air,Nigeria,"Orgenics, Ltd",EXW,2402.0,35747.28,14.882298084929225,525545.0,1
ASN-27471,Air,Nigeria,"Orgenics, Ltd",EXW,3435.0,34730.62,10.110806404657934,523676.0,1
ASN-27472,Air,Nigeria,"Orgenics, Ltd",EXW,3473.0,35117.35,10.11153181687302,525367.0,1
ASN-27473,Air,Nigeria,"Orgenics, Ltd",EXW,2355.0,16816.33,7.1406921443736735,246441.0,1
ASN-27474,Air,Nigeria,"Orgenics, Ltd",EXW,2755.0,25709.5,9.331941923774954,371753.0,1
ASN-27475,Air,Nigeria,"Orgenics, Ltd",EXW,3764.0,38029.42,10.103459086078638,567375.0,1
ASN-27476,Air,Nigeria,"Orgenics, Ltd",EXW,2022.0,30257.97,14.964376854599408,443843.0,1
ASN-27483,Air,"Congo, DRC",STRIDES ARCOLAB LIMITED,EXW,116.0,2322.08,20.017931034482757,7947.8,1
ASN-27495,Air,Ghana,MYLAN LABORATORIES LTD (FORMERLY MATRIX LABORATORIES),EXW,4707.0,32683.47,6.943588272785214,415552.08,1
ASN-27525,Ocean,Haiti,HETERO LABS LIMITED,EXW,14925.0,22100.46,1.4807678391959798,1128034.32,1
ASN-27538,Air,Uganda,BIO-RAD LABORATORIES (FRANCE),EXW,68.0,1305.28,19.19529411764706,55913.85,1
ASN-27544,Air,Rwanda,EMCURE PHARMACEUTICALS LTD,EXW,145.0,1950.74,13.453379310344827,46563.0,1
ASN-27545,Ocean,Haiti,MYLAN LABORATORIES LTD (FORMERLY MATRIX LABORATORIES),EXW,5342.0,9195.61,1.7213796330962188,507942.0,1
ASN-27557,Air,Zambia,HETERO LABS LIMITED,EXW,6304.0,34182.97,5.422425444162437,218000.0,1
ASN-27581,Air Charter,Zimbabwe,HETERO LABS LIMITED,EXW,5151.0,29257.65,5.679994175888178,217768.32,1
ASN-27582,Air Charter,Zimbabwe,HETERO LABS LIMITED,EXW,4598.0,25467.64,5.5388516746411485,195148.8,1
ASN-27583,Air Charter,Zimbabwe,HETERO LABS LIMITED,EXW,4589.0,27376.22,5.965617781651776,195148.8,1
ASN-27584,Air Charter,Zimbabwe,HETERO LABS LIMITED,EXW,4601.0,28788.73,6.25705933492719,195592.32,1
ASN-27585,Air Charter,Zimbabwe,HETERO LABS LIMITED,EXW,4559.0,25272.8,5.5434963807852595,194187.84,1
ASN-27586,Air Charter,Zimbabwe,HETERO LABS LIMITED,EXW,4584.0,25682.65,5.602672338568936,194927.04,1
ASN-27587,Air Charter,Zimbabwe,HETERO LABS LIMITED,EXW,1468.0,12091.91,8.23699591280654,73980.06,1
ASN-27589,Air,Ghana,Aurobindo Pharma Limited,EXW,1575.0,8130.55,5.162253968253968,7304.0,1
ASN-2759,Air,Haiti,"Trinity Biotech, Plc",EXW,4.0,523.12,130.78,278.0,1
ASN-276,Air,Vietnam,Aurobindo Pharma Limited,EXW,3822.0,25124.12,6.573553113553113,678860.0,1
ASN-27603,Ocean,Ghana,Aurobindo Pharma Limited,EXW,5467.0,11447.38,2.0939052496798976,19824.09,1
ASN-2766,Air,Vietnam,MYLAN LABORATORIES LTD (FORMERLY MATRIX LABORATORIES),EXW,613.0,3247.73,5.298091353996737,85596.0,1
ASN-27662,Air,Rwanda,ABBVIE LOGISTICS (FORMERLY ABBOTT LOGISTICS BV),FCA,442.0,6776.8,15.33212669683258,23975.0,1
ASN-2767,Air,Vietnam,MYLAN LABORATORIES LTD (FORMERLY MATRIX LABORATORIES),EXW,1224.0,4686.88,3.829150326797386,171192.0,1
ASN-27675,Air,Ghana,HETERO LABS LIMITED,EXW,4486.0,20394.49,4.546252786446724,210819.84,1
ASN-27693,Air,Rwanda,LAWRENCE LABORATORIES (SUBSIDIARY OF BRISTOL MYERS SQUIBB),FCA,17.0,733.64,43.15529411764706,7311.6,1
ASN-27716,Air,Haiti,MICRO LABS LIMITED,EXW,2423.0,14650.41,6.046392901361948,89125.84,1
ASN-27718,Air,Tanzania,ABBVIE LOGISTICS (FORMERLY ABBOTT LOGISTICS BV),FCA,668.0,4835.39,7.238607784431138,34564.86,1
ASN-27766,Air,Mozambique,"Orgenics, Ltd",EXW,1914.0,13489.96,7.048045977011494,376640.0,1
ASN-27768,Air,Mozambique,"Orgenics, Ltd",EXW,1351.0,9168.48,6.7864396743153215,265520.0,1
ASN-27769,Air,Mozambique,"Orgenics, Ltd",EXW,1287.0,9209.0,7.155400155400155,253840.0,1
ASN-27786,Air,"Congo, DRC",IMRES B.V.,EXW,1125.0,9693.68,8.616604444444445,37401.0,1
ASN-27793,Air,Haiti,CIPLA LIMITED,EXW,192.0,2971.3,15.475520833333334,6933.6,1
ASN-27794,Air,Haiti,CIPLA LIMITED,EXW,250.0,2794.21,11.17684,6336.16,1
ASN-27795,Air,Haiti,CIPLA LIMITED,EXW,979.0,6161.47,6.293636363636364,40419.54,1
ASN-27796,Air,Haiti,CIPLA LIMITED,EXW,2866.0,17036.99,5.9445184926727155,160663.5,1
ASN-27804,Air,Uganda,ABBVIE LOGISTICS (FORMERLY ABBOTT LOGISTICS BV),FCA,120.0,1487.76,12.398,2311.5,1
ASN-27809,Air,Vietnam,HETERO LABS LIMITED,EXW,1948.0,3138.25,1.611011293634497,96178.0,1
ASN-27810,Air,Vietnam,HETERO LABS LIMITED,EXW,2388.0,3790.32,1.5872361809045228,180474.0,1
ASN-27811,Air,Vietnam,HETERO LABS LIMITED,EXW,1955.0,6194.69,3.168639386189258,147168.0,1
ASN-27812,Air,Vietnam,HETERO LABS LIMITED,EXW,2190.0,3467.7,1.5834246575342465,121295.0,1
ASN-27813,Air,Vietnam,HETERO LABS LIMITED,EXW,1671.0,2718.03,1.6265888689407542,155190.0,1
ASN-27814,Air,Vietnam,HETERO LABS LIMITED,EXW,2401.0,3701.66,1.541715951686797,181440.0,1
ASN-27821,Air,Mozambique,"Trinity Biotech, Plc",EXW,298.0,16397.94,55.026644295302006,264352.0,1
ASN-27824,Air,Haiti,ABBVIE LOGISTICS (FORMERLY ABBOTT LOGISTICS BV),FCA,406.0,2562.6,6.311822660098522,26650.079999999998,1
ASN-27913,Air,Zimbabwe,ABBVIE LOGISTICS (FORMERLY ABBOTT LOGISTICS BV),EXW,1902.0,16777.24,8.820841219768665,62410.5,1
ASN-27917,Ocean,Rwanda,Aurobindo Pharma Limited,EXW,9684.0,7898.15,0.8155875671210243,483600.0,1
ASN-2792,Air,Vietnam,Aurobindo Pharma Limited,EXW,331.0,2771.84,8.374138972809668,45760.0,1
ASN-27927,Air,Zimbabwe,MYLAN LABORATORIES LTD (FORMERLY MATRIX LABORATORIES),CIP,9210.0,7510.0,0.8154180238870793,593820.0,1
ASN-27933,Air,"Congo, DRC",Aurobindo Pharma Limited,EXW,95.0,2453.16,25.82273684210526,12650.0,1
ASN-27939,Air,Vietnam,MYLAN LABORATORIES LTD (FORMERLY MATRIX LABORATORIES),EXW,696.0,1599.67,2.2983764367816093,51920.0,1
ASN-2794,Air,Nigeria,"CHEMBIO DIAGNOSTIC SYSTEMS, INC.",EXW,3039.0,24025.77,7.905814412635736,286038.0,1
ASN-27940,Ocean,Zimbabwe,MYLAN LABORATORIES LTD (FORMERLY MATRIX LABORATORIES),EXW,11430.0,22059.25,1.9299431321084863,736966.8,1
ASN-27943,Air,Vietnam,MYLAN LABORATORIES LTD (FORMERLY MATRIX LABORATORIES),EXW,2235.0,3708.72,1.6593825503355704,144602.0,1
ASN-27955,Air,Côte d'Ivoire,"Standard Diagnostics, Inc.",EXW,111.0,1857.39,16.733243243243244,7175.0,1
ASN-2796,Air,Botswana,"Trinity Biotech, Plc",EXW,1.0,578.01,578.01,450.0,1
ASN-27961,Air,Namibia,MYLAN LABORATORIES LTD (FORMERLY MATRIX LABORATORIES),EXW,4171.0,20371.77,4.8841452888995445,378000.0,1
ASN-27963,Air,Rwanda,ABBVIE LOGISTICS (FORMERLY ABBOTT LOGISTICS BV),FCA,204.0,1949.64,9.557058823529411,10370.9,1
ASN-27964,Air,Vietnam,MYLAN LABORATORIES LTD (FORMERLY MATRIX LABORATORIES),EXW,1725.0,3273.14,1.897472463768116,129800.0,1
ASN-2797,Air,Zambia,"Trinity Biotech, Plc",EXW,1989.0,19569.48,9.838853695324284,188800.0,1
ASN-2799,Air,Côte d'Ivoire,"Orgenics, Ltd",EXW,268.0,5243.53,19.56541044776119,82180.0,1
ASN-280,Air,Nigeria,"CHEMBIO DIAGNOSTIC SYSTEMS, INC.",EXW,1531.0,11731.15,7.66241018941868,135108.0,1
ASN-2800,Air,Haiti,"Orgenics, Ltd",EXW,257.0,2873.56,11.181167315175097,78610.0,1
ASN-28019,Air,Uganda,ASPEN PHARMACARE,CIP,119.0,321.94,2.705378151260504,53746.2,1
ASN-28024,Air,"Congo, DRC",Aurobindo Pharma Limited,EXW,54.0,1961.49,36.32388888888889,6050.0,1
ASN-28050,Air,Vietnam,ABBVIE LOGISTICS (FORMERLY ABBOTT LOGISTICS BV),FCA,52.0,379.77,7.303269230769231,9304.0,1
ASN-28054,Air,Burundi,"CHEMBIO DIAGNOSTIC SYSTEMS, INC.",EXW,44.0,694.1,15.775,11426.4,1
ASN-2806,Air,Vietnam,CIPLA LIMITED,EXW,128.0,2147.61,16.778203125,10440.0,1
ASN-28061,Ocean,Ghana,STRIDES ARCOLAB LIMITED,EXW,10803.0,24636.23,2.280498935480885,535014.04,1
ASN-28062,Air,Vietnam,MICRO LABS LIMITED,EXW,1292.0,2800.95,2.1679179566563467,30428.0,1
ASN-2809,Air,Vietnam,Aurobindo Pharma Limited,EXW,159.0,2568.6,16.154716981132076,21470.0,1
ASN-281,Air,Guyana,"CHEMBIO DIAGNOSTIC SYSTEMS, INC.",EXW,18.0,378.6,21.033333333333335,1350.0,1
ASN-28194,Air,Burundi,"Orgenics, Ltd",EXW,1415.0,33228.68,23.483166077738517,278720.0,1
ASN-28217,Air,Vietnam,ABBVIE LOGISTICS (FORMERLY ABBOTT LOGISTICS BV),FCA,499.0,1467.82,2.9415230460921844,121640.0,1
ASN-28220,Air,Vietnam,ABBVIE LOGISTICS (FORMERLY ABBOTT LOGISTICS BV),FCA,1714.0,4881.42,2.8479696616102683,425740.0,1
ASN-28229,Air,Ghana,MYLAN LABORATORIES LTD (FORMERLY MATRIX LABORATORIES),EXW,2184.0,15041.23,6.887010073260073,166708.63,1
ASN-28234,Air,Guyana,ABBVIE LOGISTICS (FORMERLY ABBOTT LOGISTICS BV),FCA,39.0,790.71,20.274615384615384,729.84,1
ASN-28239,Air,Uganda,MYLAN LABORATORIES LTD (FORMERLY MATRIX LABORATORIES),EXW,420.0,2335.73,5.5612619047619045,62300.0,1
ASN-28245,Ocean,Haiti,MYLAN LABORATORIES LTD (FORMERLY MATRIX LABORATORIES),EXW,199.0,5215.49,26.208492462311558,5074.5,1
ASN-28248,Air,Vietnam,MYLAN LABORATORIES LTD (FORMERLY MATRIX LABORATORIES),EXW,4168.0,6717.79,1.611753838771593,267040.65,1
ASN-28275,Air,Tanzania,"Trinity Biotech, Plc",EXW,82.0,1353.35,16.504268292682926,8064.0,1
ASN-28279,Air,"Congo, DRC","Trinity Biotech, Plc",EXW,509.0,8021.11,15.758565815324165,49568.0,1
ASN-28293,Air,Zimbabwe,ABBVIE LOGISTICS (FORMERLY ABBOTT LOGISTICS BV),EXW,3287.0,26515.21,8.066689990873137,116931.08,1
ASN-28330,Air,Côte d'Ivoire,"Orgenics, Ltd",EXW,595.0,7651.46,12.859596638655463,117600.0,1
ASN-28331,Air,Rwanda,"Orgenics, Ltd",EXW,766.0,14125.63,18.440770234986942,151280.0,1
ASN-28350,Air,Uganda,"Trinity Biotech, Plc",EXW,566.0,3603.93,6.367367491166077,60896.0,1
ASN-28379,Air,"Congo, DRC","Orgenics, Ltd",EXW,2131.0,62196.13,29.186358517128106,442135.0,1
ASN-2839,Air,Ethiopia,"SHANGHAI KEHUA BIOENGINEERING CO.,LTD.  (KHB)",EXW,4922.0,46117.09,9.369583502641202,161046.0,1
ASN-28398,Air,Namibia,HETERO LABS LIMITED,EXW,1812.0,8683.99,4.792488962472406,73675.0,1
ASN-2840,Air,Ethiopia,"SHANGHAI KEHUA BIOENGINEERING CO.,LTD.  (KHB)",EXW,4913.0,46117.09,9.38674740484429,160954.0,1
ASN-2843,Air,Zambia,"Standard Diagnostics, Inc.",EXW,157.0,1754.04,11.172229299363057,10000.0,1
ASN-28430,Air,Tanzania,"Orgenics, Ltd",EXW,204.0,2788.07,13.66700980392157,40320.0,1
ASN-28465,Air,Zimbabwe,"Orgenics, Ltd",EXW,2933.0,42028.45,14.329509035117626,578640.0,1
ASN-28479,Air,Côte d'Ivoire,"CHEMBIO DIAGNOSTIC SYSTEMS, INC.",EXW,219.0,2516.62,11.491415525114155,16430.0,1
ASN-28481,Air,Namibia,HETERO LABS LIMITED,EXW,2630.0,12463.74,4.73906463878327,111323.52,1
ASN-28482,Air,Namibia,HETERO LABS LIMITED,EXW,2631.0,12463.74,4.737263397947548,113984.64,1
ASN-28483,Air,Namibia,HETERO LABS LIMITED,EXW,2637.0,13397.02,5.080401971937809,107747.64,1
ASN-28484,Air,Namibia,HETERO LABS LIMITED,EXW,352.0,2429.39,6.901676136363636,13444.2,1
ASN-28512,Air,Uganda,"Orgenics, Ltd",EXW,1624.0,14692.8,9.047290640394088,320000.0,1
ASN-2853,Air,Vietnam,ABBVIE LOGISTICS (FORMERLY ABBOTT LOGISTICS BV),FCA,9.0,2709.98,301.1088888888889,493.2,1
ASN-28530,Air,Zambia,MYLAN LABORATORIES LTD (FORMERLY MATRIX LABORATORIES),EXW,849.0,4316.34,5.084028268551237,19900.0,1
ASN-2854,Air,Vietnam,ABBVIE LOGISTICS (FORMERLY ABBOTT LOGISTICS BV),FCA,113.0,2709.98,23.98212389380531,35674.8,1
ASN-2855,Air,Vietnam,ABBVIE LOGISTICS (FORMERLY ABBOTT LOGISTICS BV),FCA,259.0,2985.93,11.528687258687258,88776.0,1
ASN-28552,Air,Ghana,HETERO LABS LIMITED,EXW,4539.0,22271.36,4.906666666666667,210819.84,1
ASN-28571,Air,Ethiopia,"Trinity Biotech, Plc",EXW,165.0,1442.44,8.742060606060607,17280.0,1
ASN-28591,Air,Uganda,"CHEMBIO DIAGNOSTIC SYSTEMS, INC.",EXW,86.0,798.43,9.28406976744186,22080.0,1
ASN-28600,Air,Haiti,"SHANGHAI KEHUA BIOENGINEERING CO.,LTD.  (KHB)",EXW,253.0,3145.85,12.434189723320157,9800.0,1
ASN-2861,Air,Vietnam,BRISTOL-MYERS SQUIBB,CIP,52.0,1516.05,29.154807692307692,1680.0,1
ASN-2862,Air,Vietnam,BRISTOL-MYERS SQUIBB,CIP,60.0,1516.05,25.2675,1960.0,1
ASN-2865,Air,Haiti,"Trinity Biotech, Plc",EXW,54.0,871.57,16.140185185185185,11676.0,1
ASN-28662,Air,Uganda,MERCK SHARP & DOHME IDEA GMBH (FORMALLY MERCK SHARP & DOHME B.V.),CIP,137.0,309.95,2.2624087591240873,72094.5,1
ASN-28671,Air,Ghana,Aurobindo Pharma Limited,EXW,3167.0,16189.27,5.111862961793496,205795.4,1
ASN-28672,Air,Ghana,Aurobindo Pharma Limited,EXW,3647.0,18545.17,5.0850479846449135,238677.4,1
ASN-28673,Air,Ghana,Aurobindo Pharma Limited,EXW,3612.0,18256.1,5.054291251384274,236594.6,1
ASN-28699,Air,Uganda,ABBVIE LOGISTICS (FORMERLY ABBOTT LOGISTICS BV),FCA,82.0,1042.36,12.71170731707317,4300.56,1
ASN-28705,Air,Ghana,ABBVIE LOGISTICS (FORMERLY ABBOTT LOGISTICS BV),FCA,88.0,1472.41,16.73193181818182,3991.68,1
ASN-28715,Air,Ghana,MYLAN LABORATORIES LTD (FORMERLY MATRIX LABORATORIES),EXW,4656.0,31521.65,6.77011383161512,412770.42,1
ASN-2873,Air,Vietnam,CIPLA LIMITED,EXW,323.0,2335.19,7.2296904024767805,26448.0,1
ASN-28731,Air,Haiti,"Orgenics, Ltd",EXW,1624.0,14758.34,9.087647783251231,400000.0,1
ASN-28761,Ocean,Haiti,MICRO LABS LIMITED,EXW,8385.0,12336.45,1.4712522361359572,225144.9,1
ASN-28777,Air,Vietnam,MICRO LABS LIMITED,EXW,3244.0,6195.84,1.9099383477188656,104992.0,1
ASN-28820,Air,Zambia,"Trinity Biotech, Plc",EXW,909.0,10203.1,11.224532453245326,96000.0,1
ASN-28850,Ocean,Rwanda,MYLAN LABORATORIES LTD (FORMERLY MATRIX LABORATORIES),EXW,3865.0,5678.36,1.469174644243208,577380.0,1
ASN-2887,Air,Côte d'Ivoire,"Orgenics, Ltd",EXW,256.0,7118.12,27.80515625,78120.0,1
ASN-2888,Air,Vietnam,Aurobindo Pharma Limited,EXW,581.0,2653.27,4.566729776247849,17400.0,1
ASN-2896,Air,Nigeria,MERCK SHARP & DOHME IDEA GMBH (FORMALLY MERCK SHARP & DOHME B.V.),CIP,169.0,924.4,5.4698224852071,100800.0,1
ASN-28998,Air,Cameroon,Orasure Technologies Inc.,EXW,77.0,1800.48,23.382857142857144,10500.0,1
ASN-29006,Air,Zimbabwe,MICRO LABS LIMITED,EXW,800.0,5697.64,7.122050000000001,23386.22,1
ASN-29012,Air,Uganda,ABBVIE LOGISTICS (FORMERLY ABBOTT LOGISTICS BV),FCA,83.0,800.0,9.63855421686747,3966.15,1
ASN-2903,Air,Ethiopia,"CHEMBIO DIAGNOSTIC SYSTEMS, INC.",EXW,3231.0,15619.2,4.834168987929434,242028.0,1
ASN-29067,Air,Uganda,JANSSEN SCIENCES IRELAND UC (FORMERLY JANSSEN R&D IRELAND),CIP,151.0,297.25,1.968543046357616,18036.0,1
ASN-29074,Air,Côte d'Ivoire,ABBVIE LOGISTICS (FORMERLY ABBOTT LOGISTICS BV),FCA,505.0,6523.85,12.918514851485149,15410.0,1
ASN-2909,Air,Nigeria,"Orgenics, Ltd",EXW,1091.0,15045.56,13.790614115490376,289760.0,1
ASN-29092,Air,Zambia,"Orgenics, Ltd",EXW,553.0,7845.09,14.186419529837252,109120.0,1
ASN-29093,Air,Zambia,"Orgenics, Ltd",EXW,2564.0,37444.1,14.603783151326052,505760.0,1
ASN-29094,Air,Zambia,"Orgenics, Ltd",EXW,2561.0,35696.95,13.938676298320967,505120.0,1
ASN-29095,Air,Namibia,HETERO LABS LIMITED,EXW,4262.0,27262.44,6.396630689816987,279339.84,1
ASN-29096,Air,Namibia,HETERO LABS LIMITED,EXW,4237.0,6786.64,1.6017559594052397,277847.64,1
ASN-29097,Air,Namibia,HETERO LABS LIMITED,EXW,4233.0,26663.64,6.298993621545003,282254.95,1
ASN-2910,Air,Guyana,ZEPHYR BIOMEDICALS,EXW,34.0,648.27,19.066764705882353,4050.0,1
ASN-29127,Air,Ghana,Aurobindo Pharma Limited,EXW,4673.0,22212.75,4.753423924673657,16773.9,1
ASN-29128,Air,Ghana,Aurobindo Pharma Limited,EXW,786.0,4304.34,5.476259541984733,2724.15,1
ASN-29130,Air,Guyana,HETERO LABS LIMITED,EXW,252.0,2531.62,10.046111111111111,12158.25,1
ASN-29141,Air,Swaziland,"Orgenics, Ltd",EXW,17.0,514.52,30.265882352941176,3315.0,1
ASN-29167,Air,South Sudan,CIPLA LIMITED,EXW,59.0,1944.99,32.96593220338983,1206.5,1
ASN-29183,Air,Namibia,MYLAN LABORATORIES LTD (FORMERLY MATRIX LABORATORIES),EXW,3575.0,17969.34,5.026388811188811,321720.0,1
ASN-29184,Air,Namibia,MYLAN LABORATORIES LTD (FORMERLY MATRIX LABORATORIES),EXW,3402.0,17118.8,5.031981187536743,306180.0,1
ASN-2921,Air,Côte d'Ivoire,IDA FOUNDATION,EXW,1708.0,12830.91,7.512242388758782,43250.0,1
ASN-29216,Air,Uganda,ABBVIE LOGISTICS (FORMERLY ABBOTT LOGISTICS BV),FCA,136.0,2077.87,15.27845588235294,2465.6,1
ASN-2923,Air,Côte d'Ivoire,IDA FOUNDATION,EXW,634.0,8530.29,13.454716088328077,17500.0,1
ASN-29261,Air,Côte d'Ivoire,MYLAN LABORATORIES LTD (FORMERLY MATRIX LABORATORIES),EXW,140.0,2782.77,19.87692857142857,20000.0,1
ASN-29320,Air,Côte d'Ivoire,MYLAN LABORATORIES LTD (FORMERLY MATRIX LABORATORIES),EXW,343.0,3978.49,11.599096209912537,50000.0,1
ASN-2933,Air,Ethiopia,"SHANGHAI KEHUA BIOENGINEERING CO.,LTD.  (KHB)",EXW,2535.0,23035.69,9.087057199211046,80730.0,1
ASN-29338,Air,Uganda,"Orgenics, Ltd",EXW,1010.0,8399.6,8.316435643564358,200000.0,1
ASN-2934,Air,Ethiopia,"SHANGHAI KEHUA BIOENGINEERING CO.,LTD.  (KHB)",EXW,2535.0,23035.69,9.087057199211046,80730.0,1
ASN-2935,Air,Ethiopia,"SHANGHAI KEHUA BIOENGINEERING CO.,LTD.  (KHB)",EXW,2535.0,22433.91,8.849668639053254,80730.0,1
ASN-2936,Air,Ethiopia,"SHANGHAI KEHUA BIOENGINEERING CO.,LTD.  (KHB)",EXW,2509.0,22803.8,9.088800318852131,79810.0,1
ASN-29372,Air,Vietnam,HETERO LABS LIMITED,EXW,2517.0,3789.5,1.5055621771950736,183820.0,1
ASN-29373,Air,Vietnam,HETERO LABS LIMITED,EXW,2877.0,4312.92,1.4991032325338896,201600.0,1
ASN-29374,Air,Vietnam,HETERO LABS LIMITED,EXW,2959.0,4427.52,1.4962892869212574,218988.0,1
ASN-29375,Air,Vietnam,HETERO LABS LIMITED,EXW,2719.0,4084.56,1.5022287605737403,201600.0,1
ASN-29384,Air,Vietnam,HETERO LABS LIMITED,EXW,2490.0,4545.64,1.825558232931727,187620.0,1
ASN-29385,Air,Vietnam,HETERO LABS LIMITED,EXW,2452.0,3691.22,1.5053915171288743,198240.0,1
ASN-29386,Air,Vietnam,HETERO LABS LIMITED,EXW,1570.0,2690.2,1.7135031847133757,90440.0,1
ASN-294,Air,Vietnam,Hoffmann-La Roche ltd Basel,FCA,54.0,13981.96,258.92518518518517,32688.0,1
ASN-29409,Air,South Sudan,"Orgenics, Ltd",EXW,149.0,2084.52,13.990067114093959,32870.0,1
ASN-29421,Air,Cameroon,"Orgenics, Ltd",EXW,55.0,846.69,15.394363636363638,9600.0,1
ASN-2946,Air,Mozambique,"Trinity Biotech, Plc",EXW,1651.0,23300.18,14.112768019382193,157312.0,1
ASN-2947,Air,Namibia,"Trinity Biotech, Plc",EXW,278.0,7936.81,28.549676258992807,20800.0,1
ASN-29497,Air,Haiti,ABBVIE LOGISTICS (FORMERLY ABBOTT LOGISTICS BV),FCA,37.0,722.35,19.522972972972973,1863.2,1
ASN-29499,Air,Haiti,JANSSEN SCIENCES IRELAND UC (FORMERLY JANSSEN R&D IRELAND),FCA,42.0,926.3,22.054761904761904,5994.0,1
ASN-29503,Air,South Sudan,"Trinity Biotech, Plc",EXW,177.0,1692.35,9.561299435028248,16896.0,1
ASN-29533,Air,"Congo, DRC",MICRO LABS LIMITED,EXW,209.0,3743.84,17.913110047846892,6835.28,1
ASN-29540,Air,Zimbabwe,ABBVIE LOGISTICS (FORMERLY ABBOTT LOGISTICS BV),FCA,1065.0,11368.84,10.674967136150235,54962.82,1
ASN-29588,Air,Vietnam,ABBVIE LOGISTICS (FORMERLY ABBOTT LOGISTICS BV),FCA,1073.0,1475.94,1.3755265610438026,267608.0,1
ASN-29589,Air,Vietnam,ABBVIE LOGISTICS (FORMERLY ABBOTT LOGISTICS BV),FCA,22.0,1475.95,67.08863636363637,4652.0,1
ASN-29592,Air,Vietnam,ABBVIE LOGISTICS (FORMERLY ABBOTT LOGISTICS BV),FCA,1368.0,4489.32,3.2816666666666663,340592.0,1
ASN-29615,Air,Haiti,Aurobindo Pharma Limited,EXW,134.0,1987.82,14.834477611940297,2647.5,1
ASN-29640,Air,Haiti,STRIDES ARCOLAB LIMITED,EXW,163.0,1659.21,10.179202453987731,22692.0,1
ASN-29746,Air,Zimbabwe,MYLAN LABORATORIES LTD (FORMERLY MATRIX LABORATORIES),EXW,60.0,1344.94,22.415666666666667,0.01,1
ASN-29747,Air,Zimbabwe,MYLAN LABORATORIES LTD (FORMERLY MATRIX LABORATORIES),EXW,60.0,1344.94,22.415666666666667,2845.5,1
ASN-29768,Air,Vietnam,MYLAN LABORATORIES LTD (FORMERLY MATRIX LABORATORIES),EXW,2672.0,2504.64,0.9373652694610778,170200.0,1
ASN-29769,Air,Vietnam,MYLAN LABORATORIES LTD (FORMERLY MATRIX LABORATORIES),EXW,100.0,2504.65,25.0465,9981.0,1
ASN-29770,Air,Vietnam,MYLAN LABORATORIES LTD (FORMERLY MATRIX LABORATORIES),EXW,974.0,1069.31,1.0978542094455852,56700.0,1
ASN-29771,Air,Vietnam,MYLAN LABORATORIES LTD (FORMERLY MATRIX LABORATORIES),EXW,128.0,1069.31,8.353984375,13308.0,1
ASN-29855,Air,Tanzania,"Trinity Biotech, Plc",EXW,55.0,1112.11,20.220181818181818,5376.0,1
ASN-29870,Air,Burundi,"Orgenics, Ltd",EXW,958.0,15012.16,15.670313152400835,128640.0,1
ASN-29876,Air,Burundi,"CHEMBIO DIAGNOSTIC SYSTEMS, INC.",EXW,45.0,753.35,16.741111111111113,11426.4,1
ASN-29891,Air,Rwanda,Aurobindo Pharma Limited,EXW,167.0,1923.14,11.515808383233534,12799.68,1
ASN-29892,Air,Rwanda,Aurobindo Pharma Limited,EXW,66.0,1026.4,15.551515151515153,4880.28,1
ASN-299,Air,Rwanda,Premier Medical Corporation Ltd.,EXW,710.0,3120.7,4.395352112676056,33000.0,1
ASN-29907,Air,Haiti,CIPLA LIMITED,EXW,811.0,5915.63,7.294241676942047,28321.2,1
ASN-2992,Air,Côte d'Ivoire,BIO-RAD LABORATORIES (FRANCE),EXW,963.0,25080.52,26.044153686396676,65512.0,1
ASN-29928,Air,Nigeria,"Orgenics, Ltd",EXW,2483.0,31306.65,12.608397100281918,545837.0,1
ASN-29929,Air,Nigeria,"Orgenics, Ltd",EXW,2474.0,31305.04,12.653613581244947,543790.0,1
ASN-29930,Air,Nigeria,"Orgenics, Ltd",EXW,1241.0,15994.73,12.888581788879936,271806.0,1
ASN-29931,Air,Nigeria,"Orgenics, Ltd",EXW,1276.0,15681.99,12.289960815047023,279816.0,1
ASN-29932,Air,Nigeria,"Orgenics, Ltd",EXW,1288.0,16002.97,12.424666149068322,282664.0,1
ASN-29933,Air,Nigeria,"Orgenics, Ltd",EXW,1288.0,16002.97,12.424666149068322,282664.0,1
ASN-29934,Air,Nigeria,"Orgenics, Ltd",EXW,2498.0,30648.28,12.269127301841472,549130.0,1
ASN-29935,Air,Nigeria,"Orgenics, Ltd",EXW,2493.0,31090.27,12.471026875250702,548062.0,1
ASN-29936,Air,Nigeria,"Orgenics, Ltd",EXW,1290.0,15890.52,12.318232558139535,283020.0,1
ASN-29937,Air,Nigeria,"Orgenics, Ltd",EXW,6010.0,30132.32,5.013697171381032,534890.0,1
ASN-29944,Air,Zambia,"Trinity Biotech, Plc",EXW,881.0,6664.29,7.564460839954597,96000.0,1
ASN-29946,Air,Côte d'Ivoire,"Orgenics, Ltd",EXW,1930.0,23013.2,11.923937823834198,380000.0,1
ASN-2997,Air,Zimbabwe,"Orgenics, Ltd",EXW,414.0,5781.14,13.964106280193237,100512.0,1
ASN-29971,Air,Côte d'Ivoire,"CHEMBIO DIAGNOSTIC SYSTEMS, INC.",EXW,610.0,8291.96,13.593377049180326,65720.0,1
ASN-29972,Air,Côte d'Ivoire,"Standard Diagnostics, Inc.",EXW,437.0,5924.89,13.558100686498857,28700.0,1
ASN-3001,Air,Uganda,BRISTOL-MYERS SQUIBB,CIP,2.0,378.0,189.0,917.0,1
ASN-30019,Air,Côte d'Ivoire,"Orgenics, Ltd",EXW,2634.0,30778.29,11.685,520000.0,1
ASN-30066,Air,Haiti,MYLAN LABORATORIES LTD (FORMERLY MATRIX LABORATORIES),EXW,9057.0,55886.43,6.170523352103346,768000.0,1
ASN-30067,Ocean,Haiti,MYLAN LABORATORIES LTD (FORMERLY MATRIX LABORATORIES),EXW,3034.0,7658.27,2.5241496374423207,256000.0,1
ASN-30068,Air,Haiti,Aurobindo Pharma Limited,EXW,353.0,4236.81,12.00229461756374,7625.0,1
ASN-30093,Air,Haiti,HETERO LABS LIMITED,EXW,4669.0,34778.32,7.4487727564789035,334095.84,1
ASN-30166,Air,Vietnam,MYLAN LABORATORIES LTD (FORMERLY MATRIX LABORATORIES),EXW,422.0,1332.29,3.157085308056872,24300.0,1
ASN-30183,Ocean,Haiti,Aurobindo Pharma Limited,EXW,3823.0,11051.22,2.89071933036882,132577.2,1
ASN-30184,Ocean,Haiti,Aurobindo Pharma Limited,EXW,4974.0,11109.18,2.233449939686369,176784.3,1
ASN-30187,Air,Haiti,"SHANGHAI KEHUA BIOENGINEERING CO.,LTD.  (KHB)",EXW,253.0,3087.68,12.204268774703557,9800.0,1
ASN-30196,Ocean,Haiti,HETERO LABS LIMITED,EXW,7324.0,10500.29,1.433682413981431,579125.0,1
ASN-302,Air,Vietnam,ABBVIE LOGISTICS (FORMERLY ABBOTT LOGISTICS BV),CIP,304.0,13453.12,44.253684210526316,238682.4,1
ASN-30231,Air,Haiti,HETERO LABS LIMITED,EXW,99.0,1497.53,15.126565656565656,2592.0,1
ASN-3024,Air,Côte d'Ivoire,"CHEMBIO DIAGNOSTIC SYSTEMS, INC.",EXW,84.0,1550.95,18.463690476190475,7803.0,1
ASN-30241,Air,Mali,"Orgenics, Ltd",EXW,66.0,2572.91,38.98348484848485,12000.0,1
ASN-30242,Air,Zambia,"Orgenics, Ltd",EXW,2492.0,32728.96,13.133611556982343,490960.0,1
ASN-30243,Air,Tanzania,"Orgenics, Ltd",EXW,139.0,2234.96,16.078848920863308,26880.0,1
ASN-30244,Air,Zambia,"Orgenics, Ltd",EXW,1159.0,15174.53,13.092778257118207,229040.0,1
ASN-30276,Air,Rwanda,"Trinity Biotech, Plc",EXW,115.0,1729.95,15.04304347826087,11808.0,1
ASN-30320,Air,Vietnam,HETERO LABS LIMITED,EXW,606.0,1328.13,2.191633663366337,19368.0,1
ASN-30327,Air,Haiti,HETERO LABS LIMITED,EXW,42.0,2391.08,56.93047619047619,1363.2,1
ASN-30328,Air,Haiti,"Orgenics, Ltd",EXW,1825.0,15408.29,8.442898630136987,450000.0,1
ASN-30364,Ocean,Haiti,MYLAN LABORATORIES LTD (FORMERLY MATRIX LABORATORIES),EXW,6452.0,10477.63,1.6239352138871666,492045.84,1
ASN-30367,Air,Haiti,HETERO LABS LIMITED,EXW,4792.0,30046.84,6.270208681135226,197232.0,1
ASN-30382,Air,Côte d'Ivoire,"Standard Diagnostics, Inc.",EXW,437.0,5408.93,12.377414187643021,28700.0,1
ASN-30383,Air,Rwanda,"Orgenics, Ltd",EXW,468.0,8806.76,18.817863247863247,91520.0,1
ASN-30384,Air,Burundi,"CHEMBIO DIAGNOSTIC SYSTEMS, INC.",EXW,63.0,865.67,13.74079365079365,16422.0,1
ASN-30399,Air,Rwanda,EMCURE PHARMACEUTICALS LTD,EXW,102.0,1600.98,15.695882352941176,18240.0,1
ASN-30463,Ocean,Haiti,HETERO LABS LIMITED,EXW,17826.0,20526.23,1.1514770559856389,1107149.43,1
ASN-3047,Air,Mozambique,Abbott GmbH & Co. KG,FCA,337.0,3499.18,10.383323442136499,80000.0,1
ASN-30481,Air,Rwanda,"SHANGHAI KEHUA BIOENGINEERING CO.,LTD.  (KHB)",EXW,2676.0,35281.73,13.184502989536623,98343.0,1
ASN-30485,Air,Rwanda,"SHANGHAI KEHUA BIOENGINEERING CO.,LTD.  (KHB)",EXW,2688.0,35437.38,13.183549107142856,98784.0,1
ASN-30487,Air,Rwanda,"SHANGHAI KEHUA BIOENGINEERING CO.,LTD.  (KHB)",EXW,2700.0,35593.04,13.182607407407408,99225.0,1
ASN-30488,Air,Rwanda,"SHANGHAI KEHUA BIOENGINEERING CO.,LTD.  (KHB)",EXW,2733.0,36060.0,13.194291986827661,100425.5,1
ASN-30492,Air,Uganda,"Orgenics, Ltd",EXW,1978.0,16876.25,8.531976744186046,389760.0,1
ASN-30498,Air,Ghana,MYLAN LABORATORIES LTD (FORMERLY MATRIX LABORATORIES),EXW,437.0,4659.75,10.66304347826087,35838.35,1
ASN-30499,Air,Ghana,MYLAN LABORATORIES LTD (FORMERLY MATRIX LABORATORIES),EXW,1976.0,12580.0,6.366396761133603,44894.399999999994,1
ASN-30553,Air,Vietnam,MYLAN LABORATORIES LTD (FORMERLY MATRIX LABORATORIES),EXW,2406.0,4219.32,1.7536658354114711,217047.6,1
ASN-30554,Air,Vietnam,MYLAN LABORATORIES LTD (FORMERLY MATRIX LABORATORIES),EXW,2406.0,4219.32,1.7536658354114711,217047.6,1
ASN-30555,Air,Vietnam,MYLAN LABORATORIES LTD (FORMERLY MATRIX LABORATORIES),EXW,2510.0,4363.06,1.7382709163346615,225654.8,1
ASN-30556,Air,Vietnam,MYLAN LABORATORIES LTD (FORMERLY MATRIX LABORATORIES),EXW,498.0,1477.34,2.966546184738956,36993.0,1
ASN-30566,Ocean,Haiti,HETERO LABS LIMITED,EXW,2001.0,7842.4,3.9192403798100948,84421.26,1
ASN-30567,Air,Haiti,MYLAN LABORATORIES LTD (FORMERLY MATRIX LABORATORIES),EXW,487.0,3463.53,7.111971252566735,51433.2,1
ASN-30570,Air,Côte d'Ivoire,"CHEMBIO DIAGNOSTIC SYSTEMS, INC.",EXW,610.0,8231.14,13.49367213114754,65720.0,1
ASN-30623,Air,Burundi,"Orgenics, Ltd",EXW,972.0,14419.91,14.835298353909465,126880.0,1
ASN-30652,Air,Haiti,ABBVIE LOGISTICS (FORMERLY ABBOTT LOGISTICS BV),FCA,3834.0,16386.12,4.273896713615023,287393.2,1
ASN-30672,Air,Vietnam,ABBVIE LOGISTICS (FORMERLY ABBOTT LOGISTICS BV),FCA,1232.0,2769.45,2.247930194805195,306977.28,1
ASN-30674,Air,Vietnam,ABBVIE LOGISTICS (FORMERLY ABBOTT LOGISTICS BV),FCA,2235.0,5134.12,2.297145413870246,560504.72,1
ASN-30737,Air,Côte d'Ivoire,ABBVIE LOGISTICS (FORMERLY ABBOTT LOGISTICS BV),FCA,632.0,7514.75,11.890427215189874,15410.0,1
ASN-30748,Air,"Congo, DRC",AMSTELFARMA B.V.,EXW,500.0,3958.28,7.9165600000000005,19198.0,1
ASN-3079,Air,Namibia,"Trinity Biotech, Plc",EXW,12.0,585.12,48.76,1120.0,1
ASN-3080,Air,Tanzania,"Trinity Biotech, Plc",EXW,284.0,3261.37,11.483697183098592,26848.0,1
ASN-30803,Air,Haiti,MYLAN LABORATORIES LTD (FORMERLY MATRIX LABORATORIES),EXW,280.0,3029.18,10.8185,39000.0,1
ASN-30806,Air,Mali,"Orgenics, Ltd",EXW,169.0,4498.98,26.62118343195266,34720.0,1
ASN-30809,Air,Haiti,MYLAN LABORATORIES LTD (FORMERLY MATRIX LABORATORIES),EXW,3458.0,19839.26,5.737206477732793,202435.2,1
ASN-30810,Air,Haiti,MYLAN LABORATORIES LTD (FORMERLY MATRIX LABORATORIES),EXW,3699.0,21146.04,5.71669099756691,215524.8,1
ASN-30811,Air,Haiti,HETERO LABS LIMITED,EXW,69.0,694.54,10.065797101449276,5445.0,1
ASN-30812,Air,Haiti,HETERO LABS LIMITED,EXW,216.0,2612.79,12.09625,6480.0,1
ASN-30813,Air,Haiti,Aurobindo Pharma Limited,EXW,9.0,820.56,91.17333333333333,540.0,1
ASN-30816,Air,Zimbabwe,ABBVIE LOGISTICS (FORMERLY ABBOTT LOGISTICS BV),FCA,5060.0,44952.61,8.883915019762846,165256.84,1
ASN-30861,Air,Afghanistan,IMRES B.V.,EXW,68.0,555.49,8.168970588235295,3681.35,1
ASN-30880,Air,Côte d'Ivoire,"CHEMBIO DIAGNOSTIC SYSTEMS, INC.",EXW,678.0,9253.44,13.648141592920355,74400.0,1
ASN-30881,Air,Zambia,"Trinity Biotech, Plc",EXW,2328.0,14581.51,6.263535223367698,256000.0,1
ASN-30907,Air,Côte d'Ivoire,"CHEMBIO DIAGNOSTIC SYSTEMS, INC.",EXW,357.0,5640.23,15.798963585434173,38130.0,1
ASN-30940,Air,Vietnam,HETERO LABS LIMITED,EXW,1030.0,1593.67,1.547252427184466,33552.0,1
ASN-30941,Air,Vietnam,HETERO LABS LIMITED,EXW,953.0,1593.67,1.6722665267576076,47160.0,1
ASN-30942,Air,Vietnam,HETERO LABS LIMITED,EXW,2356.0,3688.77,1.5656918505942274,113680.0,1
ASN-30989,Ocean,Haiti,CIPLA LIMITED,EXW,5640.0,9481.92,1.6811914893617022,394932.5,1
ASN-30994,Air,Uganda,ABBVIE LOGISTICS (FORMERLY ABBOTT LOGISTICS BV),FCA,170.0,2265.89,13.328764705882353,4623.0,1
ASN-31018,Air,Tanzania,"Trinity Biotech, Plc",EXW,33.0,939.38,28.466060606060605,2688.0,1
ASN-31028,Ocean,Haiti,Aurobindo Pharma Limited,EXW,3619.0,10101.17,2.7911494888090633,273105.0,1
ASN-31045,Air,Rwanda,ABBVIE LOGISTICS (FORMERLY ABBOTT LOGISTICS BV),FCA,316.0,2905.84,9.195696202531646,7766.64,1
ASN-31073,Air,Zimbabwe,ABBVIE LOGISTICS (FORMERLY ABBOTT LOGISTICS BV),FCA,5747.0,50104.34,8.718346963633198,200021.8,1
ASN-31081,Air,Togo,HETERO LABS LIMITED,EXW,734.0,3710.65,5.055381471389646,30051.0,1
ASN-3110,Air,Namibia,INVERNESS MEDICAL INNOVATIONS SOUTH AFRICA (PTY) LTD,EXW,3.0,963.34,321.11333333333334,715.0,1
ASN-31105,Ocean,Haiti,CIPLA LIMITED,EXW,5000.0,6914.44,1.382888,140321.16,1
ASN-31106,Ocean,Haiti,CIPLA LIMITED,EXW,2471.0,4532.44,1.8342533387292592,68697.72,1
ASN-31129,Air,South Sudan,"Trinity Biotech, Plc",EXW,191.0,2796.58,14.641780104712042,18816.0,1
ASN-31132,Air,Zimbabwe,"Orgenics, Ltd",EXW,781.0,9914.59,12.694737516005121,177500.0,1
ASN-31133,Air,Tanzania,"Orgenics, Ltd",EXW,73.0,1806.81,24.750821917808217,13440.0,1
ASN-31141,Air,Haiti,ABBVIE LOGISTICS (FORMERLY ABBOTT LOGISTICS BV),FCA,708.0,3428.37,4.842330508474576,18800.2,1
ASN-31155,Air,Uganda,Aurobindo Pharma Limited,EXW,237.0,1488.99,6.282658227848101,18773.4,1
ASN-31156,Air,Uganda,Aurobindo Pharma Limited,EXW,424.0,1488.99,3.5117688679245282,34170.0,1
ASN-31157,Air,Uganda,Aurobindo Pharma Limited,EXW,166.0,1488.99,8.969819277108433,12542.4,1
ASN-31163,Air,Mali,"Orgenics, Ltd",EXW,24.0,1059.59,44.14958333333333,8125.0,1
ASN-31164,Air,Zambia,"Orgenics, Ltd",EXW,2548.0,28709.52,11.267472527472528,502400.0,1
ASN-31165,Air,Zambia,"Orgenics, Ltd",EXW,5538.0,25380.88,4.583040808956302,443040.0,1
ASN-31166,Air,Zambia,"Orgenics, Ltd",EXW,1290.0,14493.3,11.235116279069766,254560.0,1
ASN-31173,Air,Côte d'Ivoire,ABBVIE LOGISTICS (FORMERLY ABBOTT LOGISTICS BV),FCA,844.0,9768.22,11.573720379146918,22960.9,1
ASN-31187,Air,Uganda,EMCURE PHARMACEUTICALS LTD,EXW,237.0,1794.89,7.573375527426161,31968.0,1
ASN-31188,Air,Zimbabwe,ABBVIE LOGISTICS (FORMERLY ABBOTT LOGISTICS BV),FCA,2584.0,20480.64,7.92594427244582,80933.32,1
ASN-31190,Air,Zimbabwe,ABBVIE LOGISTICS (FORMERLY ABBOTT LOGISTICS BV),FCA,2583.0,20559.39,7.959500580720093,80902.5,1
ASN-31197,Air,Haiti,EMCURE PHARMACEUTICALS LTD,EXW,133.0,1604.56,12.064360902255638,18000.0,1
ASN-31199,Air,Afghanistan,AMSTELFARMA B.V.,EXW,21.0,525.56,25.026666666666664,936.0,1
ASN-31235,Air,Haiti,"SHANGHAI KEHUA BIOENGINEERING CO.,LTD.  (KHB)",EXW,1130.0,10893.85,9.640575221238938,39200.0,1
ASN-31240,Air,Rwanda,ABBVIE LOGISTICS (FORMERLY ABBOTT LOGISTICS BV),FCA,100.0,1952.77,19.5277,2650.52,1
ASN-31318,Air,Nigeria,"Trinity Biotech, Plc",EXW,2134.0,13771.63,6.453434864104967,214528.0,1
ASN-31390,Air,Botswana,HETERO LABS LIMITED,EXW,4260.0,21035.49,4.937908450704226,362286.05,1
ASN-31391,Air,Botswana,HETERO LABS LIMITED,EXW,4840.0,23796.98,4.916731404958678,412506.5,1
ASN-31392,Air,Botswana,HETERO LABS LIMITED,EXW,3989.0,19745.22,4.949917272499373,334928.16,1
ASN-31408,Air,Burundi,"CHEMBIO DIAGNOSTIC SYSTEMS, INC.",EXW,56.0,812.84,14.515,14269.2,1
ASN-31449,Air,Zimbabwe,ABBVIE LOGISTICS (FORMERLY ABBOTT LOGISTICS BV),FCA,3991.0,34670.93,8.687278877474318,203409.36,1
ASN-31452,Air,Haiti,"Orgenics, Ltd",EXW,2557.0,21256.43,8.313034806413766,630200.0,1
ASN-31453,Air,Haiti,"Orgenics, Ltd",EXW,2314.0,22194.09,9.591222990492653,569800.0,1
ASN-31454,Air,Rwanda,SWORDS LABORATORIES,FCA,11.0,663.77,60.342727272727274,4468.2,1
ASN-31496,Air,Uganda,"Orgenics, Ltd",EXW,2527.0,20534.4,8.125999208547686,498160.0,1
ASN-31497,Air,Uganda,"Orgenics, Ltd",EXW,2477.0,19775.55,7.983669761808639,489440.0,1
ASN-31498,Air,Uganda,"Orgenics, Ltd",EXW,2290.0,18423.91,8.045375545851527,452400.0,1
ASN-3151,Air,Côte d'Ivoire,IDA FOUNDATION,EXW,12.0,536.78,44.73166666666666,629.88,1
ASN-3154,Air,Ethiopia,"SHANGHAI KEHUA BIOENGINEERING CO.,LTD.  (KHB)",EXW,2535.0,20083.74,7.922579881656805,80730.0,1
ASN-3155,Air,Ethiopia,"SHANGHAI KEHUA BIOENGINEERING CO.,LTD.  (KHB)",EXW,2509.0,19882.25,7.924372259864488,79810.0,1
ASN-31553,Air,Mozambique,ABBVIE LOGISTICS (FORMERLY ABBOTT LOGISTICS BV),FCA,62.0,642.99,10.370806451612903,2740.0,1
ASN-31555,Air,Uganda,BIO-RAD LABORATORIES (FRANCE),EXW,17.0,660.77,38.86882352941176,2982.0,1
ASN-31556,Air,Mozambique,"Orgenics, Ltd",EXW,2139.0,19193.57,8.97315100514259,440000.0,1
ASN-3156,Air,Ethiopia,"SHANGHAI KEHUA BIOENGINEERING CO.,LTD.  (KHB)",EXW,2535.0,20083.74,7.922579881656805,80730.0,1
ASN-3157,Air,Ethiopia,"SHANGHAI KEHUA BIOENGINEERING CO.,LTD.  (KHB)",EXW,2535.0,20083.74,7.922579881656805,80730.0,1
ASN-31573,Air,Haiti,Aurobindo Pharma Limited,EXW,124.0,976.44,7.8745161290322585,8239.09,1
ASN-31590,Air,Haiti,JANSSEN SCIENCES IRELAND UC (FORMERLY JANSSEN R&D IRELAND),EXW,120.0,1140.71,9.505916666666668,32400.0,1
ASN-31603,Air,Rwanda,EMCURE PHARMACEUTICALS LTD,EXW,1805.0,10743.33,5.951983379501385,248814.0,1
ASN-31624,Air,Ethiopia,"SHANGHAI KEHUA BIOENGINEERING CO.,LTD.  (KHB)",EXW,2764.0,40716.16,14.730882778581767,98000.0,1
ASN-31631,Air,Zambia,ABBVIE LOGISTICS (FORMERLY ABBOTT LOGISTICS BV),FCA,2272.0,13949.95,6.1399427816901415,69838.12,1
ASN-31638,Air,Zambia,ABBVIE LOGISTICS (FORMERLY ABBOTT LOGISTICS BV),FCA,2272.0,14603.71,6.42768926056338,69807.3,1
ASN-31639,Air,Zambia,ABBVIE LOGISTICS (FORMERLY ABBOTT LOGISTICS BV),FCA,2277.0,13894.08,6.101923583662714,69838.12,1
ASN-31640,Air,Zambia,ABBVIE LOGISTICS (FORMERLY ABBOTT LOGISTICS BV),FCA,2272.0,13303.8,5.855545774647887,69807.3,1
ASN-31646,Air,Vietnam,MYLAN LABORATORIES LTD (FORMERLY MATRIX LABORATORIES),EXW,1456.0,2984.0,2.0494505494505493,109032.0,1
ASN-31647,Air,Vietnam,MYLAN LABORATORIES LTD (FORMERLY MATRIX LABORATORIES),EXW,2406.0,4872.65,2.0252078137988363,217047.6,1
ASN-31648,Air,Vietnam,MYLAN LABORATORIES LTD (FORMERLY MATRIX LABORATORIES),EXW,2101.0,4384.01,2.086630176106616,188952.4,1
ASN-31659,Air,Rwanda,SWORDS LABORATORIES,FCA,282.0,1028.1,3.6457446808510636,43869.6,1
ASN-3166,Air,Guyana,"CHEMBIO DIAGNOSTIC SYSTEMS, INC.",EXW,28.0,692.38,24.727857142857143,2700.0,1
ASN-3170,Air,Tanzania,ABBVIE LOGISTICS (FORMERLY ABBOTT LOGISTICS BV),FCA,3088.0,12937.16,4.189494818652849,513750.0,1
ASN-31704,Air,Uganda,"CHEMBIO DIAGNOSTIC SYSTEMS, INC.",EXW,2328.0,13456.05,5.780090206185567,192200.0,1
ASN-3172,Air,Zambia,"Standard Diagnostics, Inc.",EXW,100.0,1122.24,11.2224,6380.0,1
ASN-31720,Air,Ethiopia,"CHEMBIO DIAGNOSTIC SYSTEMS, INC.",EXW,112.0,1414.69,12.631160714285715,11700.0,1
ASN-31730,Air,Guyana,HETERO LABS LIMITED,EXW,385.0,3248.6,8.437922077922078,20766.85,1
ASN-31739,Air,Rwanda,SWORDS LABORATORIES,FCA,69.0,802.85,11.635507246376813,18928.92,1
ASN-31750,Air,"Congo, DRC","Trinity Biotech, Plc",EXW,508.0,3918.37,7.713326771653543,50848.0,1
ASN-31756,Air,Rwanda,ABBVIE LOGISTICS (FORMERLY ABBOTT LOGISTICS BV),FCA,83.0,929.85,11.203012048192772,3813.48,1
ASN-31765,Air,South Sudan,"Trinity Biotech, Plc",EXW,164.0,1871.07,11.408963414634146,17216.0,1
ASN-3178,Air,Ethiopia,"CHEMBIO DIAGNOSTIC SYSTEMS, INC.",EXW,3061.0,15288.75,4.99469127736034,251775.0,1
ASN-31785,Air,Nigeria,"Orgenics, Ltd",EXW,2292.0,27361.87,11.937988656195461,501960.0,1
ASN-31786,Air,Nigeria,"Orgenics, Ltd",EXW,2579.0,28759.53,11.151426909654905,566040.0,1
ASN-31818,Air,Uganda,"Trinity Biotech, Plc",EXW,775.0,6164.1,7.953677419354839,83200.0,1
ASN-31820,Ocean,Haiti,MYLAN LABORATORIES LTD (FORMERLY MATRIX LABORATORIES),EXW,16350.0,16028.78,0.980353516819572,1164891.0,1
ASN-31826,Air,Haiti,Aurobindo Pharma Limited,EXW,2254.0,12791.34,5.6749511978704525,10887.0,1
ASN-31852,Air,Sierra Leone,"Orgenics, Ltd",EXW,1556.0,28703.53,18.446998714652956,320000.0,1
ASN-31866,Air,Haiti,ABBVIE LOGISTICS (FORMERLY ABBOTT LOGISTICS BV),FCA,494.0,2737.95,5.54240890688259,12944.4,1
ASN-31869,Air,Côte d'Ivoire,"Orgenics, Ltd",EXW,3374.0,24821.13,7.35658861885003,460000.0,1
ASN-3190,Air,Guyana,"Orgenics, Ltd",EXW,60.0,1097.78,18.296333333333333,25272.0,1
ASN-3192,Air,Namibia,"Orgenics, Ltd",EXW,46.0,2946.64,64.05739130434782,10800.0,1
ASN-32010,Air,Nigeria,ABBVIE LOGISTICS (FORMERLY ABBOTT LOGISTICS BV),FCA,794.0,5808.69,7.31573047858942,24316.98,1
ASN-32047,Air,Uganda,EMCURE PHARMACEUTICALS LTD,EXW,132.0,1329.99,10.075681818181819,18000.0,1
ASN-32051,Air,Zimbabwe,ABBVIE LOGISTICS (FORMERLY ABBOTT LOGISTICS BV),FCA,6090.0,41141.5,6.755582922824302,213089.48,1
ASN-32057,Air,Haiti,EMCURE PHARMACEUTICALS LTD,EXW,132.0,1579.89,11.968863636363636,18000.0,1
ASN-3208,Air,Guyana,"Trinity Biotech, Plc",EXW,707.0,5926.53,8.382644978783592,66752.0,1
ASN-3210,Air,Namibia,"Orgenics, Ltd",EXW,9.0,1153.43,128.1588888888889,1500.0,1
ASN-32118,Air,Nigeria,EMCURE PHARMACEUTICALS LTD,EXW,1400.0,11732.9,8.380642857142856,192906.0,1
ASN-32156,Air,Rwanda,EMCURE PHARMACEUTICALS LTD,EXW,1045.0,6949.93,6.65065071770335,144000.0,1
ASN-32234,Air,Nigeria,"Trinity Biotech, Plc",EXW,3655.0,25636.67,7.014136798905608,399520.0,1
ASN-32255,Air,Vietnam,ABBVIE LOGISTICS (FORMERLY ABBOTT LOGISTICS BV),FCA,40.0,642.45,16.06125,9304.0,1
ASN-32258,Air,Vietnam,HETERO LABS LIMITED,EXW,2486.0,3775.5,1.5187047465808527,122420.0,1
ASN-32259,Air,Vietnam,HETERO LABS LIMITED,EXW,2516.0,3816.3,1.51681240063593,177600.0,1
ASN-32260,Air,Vietnam,HETERO LABS LIMITED,EXW,2516.0,3809.94,1.5142845786963435,177600.0,1
ASN-32261,Air,Vietnam,HETERO LABS LIMITED,EXW,2516.0,3809.94,1.5142845786963435,177600.0,1
ASN-32265,Air,Vietnam,HETERO LABS LIMITED,EXW,2541.0,5489.55,2.1603896103896103,128130.0,1
ASN-32266,Air,Vietnam,HETERO LABS LIMITED,EXW,2523.0,4761.9,1.8873959571938168,177600.0,1
ASN-32267,Air,Vietnam,HETERO LABS LIMITED,EXW,2523.0,4784.19,1.8962306777645659,177600.0,1
ASN-32268,Air,Vietnam,HETERO LABS LIMITED,EXW,2523.0,4784.19,1.8962306777645659,177600.0,1
ASN-32270,Air,Vietnam,HETERO LABS LIMITED,EXW,1400.0,2859.58,2.042557142857143,60440.0,1
ASN-3229,Air,Tanzania,"Trinity Biotech, Plc",EXW,554.0,4810.99,8.684097472924188,53696.0,1
ASN-3231,Air,Nigeria,"Orgenics, Ltd",EXW,1584.0,22775.45,14.378440656565656,420720.0,1
ASN-3234,Air,Ethiopia,"Orgenics, Ltd",EXW,400.0,4856.14,12.140350000000002,80000.0,1
ASN-3242,Air,Côte d'Ivoire,IDA FOUNDATION,EXW,5209.0,25405.22,4.877177961220964,2731.4,1
ASN-32442,Air,Vietnam,HETERO LABS LIMITED,EXW,1320.0,2730.91,2.068871212121212,54495.0,1
ASN-32498,Air,Uganda,MYLAN LABORATORIES LTD (FORMERLY MATRIX LABORATORIES),EXW,1652.0,7172.9,4.341949152542373,241215.0,1
ASN-32512,Air,Haiti,Aurobindo Pharma Limited,EXW,143.0,2251.42,15.744195804195805,2878.75,1
ASN-32527,Air,Nigeria,HETERO LABS LIMITED,EXW,6093.0,42199.11,6.925834564254062,417466.2,1
ASN-32534,Air,Uganda,EMCURE PHARMACEUTICALS LTD,EXW,1197.0,5375.13,4.490501253132832,166230.0,1
ASN-32557,Air,Ethiopia,"Trinity Biotech, Plc",EXW,58.0,143.57,2.475344827586207,5440.0,1
ASN-32560,Air,Burundi,"CHEMBIO DIAGNOSTIC SYSTEMS, INC.",EXW,63.0,877.52,13.928888888888888,16394.4,1
ASN-3259,Air,Ethiopia,"CHEMBIO DIAGNOSTIC SYSTEMS, INC.",EXW,1341.0,6112.63,4.558262490678598,100197.0,1
ASN-32676,Air,Haiti,ABBVIE LOGISTICS (FORMERLY ABBOTT LOGISTICS BV),FCA,51.0,4126.9,80.91960784313724,2397.5,1
ASN-32716,Air,Haiti,ABBVIE LOGISTICS (FORMERLY ABBOTT LOGISTICS BV),FCA,1825.0,4126.9,2.2613150684931504,127763.68,1
ASN-32754,Air,Nigeria,"Orgenics, Ltd",EXW,2307.0,26294.95,11.397897702644126,505609.0,1
ASN-32756,Air,Nigeria,"Orgenics, Ltd",EXW,2575.0,29274.16,11.36860582524272,565150.0,1
ASN-32758,Air,Nigeria,"Orgenics, Ltd",EXW,2307.0,21672.24,9.394122236671002,414473.0,1
ASN-32761,Air,Haiti,EMCURE PHARMACEUTICALS LTD,EXW,138.0,1719.78,12.462173913043477,18936.0,1
ASN-32779,Air,Vietnam,MYLAN LABORATORIES LTD (FORMERLY MATRIX LABORATORIES),EXW,1748.0,3868.49,2.213094965675057,129800.0,1
ASN-32780,Air,Vietnam,MYLAN LABORATORIES LTD (FORMERLY MATRIX LABORATORIES),EXW,2446.0,4559.25,1.8639615699100571,142430.4,1
ASN-32854,Air,Haiti,EMCURE PHARMACEUTICALS LTD,EXW,1023.0,6433.8,6.289149560117302,144000.0,1
ASN-3303,Air,Namibia,"Trinity Biotech, Plc",EXW,22.0,1003.52,45.61454545454546,2176.0,1
ASN-33116,Air,Cameroon,MYLAN LABORATORIES LTD (FORMERLY MATRIX LABORATORIES),EXW,949.0,8024.1,8.45532139093783,138606.0,1
ASN-3312,Air,Vietnam,Aurobindo Pharma Limited,EXW,1068.0,3894.21,3.64626404494382,39338.4,1
ASN-3313,Air,Vietnam,Aurobindo Pharma Limited,EXW,1044.0,3854.23,3.691791187739464,43672.8,1
ASN-3322,Air,Ethiopia,"Trinity Biotech, Plc",EXW,844.0,8101.57,9.599016587677724,80000.0,1
ASN-33318,Air,Cameroon,ABBVIE LOGISTICS (FORMERLY ABBOTT LOGISTICS BV),FCA,1485.0,10334.23,6.959077441077441,52272.0,1
ASN-3332,Air,Tanzania,MERCK SHARP & DOHME IDEA GMBH (FORMALLY MERCK SHARP & DOHME B.V.),CIP,4093.0,9339.0,2.281700464207183,2520000.0,1
ASN-3415,Air,Tanzania,"Orgenics, Ltd",EXW,337.0,4323.93,12.8306528189911,81504.0,1
ASN-3424,Air,Botswana,Orasure Technologies Inc.,EXW,12.0,810.85,67.57083333333334,1750.0,1
ASN-343,Air,Guyana,"Trinity Biotech, Plc",EXW,337.0,5240.47,15.550356083086054,32000.0,1
ASN-3434,Air,Côte d'Ivoire,"Standard Diagnostics, Inc.",EXW,206.0,2358.13,11.447233009708738,13180.0,1
ASN-3435,Air,Côte d'Ivoire,"Standard Diagnostics, Inc.",EXW,206.0,2656.12,12.89378640776699,13180.0,1
ASN-3454,Air,Vietnam,Aurobindo Pharma Limited,EXW,211.0,892.5,4.229857819905213,20250.72,1
ASN-3455,Air,Vietnam,Aurobindo Pharma Limited,EXW,105.0,865.6,8.243809523809524,10125.36,1
ASN-3457,Air,Haiti,"Orgenics, Ltd",EXW,382.0,3241.06,8.484450261780104,117600.0,1
ASN-3458,Air,Rwanda,Premier Medical Corporation Ltd.,EXW,1320.0,15022.74,11.380863636363637,88020.0,1
ASN-3465,Air,Côte d'Ivoire,"CHEMBIO DIAGNOSTIC SYSTEMS, INC.",EXW,79.0,1104.69,13.983417721518988,7803.0,1
ASN-3481,Air,Guyana,"Trinity Biotech, Plc",EXW,355.0,4457.29,12.555746478873239,33984.0,1
ASN-3490,Air,Namibia,"Trinity Biotech, Plc",EXW,236.0,6862.01,29.076313559322035,22400.0,1
ASN-3497,Air,Nigeria,MERCK SHARP & DOHME IDEA GMBH (FORMALLY MERCK SHARP & DOHME B.V.),CIP,2067.0,7933.38,3.83811320754717,1260000.0,1
ASN-3505,Air,Rwanda,CIPLA LIMITED,CIP,1698.0,16414.22,9.666796230859836,168896.0,1
ASN-3507,Air,Mozambique,"Orgenics, Ltd",EXW,1417.0,13093.27,9.24013408609739,345600.0,1
ASN-3508,Air,Zambia,"Orgenics, Ltd",EXW,1624.0,12646.15,7.787038177339901,396000.0,1
ASN-3509,Air,Mozambique,"Trinity Biotech, Plc",EXW,1906.0,23914.8,12.547114375655823,182400.0,1
ASN-3511,Air,Guyana,"Orgenics, Ltd",EXW,64.0,1083.36,16.9275,15336.0,1
ASN-3521,Air,Vietnam,CIPLA LIMITED,EXW,924.0,4225.93,4.573517316017316,72864.0,1
ASN-3522,Air,Vietnam,CIPLA LIMITED,EXW,2165.0,4443.97,2.052642032332564,168912.0,1
ASN-3546,Air,Senegal,"Orgenics, Ltd",EXW,33.0,812.0,24.606060606060606,6800.0,1
ASN-3561,Air,Vietnam,Aurobindo Pharma Limited,EXW,2228.0,9809.7,4.402917414721724,96165.72,1
ASN-3562,Air,Vietnam,Aurobindo Pharma Limited,EXW,3509.0,12835.2,3.657794243374181,157155.64,1
ASN-362,Air,Haiti,"Trinity Biotech, Plc",EXW,78.0,4702.79,60.29217948717949,17375.0,1
ASN-3628,Air,Haiti,Aurobindo Pharma Limited,EXW,187.0,1903.54,10.179358288770054,11120.0,1
ASN-3629,Air,Haiti,Aurobindo Pharma Limited,EXW,96.0,1448.55,15.089062499999999,2782.08,1
ASN-3630,Air,Vietnam,MYLAN LABORATORIES LTD (FORMERLY MATRIX LABORATORIES),EXW,9.0,2793.62,310.40222222222224,1260.0,1
ASN-3631,Air,Vietnam,MYLAN LABORATORIES LTD (FORMERLY MATRIX LABORATORIES),EXW,18.0,2525.73,140.31833333333333,2520.0,1
ASN-3632,Air,Côte d'Ivoire,"Orgenics, Ltd",EXW,453.0,8603.58,18.992450331125827,140000.0,1
ASN-3633,Air,Rwanda,"Orgenics, Ltd",EXW,88.0,3936.25,44.73011363636363,27020.0,1
ASN-364,Air,Haiti,Abbott GmbH & Co. KG,EXW,343.0,2802.42,8.170320699708455,80000.0,1
ASN-3664,Air,Haiti,"Trinity Biotech, Plc",EXW,78.0,1953.6,25.046153846153846,15290.0,1
ASN-3665,Air,Nigeria,"Orgenics, Ltd",EXW,1723.0,22451.67,13.030568775391757,460080.0,1
ASN-3673,Air,Vietnam,BRISTOL-MYERS SQUIBB,CIP,56.0,2246.81,40.121607142857144,3315.0,1
ASN-3675,Air,Haiti,BRISTOL-MYERS SQUIBB,CIP,43.0,260.0,6.046511627906977,1722.88,1
ASN-3676,Air,Zambia,"Standard Diagnostics, Inc.",EXW,94.0,1205.43,12.82372340425532,6000.0,1
ASN-3678,Air,Rwanda,"Trinity Biotech, Plc",EXW,320.0,3100.66,9.6895625,30816.0,1
ASN-3694,Air,Tanzania,ABBVIE LOGISTICS (FORMERLY ABBOTT LOGISTICS BV),FCA,3073.0,12815.42,4.170328669053043,516216.0,1
ASN-3697,Air,Rwanda,"Trinity Biotech, Plc",EXW,385.0,6269.97,16.285636363636364,37216.0,1
ASN-3698,Air,Zambia,"Trinity Biotech, Plc",EXW,2657.0,25513.66,9.60243131351148,256000.0,1
ASN-3699,Air,Tanzania,"Trinity Biotech, Plc",EXW,277.0,3146.63,11.359675090252708,26848.0,1
ASN-37,Air,Zambia,Abbott GmbH & Co. KG,FCA,343.0,2373.73,6.920495626822158,80000.0,1
ASN-3710,Air,Rwanda,Premier Medical Corporation Ltd.,EXW,2800.0,12595.81,4.4985035714285715,185602.5,1
ASN-3712,Air,Haiti,ABBVIE LOGISTICS (FORMERLY ABBOTT LOGISTICS BV),FCA,99.0,2704.58,27.318989898989898,2055.0,1
ASN-3743,Air,Haiti,MYLAN LABORATORIES LTD (FORMERLY MATRIX LABORATORIES),EXW,32050.0,806.55,0.025165366614664585,5040.0,1
ASN-3748,Air,Haiti,ABBVIE LOGISTICS (FORMERLY ABBOTT LOGISTICS BV),FCA,9.0,807.28,89.69777777777777,411.0,1
ASN-3749,Air,Haiti,ABBVIE LOGISTICS (FORMERLY ABBOTT LOGISTICS BV),FCA,362.0,2490.67,6.880303867403315,60417.0,1
ASN-3750,Air,Haiti,ABBVIE LOGISTICS (FORMERLY ABBOTT LOGISTICS BV),FCA,10.0,893.22,89.322,472.88,1
ASN-3751,Air,Tanzania,ABBVIE LOGISTICS (FORMERLY ABBOTT LOGISTICS BV),FCA,644.0,6668.61,10.354984472049688,21536.4,1
ASN-3753,Air,Haiti,ABBVIE LOGISTICS (FORMERLY ABBOTT LOGISTICS BV),FCA,7.0,810.36,115.76571428571428,143.92,1
ASN-3761,Air,Côte d'Ivoire,"Orgenics, Ltd",EXW,341.0,9749.73,28.59158357771261,105000.0,1
ASN-3780,Air,Botswana,Orasure Technologies Inc.,EXW,48.0,1119.99,23.333125,7000.0,1
ASN-3808,Air,Haiti,"Trinity Biotech, Plc",EXW,105.0,1894.41,18.042,20850.0,1
ASN-3851,Air,Rwanda,CIPLA LIMITED,CIP,719.0,853.88,1.1875938803894297,71344.0,1
ASN-3852,Air,Rwanda,CIPLA LIMITED,CIP,2086.0,853.87,0.40933365292425694,207043.2,1
ASN-3853,Air,Tanzania,MERCK SHARP & DOHME IDEA GMBH (FORMALLY MERCK SHARP & DOHME B.V.),CIP,2462.0,3451.41,1.401872461413485,1512000.0,1
ASN-3857,Air,Mozambique,"Orgenics, Ltd",EXW,2655.0,25052.69,9.436041431261769,648000.0,1
ASN-386,Air,Vietnam,CIPLA LIMITED,EXW,6813.0,31858.09,4.676073682665493,525000.0,1
ASN-387,Air,Vietnam,Aurobindo Pharma Limited,EXW,356.0,14982.1,42.084550561797755,17850.0,1
ASN-3894,Air,Kenya,"Standard Diagnostics, Inc.",EXW,1558.0,11653.64,7.47987163029525,120000.0,1
ASN-3896,Air,Guyana,"Trinity Biotech, Plc",EXW,675.0,8727.54,12.92968888888889,64832.0,1
ASN-3897,Air,Namibia,"Trinity Biotech, Plc",EXW,205.0,6148.29,29.991658536585366,19200.0,1
ASN-3904,Air,Uganda,BRISTOL-MYERS SQUIBB,CIP,3000.0,428.91,0.14297,1100.4,1
ASN-3984,Air,Nigeria,ABBVIE LOGISTICS (FORMERLY ABBOTT LOGISTICS BV),FCA,69.0,1332.43,19.31057971014493,9535.2,1
ASN-3985,Air,Côte d'Ivoire,BIO-RAD LABORATORIES (FRANCE),EXW,534.0,9471.52,17.73692883895131,52360.0,1
ASN-3987,Air,Guyana,"Orgenics, Ltd",EXW,130.0,1859.79,14.306076923076922,38250.0,1
ASN-3988,Air,Namibia,"Orgenics, Ltd",DDP,5.0,87.73,17.546,525.0,1
ASN-4,Air,Côte d'Ivoire,OMEGA DIAGNOSTICS LTD,EXW,15.0,633.73,42.248666666666665,1375.0,1
ASN-4005,Air,Haiti,Orasure Technologies Inc.,EXW,132.0,3013.19,22.82719696969697,19250.0,1
ASN-4046,Air,Côte d'Ivoire,BIO-RAD LABORATORIES (FRANCE),EXW,158.0,4318.21,27.330443037974685,15400.0,1
ASN-4047,Air,Namibia,"Orgenics, Ltd",EXW,43.0,2760.11,64.18860465116279,12600.0,1
ASN-4079,Air,Namibia,Aurobindo Pharma Limited,EXW,98.0,1770.43,18.06561224489796,1072.0,1
ASN-4081,Air,Namibia,"Trinity Biotech, Plc",EXW,2261.0,17643.81,7.803542680229987,216320.0,1
ASN-4086,Air,Côte d'Ivoire,ABBVIE LOGISTICS (FORMERLY ABBOTT LOGISTICS BV),FCA,2523.0,14806.48,5.8686008719778044,420864.0,1
ASN-409,Air,Tanzania,BRISTOL-MYERS SQUIBB,CIP,162.0,912.96,5.635555555555555,8964.08,1
ASN-4094,Air,Vietnam,Aurobindo Pharma Limited,EXW,30.0,4111.71,137.057,1950.0,1
ASN-4095,Air,Côte d'Ivoire,BIO-RAD LABORATORIES (FRANCE),EXW,20.0,2199.43,109.97149999999999,1980.0,1
ASN-4098,Air,Kenya,"Trinity Biotech, Plc",EXW,2.0,12561.4,6280.7,160.0,1
ASN-4099,Air,Kenya,"Trinity Biotech, Plc",EXW,4995.0,275.0,0.055055055055055056,159840.0,1
ASN-4100,Air,Nigeria,"Orgenics, Ltd",EXW,445.0,7120.0,16.0,120000.0,1
ASN-4144,Air,Botswana,Orasure Technologies Inc.,EXW,3.0,597.43,199.14333333333332,350.0,1
ASN-417,Air,Nigeria,Abbott GmbH & Co. KG,EXW,851.0,5469.91,6.427626321974148,200000.0,1
ASN-4184,Air,Botswana,"Trinity Biotech, Plc",EXW,25.0,808.0,32.32,2400.0,1
ASN-4185,Air,Botswana,"Trinity Biotech, Plc",EXW,56.0,1060.43,18.93625,4416.0,1
ASN-4186,Air,Namibia,"Orgenics, Ltd",EXW,195.0,2008.54,10.300205128205128,56000.0,1
ASN-4206,Air,Nigeria,ABBVIE LOGISTICS (FORMERLY ABBOTT LOGISTICS BV),FCA,309.0,3777.93,12.22631067961165,83844.0,1
ASN-4215,Air,Botswana,"Orgenics, Ltd",EXW,274.0,3321.08,12.120729927007298,84000.0,1
ASN-4216,Air,Botswana,"Orgenics, Ltd",EXW,4.0,383.65,95.9125,1050.0,1
ASN-4223,Air,Tanzania,Hoffmann-La Roche ltd Basel,FCA,424.0,3310.89,7.808702830188679,73074.13,1
ASN-4242,Air,Côte d'Ivoire,"Standard Diagnostics, Inc.",EXW,136.0,2094.08,15.397647058823528,10000.0,1
ASN-4289,Air,Côte d'Ivoire,BIO-RAD LABORATORIES (FRANCE),EXW,1073.0,8114.11,7.562078285181733,110000.0,1
ASN-4291,Air,Guyana,"Orgenics, Ltd",EXW,87.0,1205.7,13.858620689655172,24840.0,1
ASN-4294,Air,Nigeria,"Orgenics, Ltd",EXW,1920.0,30697.91,15.988494791666666,511440.0,1
ASN-43,Air,Zambia,Abbott GmbH & Co. KG,EXW,428.0,2829.61,6.611238317757009,100000.0,1
ASN-4302,Air,Vietnam,ABBVIE LOGISTICS (FORMERLY ABBOTT LOGISTICS BV),FCA,48.0,3366.04,70.12583333333333,613.76,1
ASN-4303,Air,Vietnam,CIPLA LIMITED,EXW,1899.0,5209.46,2.743264876250658,130896.0,1
ASN-4310,Air,Namibia,"Trinity Biotech, Plc",EXW,41.0,1862.27,45.42121951219512,3840.0,1
ASN-4311,Air,Namibia,"Trinity Biotech, Plc",EXW,79.0,1736.18,21.976962025316457,7040.0,1
ASN-4318,Air,Guyana,"Trinity Biotech, Plc",EXW,468.0,5733.61,12.251303418803419,43872.0,1
ASN-4322,Air,Haiti,Orasure Technologies Inc.,EXW,144.0,4185.29,29.06451388888889,21000.0,1
ASN-4323,Air,Botswana,Orasure Technologies Inc.,EXW,48.0,684.42,14.25875,7000.0,1
ASN-4324,Air,Botswana,Orasure Technologies Inc.,EXW,12.0,684.42,57.035,1750.0,1
ASN-4326,Air,Côte d'Ivoire,"Orgenics, Ltd",EXW,182.0,3272.6,17.98131868131868,56000.0,1
ASN-4343,Air,Kenya,"Orgenics, Ltd",EXW,2215.0,16835.31,7.600591422121897,600000.0,1
ASN-4357,Air,Zambia,"Trinity Biotech, Plc",EXW,2379.0,21686.21,9.115683060109289,224000.0,1
ASN-4371,Air,Vietnam,CIPLA LIMITED,EXW,3479.0,10048.1,2.8882150043115837,240408.0,1
ASN-4374,Air,Haiti,"Trinity Biotech, Plc",EXW,2.0,1800.33,900.165,417.0,1
ASN-4378,Air,Uganda,BRISTOL-MYERS SQUIBB,CIP,4.0,390.81,97.7025,1540.56,1
ASN-4381,Air,Tanzania,ABBVIE LOGISTICS (FORMERLY ABBOTT LOGISTICS BV),FCA,2724.0,12620.12,4.632936857562409,441414.0,1
ASN-4403,Air,Vietnam,MYLAN LABORATORIES LTD (FORMERLY MATRIX LABORATORIES),EXW,524.0,4453.71,8.499446564885496,42588.0,1
ASN-4412,Air,Namibia,"Orgenics, Ltd",EXW,47.0,2681.23,57.047446808510635,10800.0,1
ASN-4416,Air,Namibia,"Orgenics, Ltd",EXW,6.0,868.31,144.71833333333333,1680.0,1
ASN-4419,Air,Vietnam,Aurobindo Pharma Limited,EXW,1815.0,9931.49,5.4718953168044075,76567.0,1
ASN-4420,Air,Vietnam,Aurobindo Pharma Limited,EXW,1804.0,6341.88,3.5154545454545456,90994.6,1
ASN-4423,Air,Côte d'Ivoire,ABBVIE LOGISTICS (FORMERLY ABBOTT LOGISTICS BV),FCA,175.0,7642.97,43.67411428571429,15344.0,1
ASN-4437,Air,Nigeria,"Orgenics, Ltd",EXW,1915.0,24514.33,12.801216710182768,511600.0,1
ASN-4439,Air,Zambia,"Orgenics, Ltd",EXW,1330.0,11559.65,8.691466165413534,324000.0,1
ASN-4446,Air,Vietnam,MYLAN LABORATORIES LTD (FORMERLY MATRIX LABORATORIES),EXW,1775.0,5761.87,3.246123943661972,146328.0,1
ASN-4448,Air,Rwanda,"Trinity Biotech, Plc",EXW,88.0,3997.31,45.42397727272727,8000.0,1
ASN-4457,Air,Côte d'Ivoire,ABBVIE LOGISTICS (FORMERLY ABBOTT LOGISTICS BV),FCA,99.0,1939.99,19.595858585858586,2055.0,1
ASN-4460,Air,Rwanda,MYLAN LABORATORIES LTD (FORMERLY MATRIX LABORATORIES),CIP,3080.0,33235.44,10.790727272727274,348624.0,1
ASN-4462,Air,Rwanda,MYLAN LABORATORIES LTD (FORMERLY MATRIX LABORATORIES),CIP,3393.0,30661.5,9.036693191865606,317528.28,1
ASN-4488,Air,Vietnam,BRISTOL-MYERS SQUIBB,CIP,148.0,14.36,0.09702702702702702,5040.0,1
ASN-4489,Air,Tanzania,BRISTOL-MYERS SQUIBB,CIP,363.0,777.0,2.1404958677685952,199390.0,1
ASN-4500,Air,Kenya,"Orgenics, Ltd",EXW,2215.0,17662.98,7.974257336343115,600000.0,1
ASN-4503,Air,Rwanda,HETERO LABS LIMITED,CIP,4482.0,37404.74,8.345546630968316,386384.88,1
ASN-451,Air,Nigeria,"CHEMBIO DIAGNOSTIC SYSTEMS, INC.",EXW,2278.0,15893.71,6.977045654082528,202500.0,1
ASN-4511,Air,Namibia,CIPLA LIMITED,EXW,251.0,1484.75,5.915338645418327,8148.8,1
ASN-4512,Air,Namibia,CIPLA LIMITED,EXW,53.0,571.53,10.783584905660376,1651.2,1
ASN-452,Air,Côte d'Ivoire,Orasure Technologies Inc.,EXW,120.0,3004.62,25.0385,20000.0,1
ASN-4533,Air,Nigeria,MISSIONPHARMA A/S,EXW,1250.0,17170.07,13.736056,70420.0,1
ASN-4553,Air,Rwanda,HETERO LABS LIMITED,CIP,2268.0,19023.36,8.387724867724868,195677.32,1
ASN-4585,Air,Côte d'Ivoire,"Standard Diagnostics, Inc.",EXW,560.0,5180.34,9.250607142857143,43200.0,1
ASN-4596,Air,Nigeria,ABBVIE LOGISTICS (FORMERLY ABBOTT LOGISTICS BV),FCA,1246.0,10490.77,8.419558587479937,205500.0,1
ASN-46,Air,Haiti,Orasure Technologies Inc.,EXW,36.0,1195.29,33.2025,6000.0,1
ASN-4600,Air,Guyana,ABBOTT LABORATORIES (PUERTO RICO),CIP,589.0,314.0,0.533106960950764,224625.27,1
ASN-4606,Air,Guyana,"PUETRO RICO PHARMACEUTICAL, INC.",EXW,390.0,2748.16,7.046564102564102,147931.0,1
ASN-4636,Air,Tanzania,ABBVIE LOGISTICS (FORMERLY ABBOTT LOGISTICS BV),FCA,325.0,2278.11,7.009569230769231,6137.6,1
ASN-4647,Air,Kenya,"Orgenics, Ltd",EXW,2215.0,17974.69,8.114984198645598,600000.0,1
ASN-4648,Air,Kenya,"Orgenics, Ltd",EXW,2215.0,17974.65,8.114966139954854,600000.0,1
ASN-4656,Air,Rwanda,HETERO LABS LIMITED,CIP,550.0,3054.13,5.5529636363636365,28737.0,1
ASN-4658,Air,Namibia,"Orgenics, Ltd",EXW,760.0,5213.02,6.859236842105264,71250.0,1
ASN-4659,Air,Namibia,"Orgenics, Ltd",EXW,48.0,401.97,8.374375,5025.0,1
ASN-4660,Air,Namibia,"Orgenics, Ltd",EXW,25.0,238.56,9.5424,2475.0,1
ASN-4663,Air,Namibia,"Orgenics, Ltd",EXW,4.0,133.25,33.3125,300.0,1
ASN-4672,Air,Mozambique,"Trinity Biotech, Plc",EXW,1650.0,23167.84,14.041115151515152,134400.0,1
ASN-4687,Air,Rwanda,MYLAN LABORATORIES LTD (FORMERLY MATRIX LABORATORIES),CIP,7278.0,61925.7,8.508615004122012,641753.28,1
ASN-4696,Air,Tanzania,Hoffmann-La Roche ltd Basel,FCA,2666.0,16751.58,6.283413353338335,461436.41,1
ASN-4720,Air,Côte d'Ivoire,"CHEMBIO DIAGNOSTIC SYSTEMS, INC.",EXW,205.0,1437.4,7.011707317073171,9450.0,1
ASN-4729,Air,Zimbabwe,"Standard Diagnostics, Inc.",EXW,624.0,4756.06,7.621891025641026,40000.0,1
ASN-4747,Air,Nigeria,BRISTOL-MYERS SQUIBB,CIP,11.0,463.0,42.09090909090909,4734.0,1
ASN-4752,Air,Kenya,"Orgenics, Ltd",EXW,32.0,1555.21,48.6003125,8000.0,1
ASN-4753,Air,Zimbabwe,"Orgenics, Ltd",EXW,324.0,3791.81,11.703117283950617,72000.0,1
ASN-4754,Air,Namibia,"Orgenics, Ltd",EXW,37.0,2541.8,68.6972972972973,10500.0,1
ASN-4769,Air,Namibia,"Trinity Biotech, Plc",EXW,265.0,2906.31,10.967207547169812,24000.0,1
ASN-4770,Air,Kenya,"Trinity Biotech, Plc",EXW,170.0,2865.63,16.85664705882353,16000.0,1
ASN-4783,Air,Côte d'Ivoire,"Orgenics, Ltd",EXW,893.0,12858.12,14.39879059350504,245000.0,1
ASN-4787,Air,Haiti,Orasure Technologies Inc.,EXW,144.0,3128.19,21.723541666666666,21000.0,1
ASN-4791,Air,Côte d'Ivoire,BIO-RAD LABORATORIES (FRANCE),EXW,1101.0,8074.03,7.333360581289736,110000.0,1
ASN-4799,Air,Haiti,"Trinity Biotech, Plc",EXW,113.0,2486.15,22.00132743362832,20850.0,1
ASN-4801,Air,Vietnam,ABBVIE LOGISTICS (FORMERLY ABBOTT LOGISTICS BV),FCA,88.0,823.94,9.362954545454546,26304.0,1
ASN-4802,Air,Vietnam,ABBVIE LOGISTICS (FORMERLY ABBOTT LOGISTICS BV),FCA,209.0,954.38,4.566411483253589,115080.0,1
ASN-4803,Air,Vietnam,ABBVIE LOGISTICS (FORMERLY ABBOTT LOGISTICS BV),FCA,83.0,436.86,5.263373493975903,46032.0,1
ASN-4828,Air,Vietnam,ABBVIE LOGISTICS (FORMERLY ABBOTT LOGISTICS BV),FCA,188.0,1088.79,5.791436170212766,62472.0,1
ASN-4829,Air,Nigeria,ABBVIE LOGISTICS (FORMERLY ABBOTT LOGISTICS BV),FCA,130.0,1599.22,12.301692307692308,18080.0,1
ASN-485,Air,Nigeria,Abbott GmbH & Co. KG,EXW,341.0,2682.47,7.866480938416422,80000.0,1
ASN-4860,Air,Rwanda,HETERO LABS LIMITED,CIP,708.0,3891.2,5.496045197740113,37080.0,1
ASN-4871,Air,Vietnam,MYLAN LABORATORIES LTD (FORMERLY MATRIX LABORATORIES),EXW,383.0,1162.52,3.0353002610966056,27090.0,1
ASN-4872,Air,Vietnam,MYLAN LABORATORIES LTD (FORMERLY MATRIX LABORATORIES),EXW,1849.0,4191.83,2.267079502433748,160566.0,1
ASN-4896,Air,Botswana,Orasure Technologies Inc.,EXW,48.0,1172.11,24.418958333333332,7000.0,1
ASN-49,Air,Vietnam,"GILEAD SCIENCES IRELAND, INC.",EXW,61.0,7682.69,125.94573770491803,17000.0,1
ASN-4927,Air,Mozambique,"Trinity Biotech, Plc",EXW,1265.0,18937.3,14.970197628458498,118400.0,1
ASN-4928,Air,Guyana,"Trinity Biotech, Plc",EXW,885.0,11057.25,12.49406779661017,81632.0,1
ASN-4929,Air,Mozambique,"Trinity Biotech, Plc",EXW,1462.0,23097.81,15.798775649794802,134400.0,1
ASN-4959,Air,Nigeria,MISSIONPHARMA A/S,EXW,10.0,14515.44,1451.544,70420.0,1
ASN-4974,Air,Tanzania,BRISTOL-MYERS SQUIBB,CIP,335.0,888.0,2.6507462686567163,186993.0,1
ASN-4976,Air,Rwanda,"Orgenics, Ltd",EXW,1153.0,46638.41,40.449618386817,355880.0,1
ASN-4977,Air,Tanzania,"Trinity Biotech, Plc",EXW,234.0,3163.87,13.520811965811966,21440.0,1
ASN-4979,Air,Côte d'Ivoire,ABBVIE LOGISTICS (FORMERLY ABBOTT LOGISTICS BV),FCA,4794.0,28238.31,5.890344180225282,689932.8,1
ASN-4980,Air,Côte d'Ivoire,ABBVIE LOGISTICS (FORMERLY ABBOTT LOGISTICS BV),FCA,546.0,8956.05,16.403021978021975,11508.0,1
ASN-4981,Air,Kenya,"Trinity Biotech, Plc",EXW,682.0,7258.89,10.643533724340177,64000.0,1
ASN-4983,Air,Haiti,ABBVIE LOGISTICS (FORMERLY ABBOTT LOGISTICS BV),FCA,17.0,693.54,40.796470588235294,925.2,1
ASN-4991,Air,Guyana,"Orgenics, Ltd",EXW,67.0,4400.85,65.68432835820896,36504.0,1
ASN-4995,Air,Haiti,Orasure Technologies Inc.,EXW,480.0,9334.68,19.44725,70000.0,1
ASN-5,Air,Côte d'Ivoire,BIO-RAD LABORATORIES (FRANCE),EXW,165.0,1816.57,11.009515151515151,11076.45,1
ASN-50,Air,Vietnam,SUN PHARMACEUTICAL INDUSTRIES LTD (RANBAXY LABORATORIES LIMITED),EXW,1855.0,16007.06,8.629142857142856,127360.8,1
ASN-5002,Air,Kenya,"Standard Diagnostics, Inc.",EXW,3733.0,29039.18,7.77904634342352,288000.0,1
ASN-5008,Air,Vietnam,MYLAN LABORATORIES LTD (FORMERLY MATRIX LABORATORIES),EXW,110.0,791.43,7.194818181818182,13860.0,1
ASN-5059,Air,Vietnam,CIPLA LIMITED,EXW,9.0,4620.03,513.3366666666666,146995.2,1
ASN-5060,Air,Côte d'Ivoire,ABBVIE LOGISTICS (FORMERLY ABBOTT LOGISTICS BV),FCA,546.0,4901.51,8.977124542124542,11508.0,1
ASN-5061,Air,Côte d'Ivoire,ABBVIE LOGISTICS (FORMERLY ABBOTT LOGISTICS BV),FCA,3080.0,18459.58,5.99337012987013,454169.6,1
ASN-5062,Air,Uganda,ABBVIE LOGISTICS (FORMERLY ABBOTT LOGISTICS BV),FCA,36.0,1025.69,28.491388888888892,4339.2,1
ASN-5064,Air,Uganda,ABBVIE LOGISTICS (FORMERLY ABBOTT LOGISTICS BV),FCA,126.0,1360.34,10.796349206349205,17356.8,1
ASN-5076,Air,Tanzania,"Standard Diagnostics, Inc.",EXW,6223.0,82236.74,13.214967057689218,480000.0,1
ASN-5095,Air,Tanzania,ABBVIE LOGISTICS (FORMERLY ABBOTT LOGISTICS BV),FCA,1210.0,7015.04,5.797553719008264,24742.2,1
ASN-51,Air,Vietnam,SUN PHARMACEUTICAL INDUSTRIES LTD (RANBAXY LABORATORIES LIMITED),EXW,87.0,10657.19,122.4964367816092,8299.2,1
ASN-5101,Air,Uganda,EMCURE PHARMACEUTICALS LTD,EXW,3.0,986.79,328.93,1200.14,1
ASN-5103,Air,Mozambique,"Orgenics, Ltd",EXW,1593.0,29373.14,18.438882611424983,237600.0,1
ASN-5104,Air,Nigeria,"Orgenics, Ltd",EXW,2305.0,43338.93,18.802138828633407,385360.0,1
ASN-5131,Air,Vietnam,Aurobindo Pharma Limited,EXW,3099.0,5018.69,1.6194546627944497,214417.04,1
ASN-5132,Air,Vietnam,Aurobindo Pharma Limited,EXW,1015.0,3796.95,3.7408374384236454,87201.88,1
ASN-5143,Air,Kenya,"Orgenics, Ltd",EXW,5902.0,52057.8,8.820365977634701,1600000.0,1
ASN-5160,Air,Uganda,ASPEN PHARMACARE,EXW,16.0,1000.94,62.55875,10080.0,1
ASN-5182,Air,Rwanda,Aurobindo Pharma Limited,CIP,62.0,1060.35,17.10241935483871,8253.91,1
ASN-5183,Air,Vietnam,ABBVIE LOGISTICS (FORMERLY ABBOTT LOGISTICS BV),FCA,114.0,4410.73,38.69061403508771,3068.8,1
ASN-5184,Air,Côte d'Ivoire,Aurobindo Pharma Limited,EXW,226.0,2911.16,12.881238938053096,51635.0,1
ASN-5204,Air,Namibia,"Trinity Biotech, Plc",EXW,345.0,8858.67,25.677304347826087,32000.0,1
ASN-522,Air,Nigeria,"CHEMBIO DIAGNOSTIC SYSTEMS, INC.",EXW,2603.0,22838.29,8.773834037648866,216000.0,1
ASN-5221,Air,Zambia,"Orgenics, Ltd",EXW,590.0,5962.58,10.10606779661017,144000.0,1
ASN-5222,Air,Tanzania,"Standard Diagnostics, Inc.",EXW,3240.0,36096.76,11.140975308641975,233280.0,1
ASN-5225,Air,Nigeria,"Orgenics, Ltd",EXW,2440.0,43692.46,17.906745901639344,408000.0,1
ASN-5246,Air,Botswana,Orasure Technologies Inc.,EXW,6.0,337.89,56.315,250.0,1
ASN-5258,Air,Côte d'Ivoire,ABBVIE LOGISTICS (FORMERLY ABBOTT LOGISTICS BV),FCA,2598.0,15873.33,6.109826789838337,381849.6,1
ASN-5279,Air,Côte d'Ivoire,Aurobindo Pharma Limited,EXW,154.0,2986.16,19.39064935064935,33603.0,1
ASN-528,Air,Nigeria,Abbott GmbH & Co. KG,EXW,512.0,3906.29,7.62947265625,120000.0,1
ASN-5281,Air,Uganda,MERCK SHARP & DOHME IDEA GMBH (FORMALLY MERCK SHARP & DOHME B.V.),CIP,11.0,48.0,4.363636363636363,2400.0,1
ASN-53,Air,Vietnam,ABBVIE LOGISTICS (FORMERLY ABBOTT LOGISTICS BV),CIP,389.0,7286.16,18.730488431876605,35802.36,1
ASN-5308,Air,Namibia,"Trinity Biotech, Plc",EXW,10.0,751.43,75.143,0.25,1
ASN-5310,Air,Mozambique,Hoffmann-La Roche ltd Basel,FCA,202.0,2191.21,10.847574257425743,37017.53,1
ASN-5318,Air,Uganda,ABBVIE LOGISTICS (FORMERLY ABBOTT LOGISTICS BV),FCA,36.0,814.04,22.612222222222222,2169.6,1
ASN-5363,Air,Namibia,"Orgenics, Ltd",EXW,42.0,2863.47,68.17785714285714,12600.0,1
ASN-5364,Air,Tanzania,BRISTOL-MYERS SQUIBB,CIP,1478.0,1312.2,0.8878213802435724,709798.69,1
ASN-5365,Air,Zambia,"Orgenics, Ltd",EXW,740.0,7513.71,10.153662162162162,180000.0,1
ASN-54,Air,Vietnam,CIPLA LIMITED,EXW,1520.0,19044.32,12.529157894736842,323000.0,1
ASN-5402,Air,Tanzania,"Orgenics, Ltd",EXW,461.0,6923.2,15.017787418655097,141680.0,1
ASN-5409,Air,Rwanda,Aurobindo Pharma Limited,CIP,24.0,280.23,11.676250000000001,2.5,1
ASN-542,Air,Vietnam,CIPLA LIMITED,EXW,2336.0,21150.56,9.05417808219178,187500.0,1
ASN-544,Air,Nigeria,"CHEMBIO DIAGNOSTIC SYSTEMS, INC.",EXW,3045.0,28118.58,9.234344827586208,270000.0,1
ASN-5445,Air,Vietnam,Aurobindo Pharma Limited,EXW,202.0,1615.88,7.99940594059406,4384.8,1
ASN-5448,Air,Vietnam,Aurobindo Pharma Limited,EXW,861.0,1872.53,2.1748315911730547,18879.0,1
ASN-5452,Air,Rwanda,HETERO LABS LIMITED,CIP,1041.0,730.82,0.7020365033621518,92468.25,1
ASN-5455,Air,Rwanda,HETERO LABS LIMITED,CIP,593.0,730.81,1.2323946037099494,27505.8,1
ASN-5474,Air,Mozambique,Hoffmann-La Roche ltd Basel,FCA,86.0,1242.33,14.445697674418604,15864.66,1
ASN-5487,Air,Haiti,MERCK SHARP & DOHME IDEA GMBH (FORMALLY MERCK SHARP & DOHME B.V.),CIP,54.0,290.0,5.37037037037037,3256.32,1
ASN-5491,Air,Botswana,Orasure Technologies Inc.,EXW,6.0,304.76,50.79333333333333,250.0,1
ASN-55,Air,Vietnam,Aurobindo Pharma Limited,EXW,7590.0,45450.08,5.988152832674572,611850.0,1
ASN-5501,Air,Zimbabwe,"Standard Diagnostics, Inc.",EXW,1694.0,12127.58,7.15913813459268,101600.0,1
ASN-5524,Air,Nigeria,Hoffmann-La Roche ltd Basel,FCA,83.0,852.02,10.265301204819277,47667.85,1
ASN-5536,Air,Uganda,Hoffmann-La Roche ltd Basel,FCA,30.0,1072.35,35.745,16125.1,1
ASN-5539,Air,Vietnam,ABBVIE LOGISTICS (FORMERLY ABBOTT LOGISTICS BV),FCA,424.0,10296.99,24.285353773584905,141384.0,1
ASN-5572,Air,Haiti,ABBVIE LOGISTICS (FORMERLY ABBOTT LOGISTICS BV),FCA,13.0,928.11,71.39307692307692,406.8,1
ASN-5582,Air,Côte d'Ivoire,MERCK SHARP & DOHME IDEA GMBH (FORMALLY MERCK SHARP & DOHME B.V.),CIP,464.0,30.0,0.06465517241379311,268128.0,1
ASN-5587,Air,Haiti,Aurobindo Pharma Limited,EXW,203.0,2228.92,10.979901477832513,27750.0,1
ASN-5589,Air,Rwanda,HETERO LABS LIMITED,CIP,2044.0,10883.65,5.324681996086105,106605.0,1
ASN-5591,Air,Tanzania,"Standard Diagnostics, Inc.",EXW,1650.0,11737.26,7.113490909090909,118800.0,1
ASN-5592,Air,Tanzania,"Standard Diagnostics, Inc.",EXW,1639.0,2277.0,1.389261744966443,117912.0,1
ASN-5595,Air,Kenya,"Standard Diagnostics, Inc.",EXW,3158.0,24172.01,7.6542146928435715,189500.0,1
ASN-56,Air,Vietnam,Aurobindo Pharma Limited,EXW,91.0,7878.06,86.57208791208792,44500.0,1
ASN-5606,Air,Botswana,Orasure Technologies Inc.,EXW,48.0,1716.47,35.759791666666665,7000.0,1
ASN-5607,Air,Uganda,ABBVIE LOGISTICS (FORMERLY ABBOTT LOGISTICS BV),FCA,33.0,995.22,30.15818181818182,3977.6,1
ASN-5618,Air,Zimbabwe,"Orgenics, Ltd",EXW,635.0,11835.69,18.63888188976378,91440.0,1
ASN-5619,Air,Côte d'Ivoire,"Orgenics, Ltd",EXW,794.0,12506.12,15.750780856423175,245000.0,1
ASN-5620,Air,Côte d'Ivoire,"Orgenics, Ltd",EXW,794.0,12499.27,15.742153652392947,245000.0,1
ASN-5621,Air,Tanzania,"Orgenics, Ltd",EXW,216.0,3744.18,17.334166666666665,66500.0,1
ASN-5630,Air,Haiti,BRISTOL-MYERS SQUIBB,CIP,29.0,260.0,8.96551724137931,840.0,1
ASN-5633,Air,Nigeria,IDA FOUNDATION,EXW,1295.0,8423.76,6.504833976833977,1207.5,1
ASN-5639,Air,Kenya,"Trinity Biotech, Plc",EXW,347.0,4259.57,12.275417867435158,32000.0,1
ASN-5651,Air,Côte d'Ivoire,MERCK SHARP & DOHME IDEA GMBH (FORMALLY MERCK SHARP & DOHME B.V.),CIP,1006.0,2530.73,2.5156361829025844,56900.8,1
ASN-5652,Air,Côte d'Ivoire,GLAXOSMITHKLINE EXPORT LIMITED,CIP,685.0,1807.36,2.6384817518248176,249214.4,1
ASN-5660,Air,Kenya,"Orgenics, Ltd",EXW,1065.0,10075.76,9.46080751173709,300000.0,1
ASN-5661,Air,Kenya,"Orgenics, Ltd",EXW,979.0,9507.81,9.711756894790602,260000.0,1
ASN-5662,Air,Kenya,"Orgenics, Ltd",EXW,907.0,9014.8,9.939140022050715,240000.0,1
ASN-5683,Air,Vietnam,CIPLA LIMITED,EXW,1926.0,12423.96,6.450654205607476,120540.0,1
ASN-5689,Air,Kenya,"Standard Diagnostics, Inc.",EXW,2842.0,21825.6,7.67966220971147,170500.0,1
ASN-57,Air,Nigeria,Aurobindo Pharma Limited,EXW,504.0,5920.42,11.74686507936508,8655.599999999999,1
ASN-5721,Air,Ethiopia,Aurobindo Pharma Limited,EXW,780.0,2949.1,3.780897435897436,35700.0,1
ASN-5725,Air,Botswana,Orasure Technologies Inc.,EXW,6.0,322.12,53.68666666666667,250.0,1
ASN-5732,Air,Uganda,ASPEN PHARMACARE,EXW,18.0,1190.02,66.11222222222221,10800.0,1
ASN-5739,Air,Vietnam,CIPLA LIMITED,EXW,3919.0,12704.0,3.241643276346007,248460.0,1
ASN-5740,Air,Rwanda,HETERO LABS LIMITED,CIP,582.0,2990.64,5.138556701030928,26806.5,1
ASN-5746,Air,Haiti,ABBVIE LOGISTICS (FORMERLY ABBOTT LOGISTICS BV),FCA,37.0,971.8,26.264864864864865,2712.0,1
ASN-5747,Air,Ethiopia,MYLAN LABORATORIES LTD (FORMERLY MATRIX LABORATORIES),EXW,2504.0,7354.24,2.936996805111821,130000.0,1
ASN-575,Air,Guyana,"Trinity Biotech, Plc",EXW,515.0,8576.8,16.65398058252427,48000.0,1
ASN-5752,Air,Haiti,MERCK SHARP & DOHME IDEA GMBH (FORMALLY MERCK SHARP & DOHME B.V.),CIP,47.0,290.0,6.170212765957447,2832.32,1
ASN-5781,Air,Côte d'Ivoire,BRISTOL-MYERS SQUIBB,CIP,78.0,570.75,7.3173076923076925,3667.0,1
ASN-5791,Air,Tanzania,"Standard Diagnostics, Inc.",EXW,3997.0,28620.81,7.160572929697273,287760.0,1
ASN-5799,Air,Rwanda,Aurobindo Pharma Limited,CIP,153.0,2483.49,16.231960784313724,13952.8,1
ASN-5800,Air,Rwanda,Aurobindo Pharma Limited,CIP,26.0,2187.01,84.11576923076925,2362.56,1
ASN-5819,Air,Côte d'Ivoire,BIO-RAD LABORATORIES (FRANCE),EXW,2635.0,19145.8,7.265958254269449,264000.0,1
ASN-582,Air,Nigeria,Abbott GmbH & Co. KG,EXW,1192.0,10879.22,9.126862416107382,280000.0,1
ASN-5827,Air,Rwanda,MYLAN LABORATORIES LTD (FORMERLY MATRIX LABORATORIES),CIP,2768.0,29603.24,10.694812138728324,310176.0,1
ASN-5830,Air,Botswana,"Orgenics, Ltd",EXW,3.0,690.02,230.00666666666666,560.0,1
ASN-5831,Air,Rwanda,"Orgenics, Ltd",EXW,1154.0,46723.42,40.48823223570191,355950.0,1
ASN-5840,Air,Rwanda,Aurobindo Pharma Limited,CIP,516.0,2355.52,4.564961240310078,47251.2,1
ASN-5841,Air,Vietnam,STRIDES ARCOLAB LIMITED,EXW,32.0,1701.1,53.159375,940.8,1
ASN-5842,Air,Vietnam,STRIDES ARCOLAB LIMITED,EXW,429.0,2633.91,6.139650349650349,12465.6,1
ASN-5843,Air,Ethiopia,STRIDES ARCOLAB LIMITED,EXW,2038.0,11789.31,5.784744847890088,134594.43,1
ASN-5853,Air,Zambia,"Orgenics, Ltd",EXW,1382.0,18369.56,13.292011577424024,166040.0,1
ASN-5854,Air,Zambia,"Orgenics, Ltd",EXW,1409.0,21714.68,15.411412349183818,208656.0,1
ASN-5855,Air,Zambia,"Orgenics, Ltd",EXW,1106.0,16793.45,15.183951175406872,164304.0,1
ASN-5857,Air,Zambia,"Trinity Biotech, Plc",EXW,1907.0,17975.84,9.426240167802831,176000.0,1
ASN-5864,Air,Côte d'Ivoire,MYLAN LABORATORIES LTD (FORMERLY MATRIX LABORATORIES),EXW,421.0,4022.89,9.555558194774347,86016.0,1
ASN-587,Air,Nigeria,"CHEMBIO DIAGNOSTIC SYSTEMS, INC.",EXW,3276.0,43664.71,13.328666056166055,310500.0,1
ASN-5877,Air,Kenya,"Orgenics, Ltd",EXW,1462.0,14419.86,9.86310533515732,680000.0,1
ASN-5878,Air,Kenya,"Orgenics, Ltd",EXW,1489.0,14532.09,9.759630624580256,120000.0,1
ASN-588,Air,Guyana,"CHEMBIO DIAGNOSTIC SYSTEMS, INC.",EXW,13.0,581.1,44.7,1350.0,1
ASN-5880,Air,Rwanda,Aurobindo Pharma Limited,CIP,1010.0,16847.52,16.680712871287128,179189.1,1
ASN-5898,Air,Kenya,"Orgenics, Ltd",EXW,1357.0,12965.93,9.55484893146647,631040.0,1
ASN-5899,Air,Kenya,"Orgenics, Ltd",EXW,1224.0,11847.25,9.679125816993464,568800.0,1
ASN-59,Air,Haiti,"Trinity Biotech, Plc",EXW,29.0,854.34,29.46,7875.0,1
ASN-5900,Air,Kenya,"Orgenics, Ltd",EXW,822.0,8664.89,10.541228710462287,80.0,1
ASN-5901,Air,Kenya,"Orgenics, Ltd",EXW,1028.0,10083.69,9.809036964980546,80.0,1
ASN-5909,Air,Ethiopia,"CHEMBIO DIAGNOSTIC SYSTEMS, INC.",EXW,38.0,447.73,11.782368421052633,3780.0,1
ASN-5935,Air,Uganda,EMCURE PHARMACEUTICALS LTD,EXW,25.0,915.09,36.6036,6261.6,1
ASN-5946,Air,Vietnam,ABBVIE LOGISTICS (FORMERLY ABBOTT LOGISTICS BV),FCA,1063.0,11167.45,10.505597365945437,351816.0,1
ASN-5947,Air,Uganda,MERCK SHARP & DOHME IDEA GMBH (FORMALLY MERCK SHARP & DOHME B.V.),CIP,34.0,395.0,11.617647058823529,7650.0,1
ASN-5951,Air,Botswana,"Trinity Biotech, Plc",EXW,3.0,603.53,201.17666666666665,160.0,1
ASN-5952,Air,Namibia,"Trinity Biotech, Plc",EXW,500.0,5061.46,10.12292,44800.0,1
ASN-5953,Air,Mozambique,"Trinity Biotech, Plc",EXW,1636.0,21087.7,12.889792176039121,152320.0,1
ASN-5992,Air,Côte d'Ivoire,ABBVIE LOGISTICS (FORMERLY ABBOTT LOGISTICS BV),FCA,1523.0,10051.89,6.6000590938936305,216960.0,1
ASN-6,Air,Côte d'Ivoire,"Standard Diagnostics, Inc.",EXW,11.0,515.32,46.84727272727273,734.7,1
ASN-6004,Air,Ethiopia,STRIDES ARCOLAB LIMITED,EXW,3652.0,15236.52,4.1721029572836805,241278.52,1
ASN-6012,Air,Botswana,Orasure Technologies Inc.,EXW,48.0,1681.44,35.03,7000.0,1
ASN-6026,Air,Namibia,"Orgenics, Ltd",EXW,45.0,10486.42,233.03155555555557,14000.0,1
ASN-6027,Air,Côte d'Ivoire,"Orgenics, Ltd",EXW,794.0,12619.38,15.893425692695214,245000.0,1
ASN-6032,Air,Botswana,Orasure Technologies Inc.,EXW,6.0,402.42,67.07000000000001,250.0,1
ASN-6033,Air,Botswana,"Trinity Biotech, Plc",EXW,1.0,599.73,599.73,465.0,1
ASN-6034,Air,Ethiopia,"SHANGHAI KEHUA BIOENGINEERING CO.,LTD.  (KHB)",EXW,543.0,5456.44,10.048692449355432,18400.0,1
ASN-6042,Air,Ethiopia,MYLAN LABORATORIES LTD (FORMERLY MATRIX LABORATORIES),EXW,530.0,1860.69,3.510735849056604,32314.53,1
ASN-606,Air,Haiti,"Orgenics, Ltd",EXW,24.0,240.0,10.0,3.0,1
ASN-6060,Air,Vietnam,MYLAN LABORATORIES LTD (FORMERLY MATRIX LABORATORIES),EXW,2405.0,11448.01,4.760087318087318,200928.0,1
ASN-6062,Air,Vietnam,MYLAN LABORATORIES LTD (FORMERLY MATRIX LABORATORIES),EXW,1503.0,11884.14,7.906946107784431,124488.0,1
ASN-6064,Air,Haiti,Orasure Technologies Inc.,EXW,240.0,5362.39,22.34329166666667,35000.0,1
ASN-6076,Air,Vietnam,ABBVIE LOGISTICS (FORMERLY ABBOTT LOGISTICS BV),FCA,170.0,4256.38,25.037529411764705,4603.2,1
ASN-6084,Air,Côte d'Ivoire,"CHEMBIO DIAGNOSTIC SYSTEMS, INC.",EXW,904.0,7208.0,7.9734513274336285,82323.0,1
ASN-6085,Air,Guyana,"CHEMBIO DIAGNOSTIC SYSTEMS, INC.",EXW,11.0,386.16,35.10545454545455,540.0,1
ASN-6095,Air,Guyana,"Trinity Biotech, Plc",EXW,807.0,6558.08,8.126493184634448,74688.0,1
ASN-61,Air,Côte d'Ivoire,Aurobindo Pharma Limited,EXW,1498.0,20257.08,13.522750333778372,95259.0,1
ASN-6101,Air,Côte d'Ivoire,Aurobindo Pharma Limited,EXW,154780.0,1664.12,0.010751518284016022,29950.5,1
ASN-6121,Air,Botswana,"Trinity Biotech, Plc",EXW,10.0,559.89,55.989,800.0,1
ASN-6130,Air,Rwanda,ABBVIE LOGISTICS (FORMERLY ABBOTT LOGISTICS BV),FCA,298.0,2204.08,7.3962416107382545,4603.2,1
ASN-6143,Air,Guinea,"Orgenics, Ltd",EXW,32.0,1804.2,56.38125,3600.0,1
ASN-6150,Air,Uganda,MERCK SHARP & DOHME IDEA GMBH (FORMALLY MERCK SHARP & DOHME B.V.),CIP,19.0,435.0,22.894736842105264,3750.0,1
ASN-6151,Air,Uganda,EMCURE PHARMACEUTICALS LTD,EXW,40.0,990.07,24.75175,10018.56,1
ASN-6153,Air,Uganda,ABBVIE LOGISTICS (FORMERLY ABBOTT LOGISTICS BV),FCA,116.0,985.78,8.498103448275861,1687.84,1
ASN-6154,Air,Uganda,ABBVIE LOGISTICS (FORMERLY ABBOTT LOGISTICS BV),FCA,58.0,776.62,13.39,805.56,1
ASN-616,Air,Haiti,Orasure Technologies Inc.,EXW,60.0,3097.85,51.630833333333335,8750.0,1
ASN-6167,Air,Rwanda,Hoffmann-La Roche ltd Basel,FCA,11.0,1049.3,95.39090909090909,5037.72,1
ASN-6169,Air,Côte d'Ivoire,ABBVIE LOGISTICS (FORMERLY ABBOTT LOGISTICS BV),FCA,800.0,5322.35,6.6529375,117158.4,1
ASN-6175,Air,Zambia,"Trinity Biotech, Plc",EXW,1826.0,16438.26,9.002332968236582,168448.0,1
ASN-6178,Air,Mozambique,"Orgenics, Ltd",EXW,1179.0,14110.84,11.968481764206954,364000.0,1
ASN-6188,Air,Vietnam,ABBVIE LOGISTICS (FORMERLY ABBOTT LOGISTICS BV),FCA,445.0,4755.76,10.687101123595506,149604.0,1
ASN-6189,Air,Vietnam,ABBVIE LOGISTICS (FORMERLY ABBOTT LOGISTICS BV),FCA,1010.0,5417.87,5.364227722772277,342363.0,1
ASN-6190,Air,Vietnam,CIPLA LIMITED,EXW,1936.0,5314.56,2.745123966942149,114340.8,1
ASN-6191,Air,Vietnam,CIPLA LIMITED,EXW,1481.0,6390.83,4.315212694125591,86329.6,1
ASN-620,Air,Guyana,"Orgenics, Ltd",EXW,69.0,1398.6,20.269565217391303,21597.0,1
ASN-6208,Air,Vietnam,Aurobindo Pharma Limited,EXW,17.0,436.62,25.683529411764706,3276.0,1
ASN-6209,Air,Vietnam,Aurobindo Pharma Limited,EXW,6.0,363.96,60.66,1092.0,1
ASN-6210,Air,Ethiopia,Aurobindo Pharma Limited,EXW,2996.0,10612.93,3.5423664886515356,133280.0,1
ASN-622,Air,Nigeria,Abbott GmbH & Co. KG,EXW,1194.0,5858.57,4.9066750418760465,280000.0,1
ASN-6229,Air,Côte d'Ivoire,Hoffmann-La Roche ltd Basel,FCA,271.0,2527.94,9.32819188191882,149780.99,1
ASN-624,Air,Vietnam,CIPLA LIMITED,EXW,2348.0,21439.59,9.131000851788757,187500.0,1
ASN-6250,Air,Vietnam,MYLAN LABORATORIES LTD (FORMERLY MATRIX LABORATORIES),EXW,120.0,9013.85,75.11541666666668,15120.0,1
ASN-6251,Air,Vietnam,MYLAN LABORATORIES LTD (FORMERLY MATRIX LABORATORIES),EXW,57.0,8747.56,153.4659649122807,6300.0,1
ASN-6252,Air,Vietnam,MYLAN LABORATORIES LTD (FORMERLY MATRIX LABORATORIES),EXW,389.0,9674.88,24.87115681233933,49140.0,1
ASN-6253,Air,Vietnam,MYLAN LABORATORIES LTD (FORMERLY MATRIX LABORATORIES),EXW,9.0,4138.11,459.78999999999996,1260.0,1
ASN-6261,Air,Vietnam,Aurobindo Pharma Limited,EXW,909.0,5964.52,6.561628162816282,65100.0,1
ASN-6264,Air,Vietnam,Aurobindo Pharma Limited,EXW,4762.0,17541.06,3.68354892902142,254896.8,1
ASN-6265,Air,Vietnam,Aurobindo Pharma Limited,EXW,2011.0,11648.31,5.792297364495275,181745.0,1
ASN-6266,Air,Vietnam,Aurobindo Pharma Limited,EXW,3536.0,20910.43,5.91358314479638,208541.64,1
ASN-6267,Air,Rwanda,MYLAN LABORATORIES LTD (FORMERLY MATRIX LABORATORIES),CIP,5795.0,63600.4,10.97504745470233,681188.55,1
ASN-6268,Air,Vietnam,Aurobindo Pharma Limited,EXW,1572.0,13479.25,8.57458651399491,141605.0,1
ASN-6269,Air,Vietnam,Aurobindo Pharma Limited,EXW,395.0,3538.57,8.95840506329114,27342.0,1
ASN-6271,Air,Nigeria,ABBVIE LOGISTICS (FORMERLY ABBOTT LOGISTICS BV),FCA,390.0,2818.79,7.227666666666667,7441.84,1
ASN-628,Air,Haiti,"Orgenics, Ltd",EXW,171.0,3518.38,20.5753216374269,53992.5,1
ASN-6289,Air,Zambia,"Orgenics, Ltd",EXW,1016.0,16061.5,15.808562992125983,151200.0,1
ASN-6290,Air,Zambia,"Orgenics, Ltd",EXW,1276.0,20121.14,15.768918495297806,190008.0,1
ASN-6291,Air,Zambia,"Orgenics, Ltd",EXW,1016.0,16061.5,15.808562992125983,151200.0,1
ASN-6292,Air,Zambia,"Orgenics, Ltd",EXW,1051.0,16633.36,15.826222645099906,155592.0,1
ASN-6296,Air,Botswana,"Orgenics, Ltd",EXW,3.0,787.28,262.4266666666667,360.0,1
ASN-631,Air,Vietnam,ABBVIE LOGISTICS (FORMERLY ABBOTT LOGISTICS BV),FCA,117.0,1767.38,15.105811965811967,41095.0,1
ASN-632,Air,Vietnam,ABBVIE LOGISTICS (FORMERLY ABBOTT LOGISTICS BV),FCA,117.0,1767.38,15.105811965811967,41095.0,1
ASN-633,Air,Vietnam,ABBVIE LOGISTICS (FORMERLY ABBOTT LOGISTICS BV),FCA,226.0,5294.51,23.42703539823009,82190.0,1
ASN-634,Air,Vietnam,ABBVIE LOGISTICS (FORMERLY ABBOTT LOGISTICS BV),FCA,226.0,2923.46,12.93566371681416,82190.0,1
ASN-6341,Air,Vietnam,MYLAN LABORATORIES LTD (FORMERLY MATRIX LABORATORIES),EXW,3002.0,6808.99,2.268151232511659,185964.8,1
ASN-6355,Air,Vietnam,MYLAN LABORATORIES LTD (FORMERLY MATRIX LABORATORIES),EXW,2128.0,7784.92,3.658327067669173,130053.28,1
ASN-6356,Air,Tanzania,"Trinity Biotech, Plc",EXW,277.0,3174.13,11.458953068592058,25408.0,1
ASN-6357,Air,Zambia,"Trinity Biotech, Plc",EXW,2521.0,22460.87,8.909508131693771,230400.0,1
ASN-6358,Air,Namibia,"Trinity Biotech, Plc",EXW,687.0,17918.72,26.08256186317322,64000.0,1
ASN-6369,Air,Uganda,ABBVIE LOGISTICS (FORMERLY ABBOTT LOGISTICS BV),FCA,127.0,1400.91,11.030787401574804,17356.8,1
ASN-6373,Air,Guyana,"Orgenics, Ltd",EXW,108.0,2058.84,19.063333333333336,21330.0,1
ASN-639,Air,Vietnam,ABBVIE LOGISTICS (FORMERLY ABBOTT LOGISTICS BV),FCA,340.0,2326.1,6.8414705882352935,16440.0,1
ASN-6401,Air,Namibia,"Orgenics, Ltd",EXW,115.0,1498.16,13.027478260869566,35000.0,1
ASN-6418,Air,Haiti,Aurobindo Pharma Limited,EXW,183.0,2418.62,13.216502732240437,27750.0,1
ASN-644,Air,Botswana,Orasure Technologies Inc.,EXW,24.0,1091.64,45.48500000000001,3500.0,1
ASN-6443,Air,Côte d'Ivoire,MERCK SHARP & DOHME IDEA GMBH (FORMALLY MERCK SHARP & DOHME B.V.),CIP,402.0,1924.57,4.787487562189055,181440.0,1
ASN-6453,Air,Côte d'Ivoire,MERCK SHARP & DOHME IDEA GMBH (FORMALLY MERCK SHARP & DOHME B.V.),CIP,1061.0,2454.99,2.313845428840716,60360.64,1
ASN-6469,Air,Vietnam,BRISTOL-MYERS SQUIBB,CIP,104.0,2658.09,25.558557692307694,3640.0,1
ASN-6489,Air,Rwanda,Aurobindo Pharma Limited,CIP,1297.0,23760.45,18.319545104086355,254245.6,1
ASN-649,Air,Tanzania,"Standard Diagnostics, Inc.",EXW,3336.0,25165.3,7.5435551558753,200000.0,1
ASN-6490,Air,Guyana,CIPLA LIMITED,EXW,9.0,541.88,60.208888888888886,387.0,1
ASN-6504,Air,Côte d'Ivoire,ABBVIE LOGISTICS (FORMERLY ABBOTT LOGISTICS BV),FCA,1299.0,9689.81,7.459438029253271,26084.8,1
ASN-6538,Air,Rwanda,EMCURE PHARMACEUTICALS LTD,CIP,3889.0,31784.09,8.172818205194137,327557.16,1
ASN-6559,Air,Côte d'Ivoire,MERCK SHARP & DOHME IDEA GMBH (FORMALLY MERCK SHARP & DOHME B.V.),CIP,518.0,1434.5,2.7693050193050195,100000.0,1
ASN-6563,Air,Botswana,Orasure Technologies Inc.,EXW,7.0,403.66,57.66571428571429,250.0,1
ASN-6569,Air,Rwanda,HETERO LABS LIMITED,CIP,3539.0,16769.43,4.738465668267873,186327.0,1
ASN-6585,Air,Sudan,"Trinity Biotech, Plc",EXW,53.0,1310.92,24.73433962264151,5120.0,1
ASN-6597,Air,Vietnam,MYLAN LABORATORIES LTD (FORMERLY MATRIX LABORATORIES),EXW,266.0,3678.45,13.82875939849624,34020.0,1
ASN-6598,Air,Vietnam,MYLAN LABORATORIES LTD (FORMERLY MATRIX LABORATORIES),EXW,86.0,3573.32,41.550232558139534,10080.0,1
ASN-6612,Air,Zambia,"Orgenics, Ltd",EXW,1360.0,20067.34,14.75539705882353,202104.0,1
ASN-6614,Air,Zambia,"Orgenics, Ltd",EXW,1304.0,19502.09,14.955590490797546,194400.0,1
ASN-6615,Air,Zambia,"Orgenics, Ltd",EXW,967.0,14582.14,15.079772492244054,143496.0,1
ASN-6619,Air,Nigeria,"Orgenics, Ltd",EXW,1284.0,21821.97,16.99530373831776,214800.0,1
ASN-6620,Air,Nigeria,"Orgenics, Ltd",EXW,842.0,14829.77,17.612553444180524,140000.0,1
ASN-6621,Air,Uganda,ASPEN PHARMACARE,EXW,15.0,845.1,56.34,9180.0,1
ASN-6657,Air,Sudan,"Standard Diagnostics, Inc.",EXW,353.0,3843.25,10.887393767705383,1200.0,1
ASN-6658,Air,Sudan,"Orgenics, Ltd",EXW,104.0,2023.76,19.459230769230768,28000.0,1
ASN-6667,Air,Rwanda,Aurobindo Pharma Limited,CIP,1050.0,18475.61,17.59581904761905,205284.6,1
ASN-6669,Air,Côte d'Ivoire,MYLAN LABORATORIES LTD (FORMERLY MATRIX LABORATORIES),EXW,693.0,5066.44,7.3108802308802305,133440.0,1
ASN-6670,Air,Uganda,Aurobindo Pharma Limited,EXW,4.0,1045.04,261.26,780.0,1
ASN-6679,Air,Nigeria,Hoffmann-La Roche ltd Basel,FCA,6.0,2502.05,417.0083333333334,1062.3,1
ASN-6686,Air,Vietnam,Aurobindo Pharma Limited,EXW,1056.0,2160.52,2.0459469696969697,22654.8,1
ASN-6687,Air,Vietnam,Aurobindo Pharma Limited,EXW,656.0,6158.0,9.387195121951219,14128.8,1
ASN-6712,Air,Nigeria,Hoffmann-La Roche ltd Basel,FCA,77.0,729.03,9.467922077922077,40713.32,1
ASN-6720,Air,Tanzania,ABBVIE LOGISTICS (FORMERLY ABBOTT LOGISTICS BV),FCA,1604.0,9915.56,6.181770573566085,258363.2,1
ASN-6723,Air,Nigeria,ABBVIE LOGISTICS (FORMERLY ABBOTT LOGISTICS BV),FCA,154.0,1176.03,7.636558441558441,1918.0,1
ASN-6725,Air,Rwanda,Aurobindo Pharma Limited,CIP,554.0,7531.78,13.595270758122743,83686.4,1
ASN-6736,Air,Uganda,ABBVIE LOGISTICS (FORMERLY ABBOTT LOGISTICS BV),FCA,36.0,1084.27,30.11861111111111,3616.0,1
ASN-6747,Air,Rwanda,Hoffmann-La Roche ltd Basel,FCA,27.0,1253.71,46.433703703703706,5429.5,1
ASN-6750,Air,South Africa,CIPLA LIMITED,DDP,2649.0,3908.55,1.4754813137032843,304119.8,1
ASN-6752,Air,Zimbabwe,"Orgenics, Ltd",EXW,1016.0,18862.39,18.565344488188977,151200.0,1
ASN-6753,Air,Zimbabwe,"Orgenics, Ltd",EXW,1183.0,21170.3,17.89543533389687,176400.0,1
ASN-6754,Air,Zimbabwe,"Orgenics, Ltd",EXW,1000.0,18841.09,18.84109,132840.0,1
ASN-6755,Air,Zimbabwe,"Orgenics, Ltd",EXW,967.0,18212.87,18.834405377456047,137880.0,1
ASN-6763,Air,Rwanda,Aurobindo Pharma Limited,CIP,1048.0,14256.58,13.603606870229008,158406.4,1
ASN-6764,Air,Côte d'Ivoire,Aurobindo Pharma Limited,EXW,147.0,1836.81,12.49530612244898,10680.0,1
ASN-6775,Air,Côte d'Ivoire,BRISTOL-MYERS SQUIBB,CIP,368.0,824.37,2.2401358695652176,17936.0,1
ASN-6788,Air,Uganda,ABBVIE LOGISTICS (FORMERLY ABBOTT LOGISTICS BV),FCA,47.0,1238.94,26.360425531914895,5785.6,1
ASN-68,Air,Zambia,Abbott GmbH & Co. KG,FCA,426.0,2487.58,5.839389671361502,100000.0,1
ASN-682,Air,Tanzania,"Standard Diagnostics, Inc.",EXW,3336.0,28837.28,8.644268585131893,200000.0,1
ASN-6840,Air,Rwanda,MYLAN LABORATORIES LTD (FORMERLY MATRIX LABORATORIES),CIP,1795.0,21340.35,11.888774373259052,226665.0,1
ASN-6862,Air,Sudan,"Trinity Biotech, Plc",EXW,253.0,2849.79,11.26399209486166,24000.0,1
ASN-6866,Air,Guyana,"CHEMBIO DIAGNOSTIC SYSTEMS, INC.",EXW,1.0,283.21,283.21,135.0,1
ASN-6883,Air,South Africa,Aurobindo Pharma Limited,DDP,2892.0,6105.79,2.111269017980636,158985.48,1
ASN-6886,Air,South Africa,Aurobindo Pharma Limited,DDP,4568.0,6105.79,1.3366440455341506,252180.0,1
ASN-6888,Air,Rwanda,EMCURE PHARMACEUTICALS LTD,CIP,4.0,889.55,222.3875,185.69,1
ASN-6890,Air,Rwanda,EMCURE PHARMACEUTICALS LTD,CIP,4227.0,33008.05,7.808859711379229,357057.91,1
ASN-69,Air,Côte d'Ivoire,Abbott GmbH & Co. KG,FCA,291096.0,156.97,0.0005392379146398439,68000.0,1
ASN-6911,Air,South Africa,STRIDES ARCOLAB LIMITED,DDP,15006.0,20134.62,1.3417712914834066,779031.25,1
ASN-6929,Air,Ethiopia,Aurobindo Pharma Limited,EXW,39.0,516.35,13.23974358974359,10000.0,1
ASN-6930,Air,Ethiopia,Aurobindo Pharma Limited,EXW,201.0,1120.57,5.574975124378109,39000.0,1
ASN-6932,Air,South Africa,Aurobindo Pharma Limited,DDP,4564.0,6105.79,1.3378155127081508,251965.18,1
ASN-6933,Air,South Africa,Aurobindo Pharma Limited,DDP,4561.0,6105.79,1.3386954615215962,251787.72,1
ASN-6934,Air,Guyana,ABBVIE LOGISTICS (FORMERLY ABBOTT LOGISTICS BV),FCA,225.0,1831.83,8.141466666666666,11590.2,1
ASN-6937,Air,South Africa,Aurobindo Pharma Limited,DDP,4565.0,6105.83,1.3375312157721797,251979.19,1
ASN-6942,Air,Guyana,CIPLA LIMITED,EXW,191.0,1703.62,8.919476439790575,25567.0,1
ASN-6952,Air,Botswana,"Orgenics, Ltd",EXW,3.0,584.1,194.70000000000002,560.0,1
ASN-6953,Air,Namibia,"Orgenics, Ltd",EXW,40.0,2883.51,72.08775,11900.0,1
ASN-6978,Air,Nigeria,"Orgenics, Ltd",EXW,1130.0,21654.06,19.162884955752215,186720.0,1
ASN-698,Air,Tanzania,"Standard Diagnostics, Inc.",EXW,3338.0,28466.06,8.52787896944278,200000.0,1
ASN-7,Air,Côte d'Ivoire,Orasure Technologies Inc.,EXW,15.0,1039.5,69.3,2400.0,1
ASN-70,Air,Côte d'Ivoire,Abbott GmbH & Co. KG,FCA,205503.0,4110.88,0.020003990209388672,48000.0,1
ASN-7020,Air,Vietnam,ABBVIE LOGISTICS (FORMERLY ABBOTT LOGISTICS BV),FCA,2018.0,10263.55,5.086000991080277,676095.0,1
ASN-7021,Air,South Africa,Aurobindo Pharma Limited,DDP,1431.0,4885.21,3.413843466107617,197192.2,1
ASN-7022,Air,South Africa,Aurobindo Pharma Limited,DDP,3085.0,4885.2,1.5835332252836305,427180.42,1
ASN-7024,Air,Haiti,ABBVIE LOGISTICS (FORMERLY ABBOTT LOGISTICS BV),FCA,100.0,3806.01,38.060100000000006,1808.0,1
ASN-7025,Air,Haiti,ABBVIE LOGISTICS (FORMERLY ABBOTT LOGISTICS BV),FCA,44.0,1075.54,24.444090909090907,2712.0,1
ASN-7050,Air,South Africa,Aurobindo Pharma Limited,DDP,3869.0,4088.43,1.056714913414319,31500.0,1
ASN-7077,Air,South Africa,Aurobindo Pharma Limited,DDP,4528.0,6369.79,1.4067557420494698,112128.0,1
ASN-7078,Air,South Africa,Aurobindo Pharma Limited,DDP,2655.0,6369.79,2.3991676082862523,65326.24,1
ASN-7079,Air,South Africa,Aurobindo Pharma Limited,DDP,4806.0,6369.79,1.3253828547648772,118992.92,1
ASN-7080,Air,South Africa,Aurobindo Pharma Limited,DDP,4528.0,6369.79,1.4067557420494698,112128.0,1
ASN-7083,Air,South Africa,Aurobindo Pharma Limited,DDP,4522.0,6369.8,1.408624502432552,111955.72,1
ASN-7094,Air,Rwanda,HETERO LABS LIMITED,CIP,277.0,1393.42,5.0303971119133575,11655.0,1
ASN-7095,Air,Rwanda,HETERO LABS LIMITED,CIP,933.0,3847.96,4.124287245444802,38927.7,1
ASN-7096,Air,Rwanda,HETERO LABS LIMITED,CIP,986.0,4015.82,4.072839756592292,40792.5,1
ASN-710,Air,Tanzania,"Standard Diagnostics, Inc.",EXW,3335.0,27869.74,8.356743628185907,200000.0,1
ASN-7101,Air,South Africa,Aurobindo Pharma Limited,DDP,3230.0,4116.81,1.2745541795665636,169813.6,1
ASN-7102,Air,South Africa,Aurobindo Pharma Limited,DDP,2512.0,4116.82,1.6388614649681528,132518.87,1
ASN-7103,Air,South Africa,Aurobindo Pharma Limited,DDP,3211.0,4116.81,1.282095920274058,168649.8,1
ASN-7107,Air,Côte d'Ivoire,BRISTOL-MYERS SQUIBB,CIP,833.0,1134.5,1.3619447779111644,40327.5,1
ASN-7108,Air,Côte d'Ivoire,BRISTOL-MYERS SQUIBB,CIP,312.0,781.5,2.5048076923076925,17926.5,1
ASN-7110,Air,South Africa,STRIDES ARCOLAB LIMITED,DDP,5437.0,9205.05,1.6930384403163508,246821.9,1
ASN-7130,Air,South Africa,Aurobindo Pharma Limited,DDP,1.0,4116.81,4116.81,5.06,1
ASN-7131,Air,Tanzania,EMCURE PHARMACEUTICALS LTD,EXW,112.0,1122.07,10.018482142857142,27785.85,1
ASN-7168,Air,Botswana,Orasure Technologies Inc.,EXW,6.0,418.94,69.82333333333334,250.0,1
ASN-7170,Air,Vietnam,ABBVIE LOGISTICS (FORMERLY ABBOTT LOGISTICS BV),FCA,266.0,6937.66,26.08142857142857,146727.0,1
ASN-7171,Air,Vietnam,STRIDES ARCOLAB LIMITED,EXW,2367.0,10648.45,4.498711449091678,227161.0,1
ASN-7181,Air,South Africa,Aurobindo Pharma Limited,DDP,4621.0,4762.44,1.0306080934862583,37737.0,1
ASN-719,Air,Rwanda,BRISTOL-MYERS SQUIBB,CIP,40.0,86.4,2.16,1729.0,1
ASN-7191,Air,South Africa,STRIDES ARCOLAB LIMITED,DDP,14550.0,20706.21,1.4231072164948453,756469.22,1
ASN-7198,Air,Kenya,"Orgenics, Ltd",EXW,1302.0,12678.52,9.737726574500769,240.0,1
ASN-7199,Air,Kenya,"Orgenics, Ltd",EXW,1098.0,10929.38,9.953897996357012,428880.0,1
ASN-7200,Air,Kenya,"Orgenics, Ltd",EXW,1036.0,11163.27,10.775357142857143,530880.0,1
ASN-7201,Air,Mozambique,"Orgenics, Ltd",EXW,937.0,11566.55,12.344236926360725,320978.7,1
ASN-7209,Air,Botswana,"Trinity Biotech, Plc",EXW,2.0,592.46,296.23,160.0,1
ASN-7210,Air,Botswana,"Trinity Biotech, Plc",EXW,5.0,592.46,118.492,465.0,1
ASN-7211,Air,Namibia,"Trinity Biotech, Plc",EXW,170.0,1691.15,9.94794117647059,16000.0,1
ASN-7216,Air,Rwanda,MYLAN LABORATORIES LTD (FORMERLY MATRIX LABORATORIES),CIP,6842.0,73790.43,10.784921075708857,789396.45,1
ASN-7217,Air,South Africa,STRIDES ARCOLAB LIMITED,DDP,16496.0,25285.11,1.5328024975751697,856668.38,1
ASN-7220,Air,Vietnam,CIPLA LIMITED,EXW,2933.0,12067.26,4.114306171155813,171155.2,1
ASN-7236,Air,Vietnam,CIPLA LIMITED,EXW,4799.0,10959.54,2.2837132735986665,284044.8,1
ASN-7237,Air,Vietnam,MYLAN LABORATORIES LTD (FORMERLY MATRIX LABORATORIES),EXW,749.0,7488.39,9.99785046728972,86987.39,1
ASN-7249,Air,Rwanda,HETERO LABS LIMITED,CIP,3845.0,20194.78,5.252218465539662,206489.25,1
ASN-7251,Air,Tanzania,ABBVIE LOGISTICS (FORMERLY ABBOTT LOGISTICS BV),FCA,2020.0,9169.63,4.539420792079207,325693.12,1
ASN-7260,Air,Vietnam,STRIDES ARCOLAB LIMITED,EXW,2799.0,11838.56,4.229567702750982,267839.0,1
ASN-7262,Air,Vietnam,Aurobindo Pharma Limited,EXW,3802.0,26084.14,6.860636507101526,312711.72,1
ASN-7284,Air,Vietnam,MYLAN LABORATORIES LTD (FORMERLY MATRIX LABORATORIES),EXW,5101.0,13241.08,2.5957812193687513,272710.3,1
ASN-7285,Air,Côte d'Ivoire,MERCK SHARP & DOHME IDEA GMBH (FORMALLY MERCK SHARP & DOHME B.V.),CIP,805.0,1659.71,2.061751552795031,46419.52,1
ASN-7300,Air,Vietnam,Aurobindo Pharma Limited,EXW,902.0,7421.81,8.228170731707317,77565.6,1
ASN-7301,Air,Vietnam,Aurobindo Pharma Limited,EXW,1073.0,9535.67,8.886924510717614,94084.2,1
ASN-7316,Air,South Africa,Aurobindo Pharma Limited,DDP,3221.0,3296.57,1.0234616578702267,447538.62,1
ASN-7317,Air,South Africa,Aurobindo Pharma Limited,DDP,1273.0,3296.58,2.589615082482325,176834.0,1
ASN-7323,Air,Côte d'Ivoire,BRISTOL-MYERS SQUIBB,CIP,391.0,830.05,2.1228900255754475,19000.0,1
ASN-7337,Air,Vietnam,ABBVIE LOGISTICS (FORMERLY ABBOTT LOGISTICS BV),FCA,57.0,5795.92,101.68280701754387,6137.6,1
ASN-737,Air,Vietnam,Aurobindo Pharma Limited,EXW,2895.0,18045.24,6.233243523316062,413400.0,1
ASN-7378,Air,Guyana,"Trinity Biotech, Plc",EXW,500.0,5255.14,10.51028,47040.0,1
ASN-7387,Air,Zambia,INTERNATIONAL HEALTHCARE DISTRIBUTORS,CIP,2294.0,1100.2,0.4795989537925022,369100.0,1
ASN-7396,Air,Rwanda,MYLAN LABORATORIES LTD (FORMERLY MATRIX LABORATORIES),CIP,2586.0,1170.2,0.45251353441608666,424125.0,1
ASN-7405,Air,Vietnam,MYLAN LABORATORIES LTD (FORMERLY MATRIX LABORATORIES),EXW,2585.0,11617.57,4.494224371373307,135789.7,1
ASN-7408,Air,South Africa,Aurobindo Pharma Limited,DDP,4442.0,3283.59,0.7392143178748312,34932.0,1
ASN-7411,Air,Vietnam,ABBVIE LOGISTICS (FORMERLY ABBOTT LOGISTICS BV),FCA,1348.0,10670.09,7.91549703264095,454566.0,1
ASN-7430,Air,South Africa,CIPLA LIMITED,DDP,76.0,916.22,12.055526315789473,8680.2,1
ASN-7431,Air,South Africa,CIPLA LIMITED,DDP,793.0,916.22,1.1553846153846155,90508.68,1
ASN-7438,Air,South Africa,Aurobindo Pharma Limited,DDP,4440.0,3283.59,0.7395472972972973,34920.0,1
ASN-7439,Air,South Africa,Aurobindo Pharma Limited,DDP,4872.0,5886.9,1.2083128078817733,268992.0,1
ASN-744,Air,Vietnam,Aurobindo Pharma Limited,EXW,960.0,13762.41,14.33584375,4970.0,1
ASN-7440,Air,South Africa,Aurobindo Pharma Limited,DDP,4815.0,5886.9,1.2226168224299065,265615.59,1
ASN-7441,Air,Tanzania,Aurobindo Pharma Limited,EXW,820.0,18044.49,22.0054756097561,18028.4,1
ASN-7442,Air,Tanzania,Aurobindo Pharma Limited,EXW,3396.0,16416.58,4.834093050647821,74880.0,1
ASN-7443,Air,Tanzania,Aurobindo Pharma Limited,EXW,3392.0,20294.85,5.983151533018868,74763.0,1
ASN-7444,Air,Tanzania,Aurobindo Pharma Limited,EXW,3380.0,17603.58,5.20815976331361,74523.8,1
ASN-745,Air,Nigeria,"CHEMBIO DIAGNOSTIC SYSTEMS, INC.",EXW,3263.0,20885.78,6.4007906834201655,270000.0,1
ASN-7454,Air,Haiti,"Orgenics, Ltd",EXW,227.0,2486.62,10.954273127753304,97680.0,1
ASN-746,Air,Zimbabwe,Orasure Technologies Inc.,EXW,24.0,536.08,22.33666666666667,3500.0,1
ASN-7468,Air,South Africa,Aurobindo Pharma Limited,DDP,2131.0,5886.9,2.7625058657907084,117637.3,1
ASN-7469,Air,South Africa,Aurobindo Pharma Limited,DDP,4822.0,5886.9,1.2208419742845291,266049.9,1
ASN-7470,Air,South Africa,Aurobindo Pharma Limited,DDP,4507.0,5886.96,1.3061814954515198,248602.78,1
ASN-7476,Air,Rwanda,Aurobindo Pharma Limited,CIP,41.0,717.0,17.48780487804878,7966.7,1
ASN-7478,Air,Uganda,ABBVIE LOGISTICS (FORMERLY ABBOTT LOGISTICS BV),FCA,53.0,708.2,13.362264150943398,575.4,1
ASN-7485,Air,Vietnam,STRIDES ARCOLAB LIMITED,EXW,497.0,6269.65,12.614989939637827,23729.0,1
ASN-7486,Air,Vietnam,STRIDES ARCOLAB LIMITED,EXW,2035.0,8711.4,4.280786240786241,101665.7,1
ASN-7487,Air,Vietnam,STRIDES ARCOLAB LIMITED,EXW,726.0,7388.14,10.17650137741047,34071.0,1
ASN-7488,Air,Vietnam,STRIDES ARCOLAB LIMITED,EXW,420.0,6683.69,15.913547619047618,20534.3,1
ASN-7489,Air,Kenya,"Orgenics, Ltd",EXW,1411.0,13150.21,9.319780297661232,240.0,1
ASN-7490,Air,Kenya,"Orgenics, Ltd",EXW,1454.0,13343.23,9.17691196698762,675360.0,1
ASN-7491,Air,Kenya,"Orgenics, Ltd",EXW,974.0,9456.46,9.70889117043121,364400.0,1
ASN-7506,Air,South Africa,Aurobindo Pharma Limited,DDP,4396.0,3283.59,0.746949499545041,35004.0,1
ASN-7507,Air,South Africa,Aurobindo Pharma Limited,DDP,1205.0,3283.62,2.7249958506224066,9552.0,1
ASN-7510,Air,Vietnam,MYLAN LABORATORIES LTD (FORMERLY MATRIX LABORATORIES),EXW,255.0,6518.69,25.56349019607843,29758.61,1
ASN-7512,Air,Guyana,"Orgenics, Ltd",EXW,304.0,6363.92,20.93394736842105,55620.0,1
ASN-7525,Air,South Africa,Aurobindo Pharma Limited,DDP,1727.0,1791.42,1.0373016792125074,81137.1,1
ASN-7526,Air,South Africa,Aurobindo Pharma Limited,DDP,3206.0,2154.51,0.6720243293824081,25422.0,1
ASN-7529,Ocean,Tanzania,MYLAN LABORATORIES LTD (FORMERLY MATRIX LABORATORIES),EXW,6349.0,27797.6,4.378264293589542,1148767.3,1
ASN-7537,Air,South Africa,CIPLA LIMITED,DDP,136.0,1881.24,13.832647058823529,15765.12,1
ASN-7538,Air,South Africa,CIPLA LIMITED,DDP,3243.0,1881.24,0.5800925069380204,372427.5,1
ASN-7561,Air,Nigeria,"Trinity Biotech, Plc",EXW,2373.0,29878.21,12.590901812052254,224000.0,1
ASN-7571,Air,Vietnam,ABBVIE LOGISTICS (FORMERLY ABBOTT LOGISTICS BV),FCA,255.0,8227.99,32.266627450980394,83022.0,1
ASN-7572,Air,Vietnam,ABBVIE LOGISTICS (FORMERLY ABBOTT LOGISTICS BV),FCA,862.0,5215.07,6.049965197215777,285234.0,1
ASN-7581,Air,Vietnam,Aurobindo Pharma Limited,EXW,2046.0,14405.31,7.040718475073313,42078.4,1
ASN-7593,Air,South Africa,CIPLA LIMITED,DDP,4141.0,5404.34,1.3050808983337359,498798.7,1
ASN-7597,Air,South Africa,Aurobindo Pharma Limited,DDP,993.0,4263.07,4.2931218529707955,53751.7,1
ASN-763,Air,Guyana,"Orgenics, Ltd",EXW,100.0,1928.93,19.2893,31819.58,1
ASN-7630,Air,Côte d'Ivoire,"Standard Diagnostics, Inc.",EXW,300.0,3489.46,11.631533333333334,21600.0,1
ASN-7631,Air,Côte d'Ivoire,"Standard Diagnostics, Inc.",EXW,486.0,5074.33,10.441008230452674,34944.0,1
ASN-7632,Air,Côte d'Ivoire,"Orgenics, Ltd",EXW,679.0,11163.49,16.441075110456552,233100.0,1
ASN-7633,Air,Côte d'Ivoire,"CHEMBIO DIAGNOSTIC SYSTEMS, INC.",EXW,706.0,6150.75,8.712110481586402,67041.0,1
ASN-766,Air,Guyana,"CHEMBIO DIAGNOSTIC SYSTEMS, INC.",EXW,35.0,379.62,10.846285714285715,3240.0,1
ASN-7661,Air,Vietnam,Aurobindo Pharma Limited,EXW,1553.0,13320.8,8.577462974887315,33381.6,1
ASN-7662,Air,South Africa,Aurobindo Pharma Limited,DDP,1791.0,1791.42,1.0002345058626465,84345.14,1
ASN-7663,Air,South Africa,Aurobindo Pharma Limited,DDP,1810.0,2016.42,1.1140441988950276,85288.83,1
ASN-7664,Air,South Africa,Aurobindo Pharma Limited,DDP,1823.0,1791.42,0.9826769061985738,85949.16,1
ASN-7665,Air,Vietnam,MYLAN LABORATORIES LTD (FORMERLY MATRIX LABORATORIES),EXW,5009.0,17031.91,3.400261529247355,268186.7,1
ASN-7668,Air,Rwanda,Aurobindo Pharma Limited,CIP,46.0,1127.95,24.520652173913046,12532.78,1
ASN-7687,Air,South Africa,Aurobindo Pharma Limited,DDP,1828.0,1791.42,0.9799890590809628,86189.51,1
ASN-7688,Air,South Africa,Aurobindo Pharma Limited,DDP,912.0,1791.42,1.9642763157894738,43007.47,1
ASN-7693,Air,Botswana,"Trinity Biotech, Plc",EXW,26.0,659.27,25.35653846153846,1600.0,1
ASN-7725,Air,South Africa,CIPLA LIMITED,DDP,1842.0,5298.03,2.8762377850162864,211069.62,1
ASN-7730,Air,Vietnam,MYLAN LABORATORIES LTD (FORMERLY MATRIX LABORATORIES),EXW,22.0,3587.81,163.08227272727274,3148.0,1
ASN-7740,Air,Vietnam,Aurobindo Pharma Limited,EXW,2148.0,12793.94,5.9562104283054005,189488.88,1
ASN-7741,Air,Vietnam,Aurobindo Pharma Limited,EXW,2904.0,14223.39,4.897861570247934,228575.0,1
ASN-7749,Air,Botswana,"Orgenics, Ltd",EXW,2.0,807.65,403.825,560.0,1
ASN-7750,Air,Botswana,"Orgenics, Ltd",EXW,5.0,760.22,152.044,800.0,1
ASN-7772,Air,South Africa,Aurobindo Pharma Limited,DDP,2373.0,1697.9,0.7155077960387696,328168.24,1
ASN-7779,Air,Vietnam,ABBVIE LOGISTICS (FORMERLY ABBOTT LOGISTICS BV),FCA,60.0,3981.97,66.36616666666666,7365.12,1
ASN-7782,Air,Vietnam,ABBVIE LOGISTICS (FORMERLY ABBOTT LOGISTICS BV),FCA,168.0,4092.21,24.358392857142857,17185.28,1
ASN-7797,Air,Botswana,Orasure Technologies Inc.,EXW,6.0,418.94,69.82333333333334,250.0,1
ASN-78,Air,Guyana,Aurobindo Pharma Limited,EXW,13.0,1020.6,78.50769230769231,2707.25,1
ASN-7804,Air,South Africa,Aurobindo Pharma Limited,DDP,1577.0,1697.9,1.0766645529486367,218456.86,1
ASN-7805,Air,Haiti,MERCK SHARP & DOHME IDEA GMBH (FORMALLY MERCK SHARP & DOHME B.V.),CIP,109.0,290.0,2.6605504587155964,5800.32,1
ASN-781,Air,Vietnam,Aurobindo Pharma Limited,EXW,941.0,4193.49,4.456418703506907,4970.0,1
ASN-782,Air,Vietnam,Aurobindo Pharma Limited,EXW,332.0,4454.62,13.417530120481928,40500.0,1
ASN-7826,Air,Kenya,"Trinity Biotech, Plc",EXW,518.0,4851.0,9.364864864864865,48480.0,1
ASN-7834,Air,Dominican Republic,MYLAN LABORATORIES LTD (FORMERLY MATRIX LABORATORIES),EXW,111.0,1254.61,11.302792792792792,14000.0,1
ASN-7839,Air,Rwanda,"Orgenics, Ltd",EXW,1136.0,49573.62,43.63875,388500.0,1
ASN-7842,Air,Côte d'Ivoire,"Orgenics, Ltd",EXW,680.0,11463.46,16.858029411764704,233100.0,1
ASN-7868,Air,South Africa,CIPLA LIMITED,DDP,4398.0,5298.03,1.2046452933151433,506509.22,1
ASN-787,Air,Tanzania,"Standard Diagnostics, Inc.",EXW,3345.0,29470.0,8.8101644245142,200000.0,1
ASN-788,Air,Tanzania,"Standard Diagnostics, Inc.",EXW,3335.0,28461.1,8.534062968515741,200000.0,1
ASN-794,Air,Côte d'Ivoire,"Standard Diagnostics, Inc.",EXW,750.0,7961.7,10.6156,47000.0,1
ASN-7945,Air,Côte d'Ivoire,"CHEMBIO DIAGNOSTIC SYSTEMS, INC.",EXW,685.0,5557.27,8.11280291970803,55836.0,1
ASN-7957,Air,Uganda,MERCK SHARP & DOHME IDEA GMBH (FORMALLY MERCK SHARP & DOHME B.V.),CIP,7.0,360.0,51.42857142857143,5764.5,1
ASN-7959,Air,South Africa,CIPLA LIMITED,DDP,1087.0,2531.3,2.3287028518859247,172800.0,1
ASN-7974,Air,Uganda,ASPEN PHARMACARE,DDU,10.0,435.0,43.5,4199.01,1
ASN-7991,Ocean,South Africa,STRIDES ARCOLAB LIMITED,DDP,7193.0,8559.24,1.189940219658001,327120.0,1
ASN-8,Air,Côte d'Ivoire,RANBAXY Fine Chemicals LTD.,EXW,13.0,780.34,60.026153846153846,551.0,1
ASN-8001,Air,South Africa,Aurobindo Pharma Limited,DDP,3764.0,4263.07,1.1325903294367694,187430.45,1
ASN-8011,Air,Rwanda,MYLAN LABORATORIES LTD (FORMERLY MATRIX LABORATORIES),CIP,7965.0,65851.29,8.267581920903954,698706.0,1
ASN-8012,Air,Haiti,Orasure Technologies Inc.,EXW,240.0,4355.7,18.14875,35000.0,1
ASN-8019,Air,Côte d'Ivoire,BRISTOL-MYERS SQUIBB,CIP,1278.0,1742.12,1.3631611893583724,59905.0,1
ASN-8037,Air,Zambia,ABBVIE LOGISTICS (FORMERLY ABBOTT LOGISTICS BV),CIP,4959.0,2173.4,0.4382738455333737,816200.0,1
ASN-804,Air,Vietnam,SUN PHARMACEUTICAL INDUSTRIES LTD (RANBAXY LABORATORIES LIMITED),EXW,6.0,2794.34,465.72333333333336,894.0,1
ASN-8040,Air,South Africa,Aurobindo Pharma Limited,DDP,3240.0,4263.07,1.3157623456790122,161395.2,1
ASN-8060,Air,Vietnam,MYLAN LABORATORIES LTD (FORMERLY MATRIX LABORATORIES),EXW,10.0,3896.68,389.668,1574.0,1
ASN-8079,Air,Tanzania,EMCURE PHARMACEUTICALS LTD,EXW,45.0,1013.19,22.515333333333334,11114.34,1
ASN-8080,Air,Tanzania,MYLAN LABORATORIES LTD (FORMERLY MATRIX LABORATORIES),EXW,1081.0,5834.1,5.396947271045328,179100.0,1
ASN-8081,Air,Vietnam,STRIDES ARCOLAB LIMITED,EXW,71.0,4035.45,56.83732394366197,3167.38,1
ASN-8093,Air,Mozambique,"Trinity Biotech, Plc",EXW,145.0,2572.68,17.742620689655173,13568.0,1
ASN-8124,Air,South Africa,Aurobindo Pharma Limited,DDP,2970.0,4263.07,1.4353771043771042,147945.6,1
ASN-8125,Air,South Africa,Aurobindo Pharma Limited,DDP,3005.0,4263.07,1.4186589018302829,148856.25,1
ASN-8147,Ocean,South Africa,STRIDES ARCOLAB LIMITED,DDP,7670.0,8256.97,1.076528031290743,373500.0,1
ASN-8160,Air,South Africa,Aurobindo Pharma Limited,DDP,4386.0,12917.3,2.9451208390332875,34920.0,1
ASN-8167,Air,South Africa,Aurobindo Pharma Limited,DDP,4382.0,2154.52,0.4916750342309448,34884.0,1
ASN-8174,Air,South Africa,CIPLA LIMITED,DDP,5663.0,5298.02,0.9355500618046972,650921.16,1
ASN-8175,Air,South Africa,CIPLA LIMITED,DDP,4942.0,3646.13,0.7377842978551195,567403.56,1
ASN-8199,Air,Côte d'Ivoire,MERCK SHARP & DOHME IDEA GMBH (FORMALLY MERCK SHARP & DOHME B.V.),CIP,254.0,881.33,3.4698031496062995,50000.0,1
ASN-8224,Air,Guyana,"Orgenics, Ltd",EXW,154.0,4268.93,27.720324675324676,30240.0,1
ASN-8225,Air,Guyana,"Trinity Biotech, Plc",EXW,564.0,5806.53,10.295265957446809,53952.0,1
ASN-8226,Air,Mozambique,"Trinity Biotech, Plc",EXW,1112.0,18669.96,16.78953237410072,142240.0,1
ASN-823,Air,Côte d'Ivoire,"CHEMBIO DIAGNOSTIC SYSTEMS, INC.",EXW,68.0,1711.86,25.17441176470588,6750.0,1
ASN-8234,Air,Sudan,"Standard Diagnostics, Inc.",EXW,75.0,1539.55,20.52733333333333,480.0,1
ASN-8246,Air,South Africa,Aurobindo Pharma Limited,DDP,3669.0,4263.07,1.1619160534205504,182358.83,1
ASN-8249,Air,South Africa,Aurobindo Pharma Limited,DDP,2970.0,4263.08,1.4353804713804714,147945.6,1
ASN-8251,Air,South Africa,Aurobindo Pharma Limited,DDP,3.0,1791.41,597.1366666666667,5070.12,1
ASN-8261,Ocean,South Africa,Aurobindo Pharma Limited,DDP,1552.0,18114.34,11.671610824742269,79831.51,1
ASN-8262,Ocean,South Africa,Aurobindo Pharma Limited,DDP,6525.0,10984.82,1.683497318007663,316603.76,1
ASN-83,Air,Haiti,Abbott GmbH & Co. KG,EXW,169.0,1215.84,7.194319526627218,40000.0,1
ASN-8300,Air,South Africa,Aurobindo Pharma Limited,DDP,3545.0,5953.38,1.6793737658674188,278604.29,1
ASN-8326,Air,South Africa,Aurobindo Pharma Limited,DDP,7349.0,4876.34,0.6635378963124234,60007.5,1
ASN-8340,Air,South Africa,Aurobindo Pharma Limited,DDP,7367.0,3444.28,0.46752816614632825,60158.7,1
ASN-8343,Air,Vietnam,STRIDES ARCOLAB LIMITED,EXW,216.0,4146.33,19.19597222222222,9532.62,1
ASN-8348,Air,South Africa,CIPLA LIMITED,DDP,3549.0,3646.13,1.0273682727528881,406014.4,1
ASN-8356,Air,Mozambique,"Orgenics, Ltd",EXW,97.0,1910.93,19.700309278350517,16960.0,1
ASN-8371,Air,Rwanda,MYLAN LABORATORIES LTD (FORMERLY MATRIX LABORATORIES),CIP,1716.0,17074.8,9.95034965034965,189720.0,1
ASN-8380,Air,South Africa,Aurobindo Pharma Limited,DDP,3732.0,4876.34,1.3066291532690246,30334.5,1
ASN-8381,Air,South Africa,Aurobindo Pharma Limited,DDP,458.0,1697.9,3.7072052401746727,62159.38,1
ASN-8387,Air,South Africa,CIPLA LIMITED,DDP,4457.0,3646.13,0.818068207314337,506251.16,1
ASN-8401,Truck,Dominican Republic,"ABBVIE, SRL (FORMALLY ABBOTT LABORATORIES INTERNATIONAL CO.)",EXW,268.0,666.66,2.487537313432836,49824.0,1
ASN-8406,Air,Rwanda,"Standard Diagnostics, Inc.",EXW,604.0,8823.41,14.608294701986754,40800.0,1
ASN-8441,Air,South Africa,Aurobindo Pharma Limited,DDP,3110.0,5159.33,1.6589485530546624,76997.48,1
ASN-8442,Air,South Africa,Aurobindo Pharma Limited,DDP,3113.0,5159.33,1.6573498233215547,77088.0,1
ASN-8443,Ocean,South Africa,STRIDES ARCOLAB LIMITED,DDP,6297.0,7526.14,1.1951945370811499,282000.0,1
ASN-8444,Ocean,South Africa,STRIDES ARCOLAB LIMITED,DDP,3755.0,4514.06,1.2021464713715049,186750.0,1
ASN-8445,Air,Guyana,Aurobindo Pharma Limited,EXW,1028.0,12609.89,12.266429961089493,136656.0,1
ASN-8446,Air,Vietnam,MYLAN LABORATORIES LTD (FORMERLY MATRIX LABORATORIES),EXW,3494.0,10711.06,3.065558099599313,184194.8,1
ASN-8447,Air,Vietnam,MYLAN LABORATORIES LTD (FORMERLY MATRIX LABORATORIES),EXW,3329.0,10455.35,3.1406878942625416,175827.0,1
ASN-8448,Air,Vietnam,MYLAN LABORATORIES LTD (FORMERLY MATRIX LABORATORIES),EXW,3919.0,11372.45,2.9018754784383773,207410.5,1
ASN-8453,Air,Sudan,"Orgenics, Ltd",EXW,119.0,2742.83,23.048991596638654,23140.0,1
ASN-8455,Air,Vietnam,STRIDES ARCOLAB LIMITED,EXW,2769.0,10546.68,3.808840736728061,264000.0,1
ASN-8464,Air,South Africa,Aurobindo Pharma Limited,DDP,1935.0,5159.33,2.6663204134366927,47838.36,1
ASN-8465,Air,South Africa,Aurobindo Pharma Limited,DDP,2830.0,5159.34,1.823088339222615,70080.0,1
ASN-8495,Air,South Africa,Aurobindo Pharma Limited,DDP,5200.0,5953.37,1.1448788461538462,412395.71,1
ASN-85,Air,Vietnam,Aurobindo Pharma Limited,EXW,358.0,4521.5,12.629888268156424,6200.0,1
ASN-8509,Air,South Africa,Aurobindo Pharma Limited,DDP,4023.0,3315.23,0.8240691026597067,557606.64,1
ASN-8510,Air,South Africa,Aurobindo Pharma Limited,DDP,124.0,1697.89,13.692661290322581,15588.14,1
ASN-8512,Air,Côte d'Ivoire,MERCK SHARP & DOHME IDEA GMBH (FORMALLY MERCK SHARP & DOHME B.V.),CIP,269.0,1315.14,4.888996282527882,100800.0,1
ASN-8515,Air,South Africa,CIPLA LIMITED,DDP,3543.0,3646.13,1.0291081004798195,405294.96,1
ASN-8529,Air,Rwanda,"Orgenics, Ltd",EXW,1134.0,50550.58,44.57723104056438,388500.0,1
ASN-8532,Air,Côte d'Ivoire,"Orgenics, Ltd",EXW,1229.0,17085.16,13.901676159479251,420201.6,1
ASN-856,Air,Tanzania,"Standard Diagnostics, Inc.",EXW,3335.0,28359.8,8.503688155922038,200000.0,1
ASN-8566,Air,Côte d'Ivoire,"Orgenics, Ltd",EXW,64.0,2319.8,36.246875,21367.5,1
ASN-8567,Air,Rwanda,"Standard Diagnostics, Inc.",EXW,570.0,9054.08,15.884350877192983,40800.0,1
ASN-8571,Air,Côte d'Ivoire,"CHEMBIO DIAGNOSTIC SYSTEMS, INC.",EXW,115.0,7883.32,68.55060869565217,5940.0,1
ASN-8573,Air,Botswana,"Trinity Biotech, Plc",EXW,1.0,650.97,650.97,465.0,1
ASN-8574,Air,Botswana,"Trinity Biotech, Plc",EXW,2.0,634.36,317.18,160.0,1
ASN-8578,Air,Rwanda,MYLAN LABORATORIES LTD (FORMERLY MATRIX LABORATORIES),CIP,13147.0,4781.8,0.36371795846961286,1211192.5,1
ASN-858,Air,Nigeria,"CHEMBIO DIAGNOSTIC SYSTEMS, INC.",EXW,3265.0,6197.0,1.898009188361409,270000.0,1
ASN-8587,Air,Kenya,"Orgenics, Ltd",EXW,1427.0,15353.45,10.759250175192712,229442.0,1
ASN-8588,Air,Kenya,"Orgenics, Ltd",EXW,1247.0,13765.81,11.039141940657577,644627.0,1
ASN-8589,Air,Kenya,"Orgenics, Ltd",EXW,1407.0,15200.59,10.803546552949538,727842.0,1
ASN-8590,Air,Kenya,"Orgenics, Ltd",EXW,1233.0,13753.58,11.154566098945661,89.0,1
ASN-8594,Air,Côte d'Ivoire,"Standard Diagnostics, Inc.",EXW,429.0,4540.55,10.584032634032635,28944.0,1
ASN-86,Air,Zambia,Aurobindo Pharma Limited,EXW,3217.0,14364.29,4.465119676717439,432009.2,1
ASN-8600,Air,Haiti,"SHANGHAI KEHUA BIOENGINEERING CO.,LTD.  (KHB)",EXW,30.0,835.01,27.833666666666666,920.0,1
ASN-8625,Ocean,Tanzania,MYLAN LABORATORIES LTD (FORMERLY MATRIX LABORATORIES),EXW,5803.0,27478.63,4.735245562640014,1057665.1,1
ASN-8626,Air,Tanzania,MYLAN LABORATORIES LTD (FORMERLY MATRIX LABORATORIES),EXW,5808.0,28514.49,4.909519628099174,1057665.1,1
ASN-8630,Air,Zambia,"Trinity Biotech, Plc",EXW,2304.0,33525.96,14.551197916666666,224000.0,1
ASN-8632,Air,Sudan,"Trinity Biotech, Plc",EXW,17.0,1117.79,65.75235294117647,1600.0,1
ASN-8649,Air,South Africa,Aurobindo Pharma Limited,DDP,7353.0,4876.34,0.6631769345845233,60039.0,1
ASN-8664,Air,Zambia,"Standard Diagnostics, Inc.",EXW,40.0,771.88,19.297,2400.0,1
ASN-8696,Ocean,South Africa,Aurobindo Pharma Limited,DDP,5634.0,17819.74,3.162893148739794,235000.0,1
ASN-8698,Ocean,South Africa,Aurobindo Pharma Limited,DDP,7540.0,5460.48,0.7242015915119363,610076.99,1
ASN-8702,Air,South Africa,CIPLA LIMITED,DDP,3071.0,3646.13,1.1872777596873982,349686.94,1
ASN-8703,Air,South Africa,CIPLA LIMITED,DDP,3728.0,3646.13,0.9780391630901288,424211.54,1
ASN-8740,Air,South Africa,Aurobindo Pharma Limited,DDP,454.0,3315.24,7.302290748898678,66788.27,1
ASN-8755,Air,South Africa,Aurobindo Pharma Limited,DDP,838.0,4876.31,5.818985680190932,6810.3,1
ASN-8761,Air,Côte d'Ivoire,"CHEMBIO DIAGNOSTIC SYSTEMS, INC.",EXW,1038.0,3360.75,3.23771676300578,76275.0,1
ASN-8791,Ocean,South Africa,Aurobindo Pharma Limited,DDP,1093.0,5460.48,4.995864592863677,80923.01,1
ASN-8794,Ocean,South Africa,Aurobindo Pharma Limited,DDP,338.0,6147.09,18.18665680473373,25007.29,1
ASN-8795,Ocean,South Africa,Aurobindo Pharma Limited,DDP,3894.0,3161.68,0.8119363122752953,565458.19,1
ASN-8827,Air,Guyana,"CHEMBIO DIAGNOSTIC SYSTEMS, INC.",EXW,14.0,269.98,19.284285714285716,1080.0,1
ASN-884,Air,Vietnam,BRISTOL-MYERS SQUIBB,CIP,161.0,2514.05,15.615217391304348,5600.0,1
ASN-8846,Ocean,South Africa,STRIDES ARCOLAB LIMITED,DDP,15475.0,14682.98,0.9488193861066235,681625.0,1
ASN-8853,Air,Sudan,"Standard Diagnostics, Inc.",EXW,139.0,1629.85,11.725539568345322,320.0,1
ASN-8878,Air,Haiti,"SHANGHAI KEHUA BIOENGINEERING CO.,LTD.  (KHB)",EXW,261.0,3135.97,12.015210727969349,8280.0,1
ASN-8883,Air,Haiti,Orasure Technologies Inc.,EXW,187.0,3254.23,17.40229946524064,29750.0,1
ASN-8885,Air,South Africa,CIPLA LIMITED,DDP,1378.0,3646.1,2.6459361393323655,156337.44,1
ASN-8901,Ocean,South Africa,Aurobindo Pharma Limited,DDP,2915.0,6012.42,2.062579759862779,181500.0,1
ASN-8902,Ocean,South Africa,Aurobindo Pharma Limited,DDP,7503.0,6147.08,0.8192829534852726,555432.71,1
ASN-8903,Ocean,South Africa,Aurobindo Pharma Limited,DDP,12974.0,11138.89,0.8585548019115153,74200.0,1
ASN-8904,Ocean,South Africa,Aurobindo Pharma Limited,DDP,3967.0,8169.7,2.0594151751953618,22688.24,1
ASN-8905,Ocean,South Africa,Aurobindo Pharma Limited,DDP,10907.0,7905.94,0.7248500962684514,777099.05,1
ASN-8909,Air,Vietnam,Aurobindo Pharma Limited,EXW,1951.0,13083.7,6.706150691952845,166218.0,1
ASN-8928,Air,Vietnam,Aurobindo Pharma Limited,EXW,19.0,8495.83,447.14894736842103,2436.0,1
ASN-893,Air,Tanzania,"Standard Diagnostics, Inc.",EXW,3336.0,27791.62,8.33082134292566,200000.0,1
ASN-8940,Air,Nigeria,"Trinity Biotech, Plc",EXW,1072.0,16036.98,14.959869402985074,120000.0,1
ASN-8992,Air,Côte d'Ivoire,MERCK SHARP & DOHME IDEA GMBH (FORMALLY MERCK SHARP & DOHME B.V.),CIP,1234.0,2786.22,2.257876823338736,71232.0,1
ASN-8998,Air,Zambia,"Orgenics, Ltd",EXW,1318.0,21737.72,16.492959028831564,218400.0,1
ASN-8999,Air,Zambia,"Orgenics, Ltd",EXW,989.0,16654.29,16.839524772497473,163280.0,1
ASN-9000,Air,Zambia,"Orgenics, Ltd",EXW,1167.0,19610.11,16.803864610111397,193200.0,1
ASN-9001,Air,Zambia,"Orgenics, Ltd",EXW,1363.0,22746.62,16.688642699926632,225120.0,1
ASN-9004,Air,Guyana,"CHEMBIO DIAGNOSTIC SYSTEMS, INC.",EXW,2.0,281.61,140.805,100.0,1
ASN-9007,Ocean,South Africa,STRIDES ARCOLAB LIMITED,DDP,8048.0,12225.76,1.5191053677932407,407322.76,1
ASN-904,Air,Rwanda,Premier Medical Corporation Ltd.,EXW,1150.0,9898.8,8.607652173913042,65851.5,1
ASN-9043,Air,Rwanda,HETERO LABS LIMITED,CIP,3666.0,14890.63,4.061819421713039,165451.44,1
ASN-9051,Ocean,South Africa,STRIDES ARCOLAB LIMITED,DDP,6360.0,12225.76,1.9222893081761006,323910.86,1
ASN-9052,Ocean,South Africa,STRIDES ARCOLAB LIMITED,DDP,8183.0,12225.76,1.4940437492362215,416716.17,1
ASN-9056,Air,Côte d'Ivoire,ABBVIE LOGISTICS (FORMERLY ABBOTT LOGISTICS BV),FCA,2573.0,13562.35,5.27102603964244,371724.8,1
ASN-9057,Air,Côte d'Ivoire,ABBVIE LOGISTICS (FORMERLY ABBOTT LOGISTICS BV),FCA,1838.0,13562.36,7.378868335146899,264691.2,1
ASN-9058,Air,Dominican Republic,Aurobindo Pharma Limited,EXW,68.0,1001.12,14.72235294117647,13000.0,1
ASN-9071,Air,Uganda,Hoffmann-La Roche ltd Basel,FCA,18.0,968.25,53.791666666666664,10150.19,1
ASN-9086,Air,Haiti,"Orgenics, Ltd",EXW,568.0,5631.87,9.915264084507042,244200.0,1
ASN-9090,Air,Vietnam,MYLAN LABORATORIES LTD (FORMERLY MATRIX LABORATORIES),EXW,358.0,5294.24,14.788379888268155,39204.0,1
ASN-91,Air,Vietnam,BRISTOL-MYERS SQUIBB,CIP,555.0,3292.15,5.931801801801802,19600.0,1
ASN-9114,Ocean,South Africa,Aurobindo Pharma Limited,DDP,10373.0,630.5,0.06078280150390437,534601.87,1
ASN-9118,Air,Vietnam,STRIDES ARCOLAB LIMITED,EXW,3595.0,12632.99,3.5140445062586925,310609.55,1
ASN-9123,Air,Rwanda,CIPLA LIMITED,CIP,2386.0,1398.0,0.5859178541492037,261846.2,1
ASN-914,Air,Rwanda,Premier Medical Corporation Ltd.,EXW,405.0,3616.95,8.93074074074074,23100.0,1
ASN-9153,Air,Vietnam,STRIDES ARCOLAB LIMITED,EXW,1403.0,6475.64,4.615566642908054,70140.45,1
ASN-916,Air,Ethiopia,Aurobindo Pharma Limited,EXW,4228.0,12237.61,2.894420529801325,99200.0,1
ASN-9171,Ocean,South Africa,CIPLA LIMITED,DDP,16768.0,23721.9,1.4147125477099238,440820.0,1
ASN-9172,Ocean,South Africa,CIPLA LIMITED,DDP,7965.0,13688.03,1.7185222849968613,815480.0,1
ASN-9173,Ocean,South Africa,CIPLA LIMITED,DDP,4007.0,6639.33,1.6569328674819066,410713.69,1
ASN-9175,Ocean,South Africa,Aurobindo Pharma Limited,DDP,52.0,4295.61,82.6078846153846,7571.89,1
ASN-9176,Ocean,South Africa,Aurobindo Pharma Limited,DDP,2555.0,2347.77,0.9188923679060665,192324.58,1
ASN-9177,Ocean,South Africa,Aurobindo Pharma Limited,DDP,5623.0,630.5,0.11212875689133914,289812.6,1
ASN-9178,Ocean,South Africa,Aurobindo Pharma Limited,DDP,523.0,3161.68,6.045277246653919,75916.81,1
ASN-9179,Ocean,South Africa,Aurobindo Pharma Limited,DDP,6196.0,1220.84,0.19703679793415105,75267.29,1
ASN-9181,Ocean,South Africa,Aurobindo Pharma Limited,DDP,12045.0,17266.59,1.4335068493150684,565545.99,1
ASN-9182,Ocean,South Africa,Aurobindo Pharma Limited,DDP,1291.0,4429.37,3.4309604957397366,54778.8,1
ASN-9183,Ocean,South Africa,Aurobindo Pharma Limited,DDP,5184.0,9592.95,1.8504918981481482,216200.0,1
ASN-9193,Ocean,South Africa,Aurobindo Pharma Limited,DDP,2645.0,5112.92,1.9330510396975427,188394.5,1
ASN-9194,Ocean,South Africa,Aurobindo Pharma Limited,DDP,5427.0,7905.96,1.456782752902156,386650.95,1
ASN-9195,Ocean,South Africa,Aurobindo Pharma Limited,DDP,2666.0,21695.97,8.138023255813954,116992.01,1
ASN-9196,Ocean,South Africa,Aurobindo Pharma Limited,DDP,8468.0,30412.15,3.591420642418517,438340.92,1
ASN-9197,Ocean,South Africa,Aurobindo Pharma Limited,DDP,2808.0,630.5,0.22453703703703703,144694.33,1
ASN-9199,Ocean,South Africa,Aurobindo Pharma Limited,DDP,11917.0,17266.6,1.4489049257363429,559625.73,1
ASN-9221,Air,Uganda,ASPEN PHARMACARE,EXW,37.0,1333.01,36.027297297297295,15750.0,1
ASN-9248,Air,Ethiopia,"CHEMBIO DIAGNOSTIC SYSTEMS, INC.",EXW,204.0,1219.85,5.979656862745098,16895.0,1
ASN-9249,Air,Vietnam,Aurobindo Pharma Limited,EXW,21.0,3657.69,174.1757142857143,3900.0,1
ASN-926,Air,Vietnam,Aurobindo Pharma Limited,EXW,1955.0,16095.39,8.232936061381073,277425.0,1
ASN-9295,Air,Ethiopia,"SHANGHAI KEHUA BIOENGINEERING CO.,LTD.  (KHB)",EXW,718.0,6161.42,8.581364902506964,22770.0,1
ASN-93,Air,Nigeria,Aurobindo Pharma Limited,EXW,479.0,4861.14,10.148517745302716,20790.95,1
ASN-9368,Ocean,Rwanda,HETERO LABS LIMITED,EXW,3077.0,6499.25,2.1122034449138773,157406.69,1
ASN-9369,Ocean,Rwanda,HETERO LABS LIMITED,EXW,12077.0,19328.36,1.6004272584251056,501734.25,1
ASN-9370,Ocean,Rwanda,HETERO LABS LIMITED,EXW,24219.0,23736.39,0.9800730831165614,2045331.0,1
ASN-9373,Air,Botswana,Premier Medical Corporation Ltd.,EXW,13.0,766.62,58.97076923076923,765.0,1
ASN-9384,Air,Côte d'Ivoire,MERCK SHARP & DOHME IDEA GMBH (FORMALLY MERCK SHARP & DOHME B.V.),CIP,257.0,1167.97,4.544630350194552,50750.0,1
ASN-9386,Air,Zimbabwe,ABBVIE LOGISTICS (FORMERLY ABBOTT LOGISTICS BV),FCA,2480.0,18756.25,7.563004032258065,78322.56,1
ASN-94,Air,Tanzania,Aurobindo Pharma Limited,EXW,1478.0,6212.41,4.203254397834912,60834.55,1
ASN-9407,Air,Vietnam,HETERO LABS LIMITED,EXW,3998.0,12974.12,3.2451525762881444,133795.51,1
ASN-9408,Air,Vietnam,HETERO LABS LIMITED,EXW,5359.0,18473.57,3.447204702369845,368720.89,1
ASN-9423,Air,Mozambique,ABBVIE LOGISTICS (FORMERLY ABBOTT LOGISTICS BV),FCA,216.0,2698.28,12.492037037037038,7683.2,1
ASN-9436,Air,Tanzania,EMCURE PHARMACEUTICALS LTD,EXW,103.0,1308.4,12.702912621359225,29612.15,1
ASN-9447,Air,Sudan,"Orgenics, Ltd",EXW,60.0,2084.49,34.741499999999995,11570.0,1
ASN-9454,Air,Uganda,MERCK SHARP & DOHME IDEA GMBH (FORMALLY MERCK SHARP & DOHME B.V.),CIP,21.0,761.0,36.23809523809524,20404.5,1
ASN-9456,Ocean,South Africa,STRIDES ARCOLAB LIMITED,DDP,9173.0,13677.67,1.4910792543333697,467168.39,1
ASN-9477,Ocean,South Africa,Aurobindo Pharma Limited,DDP,3542.0,6660.05,1.8803077357425184,213449.68,1
ASN-9480,Ocean,South Africa,Aurobindo Pharma Limited,DDP,4364.0,4295.6,0.984326306141155,633803.11,1
ASN-9481,Ocean,South Africa,Aurobindo Pharma Limited,DDP,4416.0,7334.83,1.660966938405797,641375.0,1
ASN-9482,Ocean,South Africa,Aurobindo Pharma Limited,DDP,13690.0,15213.22,1.1112651570489407,975355.5,1
ASN-9483,Ocean,South Africa,Aurobindo Pharma Limited,DDP,10.0,19518.98,1951.898,541.2,1
ASN-9484,Ocean,South Africa,Aurobindo Pharma Limited,DDP,5491.0,15331.49,2.7921125478055,289770.51,1
ASN-9485,Ocean,South Africa,Aurobindo Pharma Limited,DDP,10980.0,15331.5,1.396311475409836,579405.12,1
ASN-9486,Ocean,South Africa,Aurobindo Pharma Limited,DDP,12410.0,10446.37,0.8417703464947623,540074.26,1
ASN-9487,Ocean,South Africa,Aurobindo Pharma Limited,DDP,9280.0,15331.51,1.6521023706896552,489824.37,1
ASN-9489,Ocean,South Africa,Aurobindo Pharma Limited,DDP,16260.0,17060.14,1.0492091020910208,95400.0,1
ASN-9490,Ocean,South Africa,Aurobindo Pharma Limited,DDP,17436.0,10446.36,0.5991259463179629,97493.28,1
ASN-95,Air,Zambia,Aurobindo Pharma Limited,EXW,316.0,3850.8,12.186075949367089,19071.3,1
ASN-9508,Ocean,South Africa,STRIDES ARCOLAB LIMITED,DDP,9019.0,13677.68,1.5165406364341945,459306.38,1
ASN-9509,Ocean,South Africa,STRIDES ARCOLAB LIMITED,DDP,10302.0,13677.69,1.3276732673267326,524650.23,1
ASN-9513,Ocean,South Africa,CIPLA LIMITED,DDP,20419.0,17267.14,0.8456408247220726,114400.0,1
ASN-9514,Ocean,South Africa,CIPLA LIMITED,DDP,7225.0,6038.21,0.8357384083044983,740104.34,1
ASN-9516,Air,Guatemala,Hoffmann-La Roche ltd Basel,FCA,33.0,660.3,20.009090909090908,44639.99,1
ASN-9546,Air,Kenya,"Orgenics, Ltd",EXW,1474.0,15687.32,10.642686567164178,762107.0,1
ASN-9547,Air,Kenya,"Orgenics, Ltd",EXW,1479.0,15519.77,10.493421230561191,764154.0,1
ASN-9548,Air,Kenya,"Orgenics, Ltd",EXW,783.0,9162.21,11.701417624521072,253561.0,1
ASN-9549,Air,Kenya,"Orgenics, Ltd",EXW,800.0,8826.0,11.0325,89.0,1
ASN-9550,Air,Kenya,"Orgenics, Ltd",EXW,1370.0,14515.01,10.594897810218978,89.0,1
ASN-9551,Air,Angola,"Orgenics, Ltd",EXW,865.0,13790.1,15.942312138728324,144000.0,1
ASN-9552,Air,Botswana,"Orgenics, Ltd",EXW,5.0,767.63,153.526,800.0,1
ASN-9567,Air,Ethiopia,Aurobindo Pharma Limited,EXW,236.0,1131.48,4.794406779661017,48800.0,1
ASN-9568,Air,Vietnam,MYLAN LABORATORIES LTD (FORMERLY MATRIX LABORATORIES),EXW,314.0,4885.33,15.558375796178344,33048.0,1
ASN-9578,Air,Guyana,IDIS LIMITED,DDU,59.0,180.0,3.0508474576271185,12501.0,1
ASN-9579,Ocean,South Africa,Aurobindo Pharma Limited,DDP,6564.0,12396.57,1.888569469835466,467701.15,1
ASN-9590,Air,Nigeria,ABBVIE LOGISTICS (FORMERLY ABBOTT LOGISTICS BV),FCA,520.0,3759.22,7.229269230769231,10472.28,1
ASN-9616,Ocean,South Africa,STRIDES ARCOLAB LIMITED,DDP,4194.0,17278.96,4.119923700524558,186756.64,1
ASN-9617,Ocean,South Africa,STRIDES ARCOLAB LIMITED,DDP,10859.0,17278.96,1.5912109770697116,494868.36,1
ASN-9635,Air,Botswana,"Trinity Biotech, Plc",EXW,17.0,617.79,36.34058823529411,1600.0,1
ASN-9640,Air,Angola,"Trinity Biotech, Plc",EXW,260.0,9597.9,36.915,16000.0,1
ASN-967,Air,Guyana,"Trinity Biotech, Plc",EXW,732.0,6524.19,8.912827868852458,71040.0,1
ASN-968,(blank),Guyana,ZEPHYR BIOMEDICALS,CIF,145.0,186.25,1.2844827586206897,14625.0,0
ASN-9692,Ocean,South Africa,CIPLA LIMITED,DDP,875.0,6038.22,6.900822857142858,89435.66,1
ASN-9693,Ocean,South Africa,CIPLA LIMITED,DDP,16729.0,25199.31,1.5063249447067966,443610.0,1
ASN-9694,Ocean,South Africa,CIPLA LIMITED,DDP,3950.0,6639.35,1.680848101265823,404766.31,1
ASN-9709,Air,Vietnam,ABBVIE LOGISTICS (FORMERLY ABBOTT LOGISTICS BV),FCA,51.0,4042.47,79.26411764705882,2478.12,1
ASN-9710,Air,Vietnam,ABBVIE LOGISTICS (FORMERLY ABBOTT LOGISTICS BV),FCA,55.0,3785.84,68.83345454545454,3717.18,1
ASN-9714,Air,South Africa,Aurobindo Pharma Limited,DDP,782.0,2534.68,3.2412787723785166,121448.0,1
ASN-9739,Air,Botswana,"SHANGHAI KEHUA BIOENGINEERING CO.,LTD.  (KHB)",EXW,16.0,486.18,30.38625,460.0,1
ASN-9740,Air,Botswana,"Standard Diagnostics, Inc.",EXW,14.0,706.18,50.44142857142857,800.0,1
ASN-9741,Air,Mozambique,"Orgenics, Ltd",EXW,28.0,1001.47,35.76678571428572,4739.7,1
ASN-9743,Air,Rwanda,"Orgenics, Ltd",EXW,1134.0,15367.03,13.551172839506174,388500.0,1
ASN-9751,Air,Nigeria,NOVARTIS PHARMA SERVICES AG,EXW,859.0,5810.56,6.764330616996508,48555.0,1
ASN-9759,Air,Haiti,Orasure Technologies Inc.,EXW,22.0,4625.81,210.26409090909092,44450.0,1
ASN-9798,Ocean,Rwanda,CIPLA LIMITED,EXW,5480.0,19123.35,3.489662408759124,587405.8,1
ASN-9832,Air,Guyana,"Trinity Biotech, Plc",EXW,659.0,9106.51,13.818679817905918,63200.0,1
ASN-9833,Air,Tanzania,"Trinity Biotech, Plc",EXW,10.0,910.73,91.07300000000001,960.0,1
ASN-9834,Air,Namibia,"Trinity Biotech, Plc",EXW,177.0,3496.34,19.753333333333334,16640.0,1
ASN-9835,Air,Mozambique,"Trinity Biotech, Plc",EXW,41.0,897.87,21.899268292682926,3456.0,1
ASN-9844,Ocean,South Africa,Aurobindo Pharma Limited,DDP,12208.0,13829.57,1.1328284731323721,869820.0,1
ASN-9845,Ocean,South Africa,Aurobindo Pharma Limited,DDP,11201.0,13084.26,1.1681332023926436,798000.0,1
ASN-9847,Ocean,South Africa,Aurobindo Pharma Limited,DDP,10346.0,3961.7,0.38292093562729557,59169.2,1
ASN-9855,Ocean,South Africa,CIPLA LIMITED,DDP,5624.0,7378.63,1.3119896870554766,565950.0,1
ASN-9856,Ocean,South Africa,CIPLA LIMITED,DDP,7092.0,7704.77,1.0864029892837,725150.02,1
ASN-9857,Air,Dominican Republic,Aurobindo Pharma Limited,EXW,2373.0,16173.9,6.815802781289507,323470.0,1
ASN-9870,Air,Rwanda,"Standard Diagnostics, Inc.",EXW,571.0,5161.55,9.039492119089317,38400.0,1
ASN-9882,Air,Côte d'Ivoire,ABBVIE LOGISTICS (FORMERLY ABBOTT LOGISTICS BV),FCA,5089.0,31318.31,6.154118687364905,733324.8,1
ASN-990,Air,Rwanda,ASPEN PHARMACARE,EXW,157.0,7922.24,50.46012738853503,27353.84,1
ASN-9922,Air,Tanzania,ABBVIE LOGISTICS (FORMERLY ABBOTT LOGISTICS BV),FCA,146.0,4701.1,32.199315068493156,12850.6,1
ASN-9923,Air,Dominican Republic,Aurobindo Pharma Limited,EXW,319.0,3026.24,9.486645768025078,66300.0,1
ASN-9932,Ocean,South Africa,Aurobindo Pharma Limited,DDP,2068.0,3961.69,1.91571083172147,11850.8,1
ASN-9934,Ocean,South Africa,Aurobindo Pharma Limited,DDP,5999.0,13829.58,2.305314219036506,427388.85,1
ASN-9935,Ocean,South Africa,Aurobindo Pharma Limited,DDP,3534.0,17919.41,5.07057441992077,513319.9,1
ASN-9938,Ocean,South Africa,Aurobindo Pharma Limited,DDP,6090.0,11203.81,1.8397060755336616,321367.26,1
ASN-9941,Ocean,South Africa,Aurobindo Pharma Limited,DDP,7698.0,11372.23,1.477296700441673,361507.95,1
ASN-9942,Ocean,South Africa,Aurobindo Pharma Limited,DDP,2275.0,3073.74,1.3510945054945054,209000.0,1
ASN-9943,Ocean,South Africa,Aurobindo Pharma Limited,DDP,11033.0,11203.81,1.0154817366083566,581955.51,1
ASN-9944,Ocean,South Africa,Aurobindo Pharma Limited,DDP,9374.0,11372.23,1.213167271175592,440222.76,1
ASN-9945,Ocean,South Africa,Aurobindo Pharma Limited,DDP,7765.0,4835.17,0.6226877012234385,451330.20999999996,1
ASN-9947,Ocean,South Africa,Aurobindo Pharma Limited,DDP,8635.0,11203.79,1.297485813549508,455677.23,1
ASN-9949,Ocean,South Africa,CIPLA LIMITED,DDP,7346.0,19261.02,2.6219738633269807,192858.75,1
ASN-9950,Ocean,South Africa,CIPLA LIMITED,DDP,2951.0,5567.75,1.8867333107421214,303849.98,1
ASN-9951,Ocean,South Africa,CIPLA LIMITED,DDP,9147.0,11314.2,1.2369301410298459,944306.44,1
ASN-9973,Air,Tanzania,"Standard Diagnostics, Inc.",EXW,507.0,4329.08,8.53861932938856,30400.0,1
ASN-9987,Air,Côte d'Ivoire,MYLAN LABORATORIES LTD (FORMERLY MATRIX LABORATORIES),EXW,492.0,5150.82,10.469146341463414,94080.0,1
ASN-9989,Air,Côte d'Ivoire,ABBVIE LOGISTICS (FORMERLY ABBOTT LOGISTICS BV),FCA,507.0,4520.66,8.916489151873767,27495.9,1
DN-100,Air,Rwanda,SCMS from RDC,N/A - From RDC,120.0,11609.31,96.74425,6968.92,1
DN-1001,Air,Côte d'Ivoire,SCMS from RDC,N/A - From RDC,448.0,2605.77,5.816450892857143,2520.0,1
DN-1002,Air,Mozambique,SCMS from RDC,N/A - From RDC,256.0,2765.64,10.80328125,0.0,1
DN-1003,Air,Ethiopia,SCMS from RDC,N/A - From RDC,229.0,1774.3,7.7480349344978166,39500.0,1
DN-1004,Air,Pakistan,SCMS from RDC,N/A - From RDC,19.0,851.24,44.8021052631579,2320.0,1
DN-1005,Truck,Zambia,SCMS from RDC,N/A - From RDC,2809.0,3629.37,1.2920505517977927,170000.0,1
DN-1006,Truck,Zambia,SCMS from RDC,N/A - From RDC,2503.0,3629.37,1.4500079904115062,151068.8,1
DN-1007,Air,Côte d'Ivoire,SCMS from RDC,N/A - From RDC,182.0,1409.26,7.743186813186814,28245.2,1
DN-1008,Air,Nigeria,SCMS from RDC,N/A - From RDC,127.0,4984.4,39.24724409448819,4826.92,1
DN-1009,Air,Nigeria,SCMS from RDC,N/A - From RDC,231.0,4401.4,19.05367965367965,8343.6,1
DN-1010,Air,Nigeria,SCMS from RDC,N/A - From RDC,1072.0,8504.72,7.933507462686567,109327.05,1
DN-1011,Air,Nigeria,SCMS from RDC,N/A - From RDC,85.0,1266.05,14.894705882352941,4492.8,1
DN-1012,Air,Nigeria,SCMS from RDC,N/A - From RDC,262.0,2426.8,9.26259541984733,25993.0,1
DN-1013,Air,Nigeria,SCMS from RDC,N/A - From RDC,4.0,857.17,214.2925,50.4,1
DN-1014,Air,Nigeria,SCMS from RDC,N/A - From RDC,878.0,4401.4,5.012984054669704,262500.0,1
DN-1015,Truck,Zimbabwe,SCMS from RDC,N/A - From RDC,8855.0,29883.7,3.3747826086956523,626440.0,1
DN-1017,Air,Guyana,SCMS from RDC,N/A - From RDC,49.0,1465.71,29.912448979591836,4504.4,1
DN-1018,Air,Haiti,SCMS from RDC,N/A - From RDC,404.0,5866.29,14.520519801980198,23571.0,1
DN-1019,Air,Côte d'Ivoire,SCMS from RDC,N/A - From RDC,2177.0,5127.91,2.355493798805696,12180.0,1
DN-1020,Air,Côte d'Ivoire,SCMS from RDC,N/A - From RDC,2096.0,19495.73,9.301397900763359,138888.0,1
DN-1022,Air,Haiti,SCMS from RDC,N/A - From RDC,598.0,6338.09,10.598812709030101,3030.5,1
DN-1024,Air,Mozambique,SCMS from RDC,N/A - From RDC,1448.0,3613.31,2.495379834254144,149244.4,1
DN-1025,Air,Mozambique,SCMS from RDC,N/A - From RDC,66.0,772.04,11.697575757575757,6732.0,1
DN-1026,Air,Nigeria,SCMS from RDC,N/A - From RDC,521.0,4608.92,8.846295585412667,12207.8,1
DN-1027,Air,Ethiopia,SCMS from RDC,N/A - From RDC,1787.0,10073.76,5.6372467823167325,271560.0,1
DN-1028,Truck,Zambia,SCMS from RDC,N/A - From RDC,76.0,1062.5,13.980263157894736,10546.1,1
DN-1029,Air,Zambia,SCMS from RDC,N/A - From RDC,132.0,1659.48,12.571818181818182,18793.9,1
DN-1030,Air,Côte d'Ivoire,SCMS from RDC,N/A - From RDC,620.0,2739.3,4.418225806451614,63449.1,1
DN-1031,Air,Côte d'Ivoire,SCMS from RDC,N/A - From RDC,2506.0,23382.04,9.330422984836392,254544.4,1
DN-1034,Air,Mozambique,SCMS from RDC,N/A - From RDC,6036.0,3671.92,0.608336646785951,564313.4,1
DN-1035,Air,Mozambique,SCMS from RDC,N/A - From RDC,9228.0,3671.92,0.3979107065452969,900000.0,1
DN-1036,Air,Mozambique,SCMS from RDC,N/A - From RDC,2382.0,3671.92,1.5415281276238455,230882.4,1
DN-1037,Air,Ethiopia,SCMS from RDC,N/A - From RDC,692.0,4983.22,7.201184971098266,3809.5,1
DN-1039,Air,Nigeria,SCMS from RDC,N/A - From RDC,273.0,7363.74,26.973406593406594,6392.2,1
DN-104,(blank),Zambia,SCMS from RDC,N/A - From RDC,4680.0,19288.91,4.121561965811966,518127.25,0
DN-1043,Air,Uganda,SCMS from RDC,N/A - From RDC,2283.0,13586.1,5.950985545335086,236000.0,1
DN-1044,Truck,Zimbabwe,SCMS from RDC,N/A - From RDC,8912.0,35513.01,3.9848530071813286,626440.0,1
DN-1045,Truck,Nigeria,SCMS from RDC,N/A - From RDC,58.0,7363.73,126.96086206896551,1329.9,1
DN-1046,Air,Côte d'Ivoire,SCMS from RDC,N/A - From RDC,1567.0,21821.95,13.92594128908743,83304.0,1
DN-1047,Air,Côte d'Ivoire,SCMS from RDC,N/A - From RDC,1456.0,5048.32,3.467252747252747,131120.0,1
DN-1050,Air,Nigeria,SCMS from RDC,N/A - From RDC,2873.0,7363.73,2.5630804037591366,858270.0,1
DN-1051,Air,Ethiopia,SCMS from RDC,N/A - From RDC,1689.0,9189.57,5.440834813499111,163176.16,1
DN-1052,Air,Ethiopia,SCMS from RDC,N/A - From RDC,4593.0,16901.37,3.6798105813193986,556399.7,1
DN-1054,Air,Mozambique,SCMS from RDC,N/A - From RDC,7011.0,7199.72,1.026917700755955,669117.6,1
DN-1055,Air,Mozambique,SCMS from RDC,N/A - From RDC,8693.0,6757.33,0.7773300356608766,828936.0,1
DN-1056,Truck,Zambia,SCMS from RDC,N/A - From RDC,9000.0,14036.31,1.55959,2625000.0,1
DN-1057,Air,Nigeria,SCMS from RDC,N/A - From RDC,1169.0,13538.35,11.5811377245509,154000.0,1
DN-1058,Air,Nigeria,SCMS from RDC,N/A - From RDC,5197.0,21895.01,4.213009428516451,743730.0,1
DN-1059,Air,Nigeria,SCMS from RDC,N/A - From RDC,192.0,13538.35,70.51223958333334,82684.05,1
DN-1060,Air,Ethiopia,SCMS from RDC,N/A - From RDC,5147.0,29336.46,5.699720225374004,515898.36,1
DN-1061,Air,Ethiopia,SCMS from RDC,N/A - From RDC,2002.0,10460.94,5.225244755244756,296579.74,1
DN-1062,Air,Ethiopia,SCMS from RDC,N/A - From RDC,14450.0,14144.68,0.9788705882352942,1140674.1,1
DN-1063,Air,Nigeria,SCMS from RDC,N/A - From RDC,1.0,165.0,165.0,105.2,1
DN-1066,Air,Nigeria,SCMS from RDC,N/A - From RDC,563.0,3852.55,6.842895204262878,38605.8,1
DN-1068,Air,Uganda,SCMS from RDC,N/A - From RDC,152.0,1340.96,8.822105263157894,19217.0,1
DN-1069,Air,Côte d'Ivoire,SCMS from RDC,N/A - From RDC,933.0,3409.91,3.6547802786709536,55476.16,1
DN-1072,Air,Côte d'Ivoire,SCMS from RDC,N/A - From RDC,187.0,5110.42,27.328449197860962,76740.0,1
DN-1073,Truck,Tanzania,SCMS from RDC,N/A - From RDC,1592.0,6708.25,4.213724874371859,71689.85,1
DN-1074,Air,Rwanda,SCMS from RDC,N/A - From RDC,544.0,5029.05,9.244577205882353,25693.2,1
DN-1075,Truck,Tanzania,SCMS from RDC,N/A - From RDC,70.0,1169.9,16.712857142857143,15011.0,1
DN-1077,Air,Uganda,SCMS from RDC,N/A - From RDC,1657.0,9995.55,6.03231744115872,172280.0,1
DN-1079,Air,Nigeria,SCMS from RDC,N/A - From RDC,176.0,3680.33,20.91096590909091,24178.36,1
DN-1080,Air,Nigeria,SCMS from RDC,N/A - From RDC,1146.0,3680.33,3.211457242582897,148203.0,1
DN-1081,Air,Nigeria,SCMS from RDC,N/A - From RDC,102.0,3680.33,36.08166666666666,10434.6,1
DN-1082,Air,Uganda,SCMS from RDC,N/A - From RDC,3.0,978.92,326.3066666666667,395.0,1
DN-1083,Air,Uganda,SCMS from RDC,N/A - From RDC,145.0,1742.25,12.01551724137931,34289.1,1
DN-1084,Air,Uganda,SCMS from RDC,N/A - From RDC,177.0,2151.27,12.15406779661017,14904.3,1
DN-1087,Air,Côte d'Ivoire,SCMS from RDC,N/A - From RDC,2113.0,5574.06,2.6379839091339328,67698.0,1
DN-1089,Air,Côte d'Ivoire,SCMS from RDC,N/A - From RDC,115.0,1297.57,11.283217391304348,1680.0,1
DN-1091,Air,Ethiopia,SCMS from RDC,N/A - From RDC,403.0,1719.65,4.2671215880893305,43800.0,1
DN-1092,Air,Uganda,SCMS from RDC,N/A - From RDC,215.0,2408.91,11.204232558139534,22337.4,1
DN-1093,Air,Uganda,SCMS from RDC,N/A - From RDC,10.0,1002.2,100.22,1038.4,1
DN-1094,Air,Uganda,SCMS from RDC,N/A - From RDC,1.0,966.37,966.37,99.0,1
DN-1097,Air,Côte d'Ivoire,SCMS from RDC,N/A - From RDC,483.0,7293.9,15.101242236024843,3450.3,1
DN-1098,Air,Côte d'Ivoire,SCMS from RDC,N/A - From RDC,209.0,5463.97,26.143397129186603,11593.92,1
DN-110,Air,Rwanda,SCMS from RDC,N/A - From RDC,3450.0,20896.5,6.056956521739131,383860.74,1
DN-1100,Air,Haiti,SCMS from RDC,N/A - From RDC,2085.0,23866.2,11.446618705035972,21531.32,1
DN-1103,Truck,Kenya,SCMS from RDC,N/A - From RDC,241.0,188.0,0.7800829875518672,24000.0,1
DN-1105,Air,Ethiopia,SCMS from RDC,N/A - From RDC,1435.0,9138.0,6.36794425087108,259600.0,1
DN-1106,Air,Nigeria,SCMS from RDC,N/A - From RDC,739.0,6315.3,8.54573748308525,17270.1,1
DN-1107,Air,Ethiopia,SCMS from RDC,N/A - From RDC,3190.0,14732.36,4.618294670846395,298484.64,1
DN-1109,Air,Haiti,SCMS from RDC,N/A - From RDC,47.0,1432.88,30.4868085106383,11452.5,1
DN-111,(blank),Haiti,SCMS from RDC,N/A - From RDC,24.0,1027.0,42.791666666666664,4000.0,0
DN-1110,Air,Ethiopia,SCMS from RDC,N/A - From RDC,3146.0,14538.36,4.621220597584234,325538.4,1
DN-1111,Air,Zambia,SCMS from RDC,N/A - From RDC,581.0,3238.0,5.573149741824441,79000.0,1
DN-1112,Air,Côte d'Ivoire,SCMS from RDC,N/A - From RDC,77.0,1286.0,16.7012987012987,1120.0,1
DN-1115,Truck,Zimbabwe,SCMS from RDC,N/A - From RDC,8848.0,37040.86,4.186353978300181,626440.0,1
DN-1116,Air,Zambia,SCMS from RDC,N/A - From RDC,8645.0,14041.17,1.6241954887218044,1100000.0,1
DN-1117,Air,Rwanda,SCMS from RDC,N/A - From RDC,1364.0,21215.4,15.553812316715543,131400.0,1
DN-1118,Air,Rwanda,SCMS from RDC,N/A - From RDC,404.0,5637.82,13.955,23760.0,1
DN-1120,Air,Côte d'Ivoire,SCMS from RDC,N/A - From RDC,4156.0,11180.32,2.6901636188642923,392286.42,1
DN-1122,Air,Côte d'Ivoire,SCMS from RDC,N/A - From RDC,2583.0,7608.7,2.945683313975997,267634.4,1
DN-1124,Air Charter,Nigeria,SCMS from RDC,N/A - From RDC,1871.0,11492.86,6.142629609834313,114136.37000000001,1
DN-1125,Air,Uganda,SCMS from RDC,N/A - From RDC,291.0,1755.0,6.030927835051546,87727.5,1
DN-1128,Air,Côte d'Ivoire,SCMS from RDC,N/A - From RDC,2803.0,8669.38,3.0928933285765248,512928.0,1
DN-1129,Air,Nigeria,SCMS from RDC,N/A - From RDC,249.0,6443.61,25.877951807228914,75363.75,1
DN-1130,Air,Nigeria,SCMS from RDC,N/A - From RDC,14.0,6443.61,460.2578571428571,3753.75,1
DN-1131,Air,Nigeria,SCMS from RDC,N/A - From RDC,62.0,6443.61,103.92919354838709,17377.5,1
DN-1132,Air,Nigeria,SCMS from RDC,N/A - From RDC,76.0,6443.61,84.78434210526315,22916.25,1
DN-1133,Air,Nigeria,SCMS from RDC,N/A - From RDC,35.0,6443.61,184.10314285714284,8557.5,1
DN-1134,Air Charter,Nigeria,SCMS from RDC,N/A - From RDC,7189.0,11492.86,1.5986729725970232,728916.0,1
DN-1135,Air Charter,Nigeria,SCMS from RDC,N/A - From RDC,1793.0,11492.86,6.409849414389292,181761.6,1
DN-1136,Air Charter,Nigeria,SCMS from RDC,N/A - From RDC,1311.0,11492.86,8.766483600305111,132935.4,1
DN-1139,Air Charter,Nigeria,SCMS from RDC,N/A - From RDC,5553.0,11492.86,2.069666846749505,562989.0,1
DN-114,(blank),Zambia,SCMS from RDC,N/A - From RDC,899.0,5245.98,5.8353503893214675,389838.75,0
DN-1140,Air Charter,Nigeria,SCMS from RDC,N/A - From RDC,7627.0,11492.86,1.5068650845679823,773398.8,1
DN-1141,Air Charter,Nigeria,SCMS from RDC,N/A - From RDC,506.0,22985.72,45.42632411067194,51311.4,1
DN-1142,Air Charter,Nigeria,SCMS from RDC,N/A - From RDC,485.0,22985.73,47.39325773195876,49179.6,1
DN-1143,Air,Uganda,SCMS from RDC,N/A - From RDC,6556.0,5401.95,0.823970408785845,73614.75,1
DN-1144,Air,Nigeria,SCMS from RDC,N/A - From RDC,3273.0,6443.63,1.968722884204094,988732.5,1
DN-1145,Air,Haiti,SCMS from RDC,N/A - From RDC,83.0,1608.72,19.382168674698796,3239.04,1
DN-1147,Air,Pakistan,SCMS from RDC,N/A - From RDC,16.0,1764.93,110.308125,3580.0,1
DN-115,(blank),Zimbabwe,SCMS from RDC,N/A - From RDC,87.0,907.41,10.43,16440.0,0
DN-1150,Air,Mozambique,SCMS from RDC,N/A - From RDC,52.0,1287.77,24.76480769230769,1644.0,1
DN-1152,Air,Côte d'Ivoire,SCMS from RDC,N/A - From RDC,3155.0,9021.82,2.8595309033280505,264083.24,1
DN-1155,Air,Nigeria,SCMS from RDC,N/A - From RDC,1481.0,14974.4,10.111006076975016,448008.75,1
DN-1156,Air Charter,Nigeria,SCMS from RDC,N/A - From RDC,2993.0,15128.37,5.054584029401938,303422.4,1
DN-116,(blank),Nigeria,SCMS from RDC,N/A - From RDC,1699.0,8526.94,5.018799293702178,141750.0,0
DN-1165,Air,Nigeria,SCMS from RDC,N/A - From RDC,5.0,286.65,57.33,1312.5,1
DN-1166,Air Charter,Nigeria,SCMS from RDC,N/A - From RDC,2267.0,15128.37,6.673299514777239,292274.32,1
DN-1167,Air,Rwanda,SCMS from RDC,N/A - From RDC,327.0,1762.5,5.389908256880734,15579.4,1
DN-1168,Truck,Zimbabwe,SCMS from RDC,N/A - From RDC,8523.0,35673.58,4.185566115217647,610440.0,1
DN-1169,Air,Rwanda,SCMS from RDC,N/A - From RDC,404.0,3366.98,8.33410891089109,22050.0,1
DN-1170,Air,Côte d'Ivoire,SCMS from RDC,N/A - From RDC,294.0,5432.93,18.4793537414966,15777.0,1
DN-1171,Air,Côte d'Ivoire,SCMS from RDC,N/A - From RDC,125.0,1328.03,10.62424,5280.0,1
DN-1172,Air,Nigeria,SCMS from RDC,N/A - From RDC,24.0,1547.94,64.4975,793.6,1
DN-1173,Air,Haiti,SCMS from RDC,N/A - From RDC,98.0,1763.84,17.998367346938775,4110.0,1
DN-1174,Air,Mozambique,SCMS from RDC,N/A - From RDC,23.0,968.55,42.11086956521739,1409.4,1
DN-1175,Air,Mozambique,SCMS from RDC,N/A - From RDC,1320.0,6759.55,5.120871212121212,127534.4,1
DN-1176,Air,Mozambique,SCMS from RDC,N/A - From RDC,227.0,1943.05,8.559691629955948,41787.2,1
DN-1177,Air,Mozambique,SCMS from RDC,N/A - From RDC,42.0,1217.37,28.984999999999996,976.5,1
DN-1178,Truck,Zambia,SCMS from RDC,N/A - From RDC,5144.0,13853.29,2.6930968118195957,660000.0,1
DN-118,(blank),Nigeria,SCMS from RDC,N/A - From RDC,725.0,4104.5,5.661379310344827,116050.5,0
DN-1180,Truck,Tanzania,SCMS from RDC,N/A - From RDC,5712.0,5873.0,1.0281862745098038,1546028.55,1
DN-1181,Truck,Mozambique,SCMS from RDC,N/A - From RDC,10053.0,10211.52,1.015768427335124,972000.0,1
DN-1182,Air,Nigeria,SCMS from RDC,N/A - From RDC,60.0,1981.1,33.01833333333333,3414.4,1
DN-1183,Air Charter,Nigeria,SCMS from RDC,N/A - From RDC,3162.0,15128.37,4.784430740037951,327250.0,1
DN-1184,Air,Nigeria,SCMS from RDC,N/A - From RDC,318.0,3515.96,11.056477987421383,18412.8,1
DN-1194,Air,Nigeria,SCMS from RDC,N/A - From RDC,298.0,2922.53,9.807147651006712,89040.0,1
DN-1195,Air,Mozambique,SCMS from RDC,N/A - From RDC,3218.0,15990.35,4.969033561218148,310245.6,1
DN-1196,Air Charter,Nigeria,SCMS from RDC,N/A - From RDC,8016.0,15128.37,1.8872717065868265,814210.8,1
DN-1197,Air,Uganda,SCMS from RDC,N/A - From RDC,19.0,1381.64,72.71789473684211,3288.0,1
DN-1198,Air,Nigeria,SCMS from RDC,N/A - From RDC,235.0,2922.53,12.436297872340427,54258.75,1
DN-1199,Air Charter,Nigeria,SCMS from RDC,N/A - From RDC,7798.0,15128.37,1.9400320595024367,792197.4,1
DN-120,(blank),Zambia,SCMS from RDC,N/A - From RDC,265.0,1483.3,5.597358490566037,70805.0,0
DN-1201,Air Charter,Nigeria,SCMS from RDC,N/A - From RDC,6024.0,15128.37,2.5113496015936256,611849.4,1
DN-1202,Air,Nigeria,SCMS from RDC,N/A - From RDC,1564.0,16864.58,10.782979539641945,470741.25,1
DN-1203,Air Charter,Nigeria,SCMS from RDC,N/A - From RDC,905.0,15128.37,16.71643093922652,93500.0,1
DN-1205,Air,Haiti,SCMS from RDC,N/A - From RDC,199.0,3133.23,15.744874371859297,12541.2,1
DN-1206,Ocean,Nigeria,SCMS from RDC,N/A - From RDC,1626.0,17096.24,10.51429274292743,152007.6,1
DN-1209,Air Charter,Nigeria,SCMS from RDC,N/A - From RDC,3415.0,15128.37,4.429976573938506,346742.4,1
DN-121,Air,Mozambique,SCMS from RDC,N/A - From RDC,221.0,710.68,3.215746606334841,30453.8,1
DN-1210,Air,Nigeria,SCMS from RDC,N/A - From RDC,1901.0,18638.84,9.804755391899,190357.2,1
DN-1211,Air,Nigeria,SCMS from RDC,N/A - From RDC,1079.0,10823.52,10.03106580166821,108106.2,1
DN-1212,Air Charter,Nigeria,SCMS from RDC,N/A - From RDC,2096.0,15128.37,7.217733778625955,275896.5,1
DN-1213,Air,Guyana,SCMS from RDC,N/A - From RDC,28.0,1047.24,37.401428571428575,3770.19,1
DN-1214,Air,Zimbabwe,SCMS from RDC,N/A - From RDC,305.0,2698.04,8.846032786885246,16000.0,1
DN-1215,Air,Mozambique,SCMS from RDC,N/A - From RDC,7113.0,3599.76,0.506081822016027,468072.0,1
DN-1216,Air Charter,Nigeria,SCMS from RDC,N/A - From RDC,235.0,15128.37,64.3760425531915,67226.25,1
DN-1217,Air Charter,Nigeria,SCMS from RDC,N/A - From RDC,2561.0,15128.47,5.907251073799297,720273.75,1
DN-1218,Air,Haiti,SCMS from RDC,N/A - From RDC,28.0,988.24,35.294285714285714,1662.08,1
DN-1219,Air,Haiti,SCMS from RDC,N/A - From RDC,631.0,7584.12,12.019207606973058,71179.56,1
DN-122,(blank),Zambia,SCMS from RDC,N/A - From RDC,4436.0,18375.7,4.142403065825068,850621.12,0
DN-1220,Air,Côte d'Ivoire,SCMS from RDC,N/A - From RDC,540.0,4881.06,9.039000000000001,56729.76,1
DN-1221,Air,Haiti,SCMS from RDC,N/A - From RDC,2034.0,23441.88,11.525014749262537,112295.66,1
DN-1222,Air,Uganda,SCMS from RDC,N/A - From RDC,76.0,1954.23,25.71355263157895,8769.64,1
DN-1223,Air,Uganda,SCMS from RDC,N/A - From RDC,28.0,1180.71,42.168214285714285,6825.0,1
DN-1224,Air,Uganda,SCMS from RDC,N/A - From RDC,5.0,537.32,107.46400000000001,219.6,1
DN-1225,Air,Uganda,SCMS from RDC,N/A - From RDC,4.0,526.41,131.6025,89.4,1
DN-1226,Air,Uganda,SCMS from RDC,N/A - From RDC,67.0,1122.87,16.759253731343282,6000.6,1
DN-1227,Air,Uganda,SCMS from RDC,N/A - From RDC,23.0,1152.63,50.11434782608696,4110.0,1
DN-1228,Truck,Zambia,SCMS from RDC,N/A - From RDC,3279.0,8288.78,2.527837755413236,440000.0,1
DN-123,Air,Mozambique,SCMS from RDC,N/A - From RDC,45.0,348.09,7.735333333333333,13251.6,1
DN-1231,Truck,Mozambique,SCMS from RDC,N/A - From RDC,3545.0,3599.76,1.0154471086036672,250928.34000000003,1
DN-1232,Air,Uganda,SCMS from RDC,N/A - From RDC,14.0,1375.36,98.24,33670.740000000005,1
DN-1234,Air,Côte d'Ivoire,SCMS from RDC,N/A - From RDC,3337.0,9936.96,2.9778124063530114,318700.8,1
DN-1237,Air,Swaziland,SCMS from RDC,N/A - From RDC,239.0,2393.34,10.01397489539749,22721.04,1
DN-1238,Air,Swaziland,SCMS from RDC,N/A - From RDC,1787.0,12798.04,7.1617459429210975,183648.41,1
DN-1239,Truck,Zambia,SCMS from RDC,N/A - From RDC,7735.0,15922.67,2.0585223012281837,1100000.0,1
DN-124,Air,Mozambique,SCMS from RDC,N/A - From RDC,105.0,348.09,3.315142857142857,10275.0,1
DN-1240,Truck,Zambia,SCMS from RDC,N/A - From RDC,7736.0,10069.54,1.3016468459152017,1100000.0,1
DN-1242,Air,Côte d'Ivoire,SCMS from RDC,N/A - From RDC,545.0,2280.64,4.184660550458715,16803.0,1
DN-1244,Air Charter,Nigeria,SCMS from RDC,N/A - From RDC,1165.0,7329.83,6.29169957081545,69158.34,1
DN-1245,Air Charter,Nigeria,SCMS from RDC,N/A - From RDC,789.0,7329.83,9.290025348542459,17880.0,1
DN-1250,Truck,Zambia,SCMS from RDC,N/A - From RDC,10681.0,17384.76,1.6276341166557438,807549.1000000001,1
DN-1251,Air,Namibia,SCMS from RDC,N/A - From RDC,419.0,2317.2,5.530310262529833,50000.0,1
DN-1253,Air,Uganda,SCMS from RDC,N/A - From RDC,1273.0,7493.5,5.886488609583661,117710.85,1
DN-1254,Air,Uganda,SCMS from RDC,N/A - From RDC,289.0,2798.7,9.684083044982698,27732.4,1
DN-1256,Air,Uganda,SCMS from RDC,N/A - From RDC,147.0,1848.59,12.575442176870748,13109.25,1
DN-1257,Air,Nigeria,SCMS from RDC,N/A - From RDC,148.0,1012.18,6.839054054054054,15303.72,1
DN-126,Air,Mozambique,SCMS from RDC,N/A - From RDC,193.0,478.51,2.4793264248704663,2567.5,1
DN-1260,Air,Nigeria,SCMS from RDC,N/A - From RDC,27.0,1012.18,37.48814814814815,2312.64,1
DN-1261,Air Charter,Nigeria,SCMS from RDC,N/A - From RDC,21.0,7329.83,349.0395238095238,2431.26,1
DN-1262,Air,Uganda,SCMS from RDC,N/A - From RDC,6.0,1053.86,175.64333333333332,809.55,1
DN-1263,Air Charter,Nigeria,SCMS from RDC,N/A - From RDC,1984.0,7329.83,3.694470766129032,178000.0,1
DN-127,Air,Tanzania,SCMS from RDC,N/A - From RDC,2630.0,13820.4,5.254904942965779,304508.16,1
DN-1276,Air Charter,Nigeria,SCMS from RDC,N/A - From RDC,89.0,7329.83,82.35764044943821,20000.0,1
DN-1277,Air Charter,Nigeria,SCMS from RDC,N/A - From RDC,966.0,7329.83,7.587815734989648,126500.0,1
DN-1278,Air,Haiti,SCMS from RDC,N/A - From RDC,83.0,7789.85,93.85361445783133,3198.72,1
DN-1279,Air,Haiti,SCMS from RDC,N/A - From RDC,1133.0,7789.85,6.875419240953222,5827.2,1
DN-128,(blank),Guyana,SCMS from RDC,N/A - From RDC,32.0,944.67,29.5209375,8000.0,0
DN-1280,Air,Haiti,SCMS from RDC,N/A - From RDC,827.0,7789.88,9.41944377267231,4293.36,1
DN-1281,Air,Uganda,SCMS from RDC,N/A - From RDC,50.0,1359.4,27.188000000000002,9042.0,1
DN-1282,Air,Uganda,SCMS from RDC,N/A - From RDC,486.0,3338.35,6.8690329218107,52560.0,1
DN-1283,Air,Haiti,SCMS from RDC,N/A - From RDC,111.0,12448.02,112.14432432432433,56250.0,1
DN-1284,Air,Zambia,SCMS from RDC,N/A - From RDC,341.0,2219.27,6.508123167155425,46260.0,1
DN-1285,Truck,Zambia,SCMS from RDC,N/A - From RDC,7101.0,16702.26,2.352099704267004,1058000.0,1
DN-1286,Air,Zambia,SCMS from RDC,N/A - From RDC,481.0,2951.12,6.135384615384615,61040.0,1
DN-1287,Air,Uganda,SCMS from RDC,N/A - From RDC,1894.0,13293.41,7.018695881731785,177306.6,1
DN-1289,Truck,Zimbabwe,SCMS from RDC,N/A - From RDC,8955.0,14958.2,1.6703740926856505,599600.0,1
DN-129,(blank),Zambia,SCMS from RDC,N/A - From RDC,8169.0,33572.78,4.109778430652466,979834.32,0
DN-1290,Air Charter,Nigeria,SCMS from RDC,N/A - From RDC,2094.0,7329.83,3.500396370582617,637061.25,1
DN-1291,Air Charter,Nigeria,SCMS from RDC,N/A - From RDC,361.0,7329.83,20.304238227146815,36366.0,1
DN-1292,Air Charter,Nigeria,SCMS from RDC,N/A - From RDC,452.0,7329.83,16.216438053097345,45531.6,1
DN-1293,Air,Uganda,SCMS from RDC,N/A - From RDC,1312.0,14569.14,11.10452743902439,119900.32,1
DN-1294,Air Charter,Nigeria,SCMS from RDC,N/A - From RDC,2363.0,7329.83,3.101917054591621,716992.5,1
DN-1295,Air Charter,Nigeria,SCMS from RDC,N/A - From RDC,2970.0,7329.83,2.467956228956229,284800.0,1
DN-1296,Air Charter,Nigeria,SCMS from RDC,N/A - From RDC,3364.0,7329.83,2.1789030915576695,357380.0,1
DN-1297,Air,Côte d'Ivoire,SCMS from RDC,N/A - From RDC,186.0,1660.07,8.92510752688172,56700.0,1
DN-13,Air,Mozambique,SCMS from RDC,N/A - From RDC,1669.0,859.14,0.5147633313361294,61980.62,1
DN-1300,Air,Uganda,SCMS from RDC,N/A - From RDC,327.0,2737.97,8.372996941896023,38051.25,1
DN-1301,Air,Zambia,SCMS from RDC,N/A - From RDC,133.0,1759.21,13.227142857142857,16679.18,1
DN-1302,Air,Guyana,SCMS from RDC,N/A - From RDC,47.0,1000.51,21.287446808510637,6245.1,1
DN-1303,Air,Uganda,SCMS from RDC,N/A - From RDC,1587.0,11206.84,7.061650913673598,106125.64,1
DN-1305,Air,Mozambique,SCMS from RDC,N/A - From RDC,376.0,2342.92,6.231170212765957,29792.0,1
DN-1308,Air,Côte d'Ivoire,SCMS from RDC,N/A - From RDC,1208.0,4329.01,3.5836175496688742,6650.0,1
DN-1309,Air,Haiti,SCMS from RDC,N/A - From RDC,2359.0,26714.63,11.324557015684613,226218.24,1
DN-1311,Air Charter,Nigeria,SCMS from RDC,N/A - From RDC,112.0,7445.8,66.48035714285714,6018.43,1
DN-1312,Air,Nigeria,SCMS from RDC,N/A - From RDC,2.0,714.34,357.17,114.54,1
DN-1313,Air,Côte d'Ivoire,SCMS from RDC,N/A - From RDC,786.0,11032.42,14.03615776081425,39824.0,1
DN-1314,Air,Côte d'Ivoire,SCMS from RDC,N/A - From RDC,1866.0,6111.2,3.2750267952840297,259621.2,1
DN-1315,Air,Côte d'Ivoire,SCMS from RDC,N/A - From RDC,2634.0,6111.21,2.320125284738041,215682.12,1
DN-1316,Truck,Namibia,SCMS from RDC,N/A - From RDC,2068.0,8502.12,4.111276595744681,250000.0,1
DN-1319,Truck,Zambia,SCMS from RDC,N/A - From RDC,2876.0,4506.18,1.5668219749652297,407649.0,1
DN-132,(blank),Nigeria,SCMS from RDC,N/A - From RDC,1238.0,6433.28,5.196510500807754,121168.0,0
DN-1320,Air,Uganda,SCMS from RDC,N/A - From RDC,120.0,1670.63,13.921916666666668,11420.48,1
DN-1322,Air,Uganda,SCMS from RDC,N/A - From RDC,322.0,3017.15,9.370031055900622,30900.8,1
DN-1324,Air,Zambia,SCMS from RDC,N/A - From RDC,1921.0,2448.71,1.2747058823529411,244860.0,1
DN-1325,Truck,Zambia,SCMS from RDC,N/A - From RDC,7579.0,6759.28,0.8918432510885341,1058000.0,1
DN-1326,Truck,Zambia,SCMS from RDC,N/A - From RDC,987.0,2448.71,2.4809625126646404,140140.0,1
DN-1327,Truck,Zambia,SCMS from RDC,N/A - From RDC,9022.0,4506.18,0.4994657503879406,960000.0,1
DN-1328,Truck,Zambia,SCMS from RDC,N/A - From RDC,4414.0,4506.2,1.020888083371092,285697.12,1
DN-1329,Truck,Zambia,SCMS from RDC,N/A - From RDC,2604.0,2448.71,0.9403648233486943,249200.0,1
DN-1332,Truck,Mozambique,SCMS from RDC,N/A - From RDC,2078.0,2400.25,1.1550769971126083,114161.2,1
DN-1333,Air,Nigeria,SCMS from RDC,N/A - From RDC,35.0,1567.51,44.786,3433.16,1
DN-1334,Air,Mozambique,SCMS from RDC,N/A - From RDC,31.0,1047.04,33.77548387096774,700.3,1
DN-1335,Air,Côte d'Ivoire,SCMS from RDC,N/A - From RDC,722.0,2787.55,3.8608725761772855,36772.0,1
DN-1336,Air,Mozambique,SCMS from RDC,N/A - From RDC,18.0,423.89,23.549444444444443,551.3,1
DN-1338,Air Charter,Nigeria,SCMS from RDC,N/A - From RDC,654.0,7445.8,11.385015290519878,66120.0,1
DN-1339,Air Charter,Nigeria,SCMS from RDC,N/A - From RDC,507.0,7445.8,14.685996055226825,51311.4,1
DN-1340,Air Charter,Nigeria,SCMS from RDC,N/A - From RDC,486.0,7445.8,15.320576131687243,49179.6,1
DN-1341,Air Charter,Nigeria,SCMS from RDC,N/A - From RDC,143.0,7445.8,52.06853146853147,14455.2,1
DN-1342,Air Charter,Nigeria,SCMS from RDC,N/A - From RDC,2666.0,7445.8,2.7928732183045764,269838.0,1
DN-1343,Air Charter,Nigeria,SCMS from RDC,N/A - From RDC,2991.0,7445.8,2.489401537947175,302670.0,1
DN-1344,Air Charter,Nigeria,SCMS from RDC,N/A - From RDC,4724.0,7445.8,1.5761642675698562,478218.6,1
DN-1345,Air Charter,Nigeria,SCMS from RDC,N/A - From RDC,4724.0,7445.8,1.5761642675698562,478207.2,1
DN-1346,Air Charter,Nigeria,SCMS from RDC,N/A - From RDC,1977.0,7445.8,3.766211431461811,596662.5,1
DN-1347,Air Charter,Nigeria,SCMS from RDC,N/A - From RDC,21.0,7445.8,354.56190476190477,6300.0,1
DN-1348,Air Charter,Nigeria,SCMS from RDC,N/A - From RDC,58.0,7445.8,128.37586206896552,17377.5,1
DN-1349,Air Charter,Nigeria,SCMS from RDC,N/A - From RDC,76.0,7445.8,97.97105263157896,22916.25,1
DN-1350,Air Charter,Nigeria,SCMS from RDC,N/A - From RDC,13037.0,7445.8,0.571128327069111,3932880.0,1
DN-1351,Air Charter,Nigeria,SCMS from RDC,N/A - From RDC,59.0,7445.8,126.2,17613.75,1
DN-1354,Air,Côte d'Ivoire,SCMS from RDC,N/A - From RDC,434.0,1854.88,4.273917050691244,48697.2,1
DN-1355,Air,Côte d'Ivoire,SCMS from RDC,N/A - From RDC,19.0,1133.0,59.63157894736842,1874.64,1
DN-1356,Air,Côte d'Ivoire,SCMS from RDC,N/A - From RDC,687.0,1854.88,2.6999708879184863,176368.5,1
DN-1357,Air Charter,Côte d'Ivoire,SCMS from RDC,N/A - From RDC,229.0,1854.88,8.09991266375546,31881.6,1
DN-1358,Truck,Mozambique,SCMS from RDC,N/A - From RDC,9290.0,2400.26,0.25837029063509154,890000.0,1
DN-1360,Air Charter,Nigeria,SCMS from RDC,N/A - From RDC,54.0,7445.8,137.88518518518518,2939.6,1
DN-1361,Truck,Zambia,SCMS from RDC,N/A - From RDC,551.0,2448.71,4.444119782214156,74787.0,1
DN-1362,Truck,Zambia,SCMS from RDC,N/A - From RDC,629.0,8281.69,13.16643879173291,94786.74,1
DN-1363,Truck,Zambia,SCMS from RDC,N/A - From RDC,1970.0,6759.28,3.4311065989847713,307351.0,1
DN-1364,Air,Nigeria,SCMS from RDC,N/A - From RDC,2.0,675.47,337.735,210.84,1
DN-1367,Air Charter,Nigeria,SCMS from RDC,N/A - From RDC,1225.0,7445.71,6.078130612244898,290207.0,1
DN-1368,Truck,Tanzania,SCMS from RDC,N/A - From RDC,475.0,3588.34,7.5544,122007.3,1
DN-1369,Air,Uganda,SCMS from RDC,N/A - From RDC,202.0,1534.1,7.594554455445544,21199.2,1
DN-137,Air,Mozambique,SCMS from RDC,N/A - From RDC,2177.0,2912.01,1.3376251722553973,418800.25,1
DN-1371,Air,Haiti,SCMS from RDC,N/A - From RDC,39.0,6811.39,174.65102564102565,560.0,1
DN-1372,Air,Haiti,SCMS from RDC,N/A - From RDC,1038.0,11774.5,11.343448940269749,5789.7,1
DN-1373,Air,Haiti,SCMS from RDC,N/A - From RDC,1585.0,6811.39,4.297406940063092,25784.16,1
DN-1374,Air,Haiti,SCMS from RDC,N/A - From RDC,78.0,6811.4,87.32564102564102,7034.25,1
DN-1377,Truck,Mozambique,SCMS from RDC,N/A - From RDC,5597.0,1799.88,0.3215794175451135,541120.0,1
DN-1379,Truck,Mozambique,SCMS from RDC,N/A - From RDC,18.0,1799.88,99.99333333333334,912.56,1
DN-138,(blank),Nigeria,SCMS from RDC,N/A - From RDC,1833.0,9666.0,5.273322422258593,162000.0,0
DN-1380,Truck,Mozambique,SCMS from RDC,N/A - From RDC,4374.0,1799.88,0.41149519890260633,420080.0,1
DN-1382,Truck,Zambia,SCMS from RDC,N/A - From RDC,10865.0,13518.56,1.244230096640589,1210912.7,1
DN-1385,Air,Rwanda,SCMS from RDC,N/A - From RDC,447.0,4257.01,9.52351230425056,21389.04,1
DN-1386,Truck,Zambia,SCMS from RDC,N/A - From RDC,20144.0,8281.69,0.4111244042891184,1906080.0,1
DN-1387,Air,Côte d'Ivoire,SCMS from RDC,N/A - From RDC,1348.0,5233.52,3.8824332344213652,23660.64,1
DN-1388,Air,Côte d'Ivoire,SCMS from RDC,N/A - From RDC,396.0,6087.84,15.373333333333333,52710.0,1
DN-1390,Air,Côte d'Ivoire,SCMS from RDC,N/A - From RDC,2047.0,6739.08,3.292173913043478,206343.0,1
DN-1394,Truck,Zambia,SCMS from RDC,N/A - From RDC,256.0,2014.86,7.870546875,17038.16,1
DN-1395,Truck,Mozambique,SCMS from RDC,N/A - From RDC,1404.0,1588.05,1.1310897435897436,166212.0,1
DN-1396,Truck,Mozambique,SCMS from RDC,N/A - From RDC,1292.0,1588.05,1.229140866873065,68250.0,1
DN-1397,Air,Uganda,SCMS from RDC,N/A - From RDC,847.0,4999.48,5.9025737898465165,23478.88,1
DN-1398,Air,Côte d'Ivoire,SCMS from RDC,N/A - From RDC,1582.0,6037.19,3.816175726927939,134829.6,1
DN-1399,Air,Uganda,SCMS from RDC,N/A - From RDC,5748.0,38957.51,6.777576548364649,596140.0,1
DN-14,Air,Mozambique,SCMS from RDC,N/A - From RDC,1717.0,1893.82,1.102981945253349,174250.25,1
DN-140,(blank),Zimbabwe,SCMS from RDC,N/A - From RDC,246.0,1130.49,4.595487804878049,45528.0,0
DN-1400,Air,Côte d'Ivoire,SCMS from RDC,N/A - From RDC,706.0,3144.57,4.454065155807366,77298.24,1
DN-1401,Air,Côte d'Ivoire,SCMS from RDC,N/A - From RDC,3426.0,9797.41,2.8597227086981905,325144.5,1
DN-1402,Air,Uganda,SCMS from RDC,N/A - From RDC,2237.0,15250.99,6.817608404112651,223027.5,1
DN-1403,Truck,Zambia,SCMS from RDC,N/A - From RDC,7579.0,6759.28,0.8918432510885341,968000.0,1
DN-1404,Truck,Zambia,SCMS from RDC,N/A - From RDC,7678.0,6759.28,0.8803438395415473,1058000.0,1
DN-1405,Truck,Zambia,SCMS from RDC,N/A - From RDC,5586.0,6759.28,1.2100393841747226,373664.72,1
DN-1406,Truck,Zambia,SCMS from RDC,N/A - From RDC,7686.0,6759.28,0.8794275305750715,1059092.5,1
DN-1407,Truck,Zambia,SCMS from RDC,N/A - From RDC,13680.0,16339.98,1.1944429824561402,667712.0,1
DN-1408,Ocean,Uganda,SCMS from RDC,N/A - From RDC,1118.0,7338.54,6.563989266547406,99698.4,1
DN-141,(blank),Zimbabwe,SCMS from RDC,N/A - From RDC,553.0,1956.93,3.53875226039783,102091.9,0
DN-1411,Truck,Zimbabwe,SCMS from RDC,N/A - From RDC,9020.0,14958.2,1.6583370288248338,599600.0,1
DN-1413,Air,Mozambique,SCMS from RDC,N/A - From RDC,7426.0,2400.25,0.32322246162133045,700579.52,1
DN-1414,Air,Uganda,SCMS from RDC,N/A - From RDC,11.0,1112.31,101.1190909090909,1445.76,1
DN-1415,Air,Uganda,SCMS from RDC,N/A - From RDC,160.0,2590.35,16.189687499999998,47118.75,1
DN-1416,Truck,Zambia,SCMS from RDC,N/A - From RDC,9522.0,13518.56,1.4197185465238396,294000.0,1
DN-1417,Air,Uganda,SCMS from RDC,N/A - From RDC,70.0,1764.84,25.212,6594.0,1
DN-1418,Air,Uganda,SCMS from RDC,N/A - From RDC,1051.0,6575.7,6.256612749762131,113880.0,1
DN-1421,Air,Mozambique,SCMS from RDC,N/A - From RDC,85.0,1139.5,13.405882352941177,13540.8,1
DN-1422,Air,Côte d'Ivoire,SCMS from RDC,N/A - From RDC,5317.0,11005.67,2.0699022004889978,29170.6,1
DN-1424,Air,Côte d'Ivoire,SCMS from RDC,N/A - From RDC,485.0,7302.48,15.056659793814433,25322.8,1
DN-1425,Air,Uganda,SCMS from RDC,N/A - From RDC,2529.0,4031.3,1.5940292605773034,201568.1,1
DN-1426,Air,Uganda,SCMS from RDC,N/A - From RDC,322.0,3054.1,9.484782608695651,26441.8,1
DN-1427,Air,Côte d'Ivoire,SCMS from RDC,N/A - From RDC,640.0,5678.7,8.87296875,51158.7,1
DN-1428,Air,Côte d'Ivoire,SCMS from RDC,N/A - From RDC,54.0,1713.01,31.722407407407406,7825.5,1
DN-1429,Air,Uganda,SCMS from RDC,N/A - From RDC,18.0,1140.08,63.337777777777774,1370.0,1
DN-143,(blank),Zambia,SCMS from RDC,N/A - From RDC,1780.0,13736.03,7.716870786516854,166784.0,0
DN-1430,Truck,Tanzania,SCMS from RDC,N/A - From RDC,936.0,2233.61,2.3863354700854704,235234.35,1
DN-1431,Truck,Tanzania,SCMS from RDC,N/A - From RDC,41.0,2233.61,54.478292682926835,9112.0,1
DN-1432,Truck,Zambia,SCMS from RDC,N/A - From RDC,23888.0,13518.56,0.565914266577361,1415095.28,1
DN-1433,Air Charter,Nigeria,SCMS from RDC,N/A - From RDC,4531.0,30983.24,6.8380578238799385,458622.0,1
DN-1434,Air Charter,Nigeria,SCMS from RDC,N/A - From RDC,5960.0,9341.49,1.5673640939597315,603288.0,1
DN-1435,Air Charter,Nigeria,SCMS from RDC,N/A - From RDC,1914.0,9341.49,4.880611285266458,193800.0,1
DN-1436,Air Charter,Nigeria,SCMS from RDC,N/A - From RDC,570.0,9341.49,16.38857894736842,57684.0,1
DN-1437,Air Charter,Nigeria,SCMS from RDC,N/A - From RDC,338.0,9341.49,27.637544378698223,34211.4,1
DN-1438,Air Charter,Nigeria,SCMS from RDC,N/A - From RDC,6862.0,9341.49,1.3613363450888953,694602.0,1
DN-1439,Air Charter,Nigeria,SCMS from RDC,N/A - From RDC,198.0,9341.49,47.179242424242425,20018.4,1
DN-1440,Air Charter,Nigeria,SCMS from RDC,N/A - From RDC,9813.0,9341.49,0.9519504738612045,1425040.0,1
DN-1441,Air Charter,Nigeria,SCMS from RDC,N/A - From RDC,2023.0,9341.49,4.617642115669797,293750.0,1
DN-1442,Air Charter,Nigeria,SCMS from RDC,N/A - From RDC,22.0,9341.49,424.61318181818183,2820.0,1
DN-1443,Air Charter,Nigeria,SCMS from RDC,N/A - From RDC,36.0,9341.49,259.48583333333335,5181.75,1
DN-1444,Air Charter,Nigeria,SCMS from RDC,N/A - From RDC,22.0,9341.49,424.61318181818183,2855.25,1
DN-1445,Air Charter,Nigeria,SCMS from RDC,N/A - From RDC,2847.0,9341.49,3.2811696522655427,288203.4,1
DN-1446,Air Charter,Nigeria,SCMS from RDC,N/A - From RDC,1905.0,9341.49,4.903669291338582,192796.8,1
DN-1448,Truck,Zambia,SCMS from RDC,N/A - From RDC,1900.0,4997.46,2.6302421052631577,162086.98,1
DN-1451,Air,Côte d'Ivoire,SCMS from RDC,N/A - From RDC,581.0,1234.9,2.1254733218588644,2970.24,1
DN-1452,Air Charter,Nigeria,SCMS from RDC,N/A - From RDC,105.0,9341.59,88.96752380952381,8170.94,1
DN-1453,Air Charter,Nigeria,SCMS from RDC,N/A - From RDC,445.0,9341.49,20.99211235955056,2304.0,1
DN-1455,Truck,Mozambique,SCMS from RDC,N/A - From RDC,120.0,1799.88,14.999,11420.48,1
DN-1456,Air Charter,Nigeria,SCMS from RDC,N/A - From RDC,836.0,9341.49,11.17403110047847,45278.0,1
DN-1457,Truck,Mozambique,SCMS from RDC,N/A - From RDC,979.0,1588.06,1.6221246169560777,87687.36,1
DN-1458,Air,Haiti,SCMS from RDC,N/A - From RDC,2520.0,25874.1,10.2675,13650.0,1
DN-1459,Truck,Tanzania,SCMS from RDC,N/A - From RDC,1630.0,2217.5,1.3604294478527608,404655.0,1
DN-146,(blank),Côte d'Ivoire,SCMS from RDC,N/A - From RDC,151.0,1516.0,10.039735099337749,52554.4,0
DN-1460,Air,Côte d'Ivoire,SCMS from RDC,N/A - From RDC,47.0,1234.91,26.27468085106383,6768.0,1
DN-1463,Truck,Zambia,SCMS from RDC,N/A - From RDC,3626.0,4997.47,1.3782322118036405,350400.0,1
DN-1464,Air,Uganda,SCMS from RDC,N/A - From RDC,23.0,1173.1,51.00434782608695,1680.0,1
DN-1465,Air,Haiti,SCMS from RDC,N/A - From RDC,3160.0,32104.3,10.159588607594937,226756.32,1
DN-1466,Air,Haiti,SCMS from RDC,N/A - From RDC,6967.0,75688.58,10.863869671307594,571072.02,1
DN-1467,Air,Mozambique,SCMS from RDC,N/A - From RDC,1488.0,4764.16,3.201720430107527,144750.24,1
DN-1468,Air,Uganda,SCMS from RDC,N/A - From RDC,45.0,749.25,16.65,3972.5,1
DN-1470,Truck,Tanzania,SCMS from RDC,N/A - From RDC,1067.0,2217.5,2.07825679475164,271475.15,1
DN-1471,Air,Ethiopia,SCMS from RDC,N/A - From RDC,658.0,4311.22,6.552006079027356,21411.0,1
DN-1472,Air,Ethiopia,SCMS from RDC,N/A - From RDC,212.0,1489.4,7.025471698113208,10330.96,1
DN-1474,Air,Côte d'Ivoire,SCMS from RDC,N/A - From RDC,373.0,4266.24,11.43764075067024,16558.239999999998,1
DN-1475,Air,Côte d'Ivoire,SCMS from RDC,N/A - From RDC,749.0,2336.27,3.119185580774366,4200.0,1
DN-1477,Air,Côte d'Ivoire,SCMS from RDC,N/A - From RDC,714.0,2336.26,3.2720728291316528,21460.0,1
DN-1479,Air,Haiti,SCMS from RDC,N/A - From RDC,54.0,1576.32,29.19111111111111,2376.56,1
DN-148,Air,Mozambique,SCMS from RDC,N/A - From RDC,3946.0,8892.48,2.2535428281804357,656386.55,1
DN-1480,Truck,Uganda,SCMS from RDC,N/A - From RDC,1593.0,9547.7,5.993534212178281,159649.1,1
DN-1481,Air,Haiti,SCMS from RDC,N/A - From RDC,126.0,1350.33,10.716904761904761,5624.2,1
DN-1482,Air,Côte d'Ivoire,SCMS from RDC,N/A - From RDC,284.0,1668.76,5.875915492957747,1556.1,1
DN-1483,Air,Nigeria,SCMS from RDC,N/A - From RDC,7663.0,33279.39,4.342867023358997,693576.0,1
DN-1484,Air,Ethiopia,SCMS from RDC,N/A - From RDC,18.0,523.45,29.08055555555556,1464.0,1
DN-1485,Air,Mozambique,SCMS from RDC,N/A - From RDC,62.0,1074.8,17.335483870967742,1408.05,1
DN-1489,Air,Uganda,SCMS from RDC,N/A - From RDC,20.0,667.17,33.3585,438.0,1
DN-149,(blank),Côte d'Ivoire,SCMS from RDC,N/A - From RDC,173.0,1754.0,10.138728323699421,12160.0,0
DN-1490,Air,Uganda,SCMS from RDC,N/A - From RDC,33.0,747.17,22.64151515151515,4435.17,1
DN-1492,Air,Côte d'Ivoire,SCMS from RDC,N/A - From RDC,1224.0,2298.61,1.8779493464052288,6716.5,1
DN-1493,Air Charter,Nigeria,SCMS from RDC,N/A - From RDC,2889.0,21641.75,7.491086881273797,142518.97,1
DN-1494,Air,Côte d'Ivoire,SCMS from RDC,N/A - From RDC,156.0,2298.6,14.734615384615385,3547.8,1
DN-1495,Truck,Mozambique,SCMS from RDC,N/A - From RDC,921.0,4468.51,4.8518023887079265,127723.86,1
DN-1496,Truck,Zambia,SCMS from RDC,N/A - From RDC,2832.0,4897.42,1.7293149717514125,273662.4,1
DN-1497,Air,Haiti,SCMS from RDC,N/A - From RDC,286.0,3842.22,13.434335664335663,6438.6,1
DN-1498,Truck,Zambia,SCMS from RDC,N/A - From RDC,2901.0,4897.42,1.6881833850396415,196728.08,1
DN-1499,Air,Zambia,SCMS from RDC,N/A - From RDC,986.0,5097.09,5.16946247464503,80578.98,1
DN-15,Air,Mozambique,SCMS from RDC,N/A - From RDC,155.0,939.08,6.058580645161291,16842.26,1
DN-1500,Truck,Zimbabwe,SCMS from RDC,N/A - From RDC,8701.0,15332.68,1.762174462705436,545280.0,1
DN-1502,Air,Ethiopia,SCMS from RDC,N/A - From RDC,1258.0,6027.68,4.791478537360891,37331.7,1
DN-1503,Air,Haiti,SCMS from RDC,N/A - From RDC,487.0,6113.34,12.55305954825462,24807.48,1
DN-1504,Truck,Zambia,SCMS from RDC,N/A - From RDC,4305.0,9935.88,2.3079860627177697,352921.02,1
DN-1505,Air,Guyana,SCMS from RDC,N/A - From RDC,427.0,6061.01,14.19440281030445,28490.06,1
DN-1506,Air,Uganda,SCMS from RDC,N/A - From RDC,44.0,1483.39,33.713409090909096,4628.0,1
DN-1507,Air,Uganda,SCMS from RDC,N/A - From RDC,22.0,709.02,32.22818181818182,1156.0,1
DN-1508,Air,Côte d'Ivoire,SCMS from RDC,N/A - From RDC,442.0,5028.04,11.375656108597285,17545.0,1
DN-1509,Air,Côte d'Ivoire,SCMS from RDC,N/A - From RDC,604.0,7100.04,11.755033112582781,3691.8,1
DN-1510,Air,Côte d'Ivoire,SCMS from RDC,N/A - From RDC,5340.0,5028.04,0.9415805243445693,501662.36,1
DN-1511,Air,Côte d'Ivoire,SCMS from RDC,N/A - From RDC,69.0,5028.05,72.87028985507247,3290.0,1
DN-1514,Air,Côte d'Ivoire,SCMS from RDC,N/A - From RDC,4814.0,7100.04,1.474873286248442,485212.5,1
DN-1515,Truck,Zambia,SCMS from RDC,N/A - From RDC,4959.0,9973.51,2.011193789070377,272972.06,1
DN-1517,Air,Uganda,SCMS from RDC,N/A - From RDC,1001.0,3228.26,3.2250349650349652,30313.7,1
DN-1519,Air Charter,Nigeria,SCMS from RDC,N/A - From RDC,6725.0,33279.39,4.948608178438661,460069.49,1
DN-1520,Air,Uganda,SCMS from RDC,N/A - From RDC,133.0,2450.89,18.427744360902256,12320.0,1
DN-1521,Air,Zambia,SCMS from RDC,N/A - From RDC,796.0,4234.42,5.3196231155778895,40355.16,1
DN-1522,Air,Uganda,SCMS from RDC,N/A - From RDC,6843.0,15170.33,2.2169121730235277,648296.88,1
DN-1523,Air,Côte d'Ivoire,SCMS from RDC,N/A - From RDC,3189.0,1211.48,0.3798933835058012,273521.92000000004,1
DN-1524,Air,Côte d'Ivoire,SCMS from RDC,N/A - From RDC,378.0,1211.48,3.204973544973545,28411.5,1
DN-1525,Air,Côte d'Ivoire,SCMS from RDC,N/A - From RDC,688.0,1211.48,1.7608720930232558,3800.0,1
DN-1526,Air,Côte d'Ivoire,SCMS from RDC,N/A - From RDC,1655.0,1211.48,0.7320120845921451,8570.88,1
DN-1527,Air,Côte d'Ivoire,SCMS from RDC,N/A - From RDC,257.0,1211.48,4.7139299610894945,55477.8,1
DN-1528,Air,Uganda,SCMS from RDC,N/A - From RDC,4.0,396.08,99.02,240.0,1
DN-1529,Air,Mozambique,SCMS from RDC,N/A - From RDC,205.0,1380.45,6.733902439024391,5721.6,1
DN-1530,Air,Haiti,SCMS from RDC,N/A - From RDC,1857.0,11091.78,5.972956381260097,18422.24,1
DN-1531,Air,Haiti,SCMS from RDC,N/A - From RDC,109.0,10331.78,94.78697247706423,10394.7,1
DN-1532,Air,Mozambique,SCMS from RDC,N/A - From RDC,190.0,1317.4,6.933684210526316,9789.0,1
DN-1534,Air,Côte d'Ivoire,SCMS from RDC,N/A - From RDC,200.0,1211.48,6.0574,7714.56,1
DN-1535,Air,Côte d'Ivoire,SCMS from RDC,N/A - From RDC,88.0,1211.48,13.766818181818183,4472.52,1
DN-1536,Air,Côte d'Ivoire,SCMS from RDC,N/A - From RDC,56.0,1211.48,21.63357142857143,4028.0,1
DN-1539,Air,Côte d'Ivoire,SCMS from RDC,N/A - From RDC,82.0,1211.48,14.774146341463414,1839.6,1
DN-1540,Air,Uganda,SCMS from RDC,N/A - From RDC,125.0,2697.65,21.5812,3770.0,1
DN-1541,Air,Uganda,SCMS from RDC,N/A - From RDC,680.0,3335.33,4.904897058823529,56512.0,1
DN-1542,Air,Côte d'Ivoire,SCMS from RDC,N/A - From RDC,138.0,1211.48,8.778840579710145,4167.3,1
DN-1543,Air,Côte d'Ivoire,SCMS from RDC,N/A - From RDC,546.0,1211.48,2.218827838827839,63477.9,1
DN-1544,Air,Côte d'Ivoire,SCMS from RDC,N/A - From RDC,54.0,1211.49,22.435,8103.5,1
DN-1545,Air,Côte d'Ivoire,SCMS from RDC,N/A - From RDC,22.0,1211.49,55.067727272727275,1420.0,1
DN-1546,Air,Côte d'Ivoire,SCMS from RDC,N/A - From RDC,49.0,1211.49,24.724285714285713,3290.0,1
DN-1547,Air,Côte d'Ivoire,SCMS from RDC,N/A - From RDC,742.0,1211.49,1.6327358490566037,50054.8,1
DN-1548,Air,Uganda,SCMS from RDC,N/A - From RDC,907.0,9044.65,9.97205071664829,64133.6,1
DN-1549,Air,Mozambique,SCMS from RDC,N/A - From RDC,47.0,955.36,20.326808510638298,1073.1,1
DN-1550,Air,Uganda,SCMS from RDC,N/A - From RDC,315.0,5254.17,16.679904761904762,37600.0,1
DN-1551,Air,Uganda,SCMS from RDC,N/A - From RDC,179.0,2196.29,12.269776536312849,21500.0,1
DN-1552,Air,Uganda,SCMS from RDC,N/A - From RDC,6843.0,7231.0,1.0567002776559988,145197.0,1
DN-1553,Truck,Zambia,SCMS from RDC,N/A - From RDC,9221.0,8104.79,0.8789491378375447,1100000.0,1
DN-1554,Truck,Zimbabwe,SCMS from RDC,N/A - From RDC,8280.0,15328.58,1.8512777777777778,545280.0,1
DN-1555,Air,Côte d'Ivoire,SCMS from RDC,N/A - From RDC,283.0,4969.95,17.561660777385157,14413.08,1
DN-1558,Air,Ethiopia,SCMS from RDC,N/A - From RDC,778.0,4702.02,6.043727506426736,19316.9,1
DN-1559,Air,Haiti,SCMS from RDC,N/A - From RDC,306.0,4030.02,13.17,6962.04,1
DN-156,Air,Rwanda,SCMS from RDC,N/A - From RDC,216.0,2520.47,11.668842592592592,11356.61,1
DN-1560,Air Charter,Nigeria,SCMS from RDC,N/A - From RDC,3409.0,11637.64,3.4137987679671458,374498.76,1
DN-1561,Air Charter,Nigeria,SCMS from RDC,N/A - From RDC,3190.0,11637.64,3.6481630094043886,309228.0,1
DN-1562,Air Charter,Nigeria,SCMS from RDC,N/A - From RDC,3239.0,11637.64,3.5929731398579805,317800.0,1
DN-1563,Air Charter,Nigeria,SCMS from RDC,N/A - From RDC,1261.0,11637.64,9.228897700237907,127596.7,1
DN-1564,Air Charter,Nigeria,SCMS from RDC,N/A - From RDC,5144.0,11637.64,2.262371695178849,748851.0,1
DN-1565,Truck,Tanzania,SCMS from RDC,N/A - From RDC,640.0,2751.0,4.2984375,136573.92,1
DN-1566,Truck,Zambia,SCMS from RDC,N/A - From RDC,1.0,792.62,792.62,51.24,1
DN-1567,Truck,Zambia,SCMS from RDC,N/A - From RDC,574.0,5837.94,10.170627177700348,38806.92,1
DN-1568,Air,Côte d'Ivoire,SCMS from RDC,N/A - From RDC,976.0,12369.8,12.673975409836064,60099.84,1
DN-1569,Air Charter,Nigeria,SCMS from RDC,N/A - From RDC,4161.0,11637.64,2.7968372987262677,500400.0,1
DN-157,(blank),Ethiopia,SCMS from RDC,N/A - From RDC,213.0,2129.46,9.997464788732394,34200.0,0
DN-1570,Air Charter,Nigeria,SCMS from RDC,N/A - From RDC,75.0,11637.64,155.16853333333333,16172.1,1
DN-1571,Air Charter,Nigeria,SCMS from RDC,N/A - From RDC,15.0,11637.64,775.8426666666667,971.04,1
DN-1573,Truck,Zambia,SCMS from RDC,N/A - From RDC,3254.0,8104.79,2.4907160417947143,86080.7,1
DN-1574,Air,Uganda,SCMS from RDC,N/A - From RDC,708.0,2524.0,3.5649717514124295,61710.0,1
DN-1575,Air,Haiti,SCMS from RDC,N/A - From RDC,1045.0,750.9,0.7185645933014354,6747.3,1
DN-1576,Air,Uganda,SCMS from RDC,N/A - From RDC,36.0,3602.34,100.065,69938.0,1
DN-1577,Air,Côte d'Ivoire,SCMS from RDC,N/A - From RDC,680.0,2698.22,3.967970588235294,60099.84,1
DN-1578,Truck,Zambia,SCMS from RDC,N/A - From RDC,3294.0,9942.26,3.01829386763813,322017.6,1
DN-1579,Air,Uganda,SCMS from RDC,N/A - From RDC,260.0,1898.84,7.303230769230769,35616.9,1
DN-1580,Air,Mozambique,SCMS from RDC,N/A - From RDC,363.0,1816.73,5.004765840220386,51225.24,1
DN-1582,Air,Haiti,SCMS from RDC,N/A - From RDC,456.0,5338.55,11.707346491228071,30766.94,1
DN-1583,Truck,Zambia,SCMS from RDC,N/A - From RDC,8756.0,13844.72,1.581169483782549,232000.0,1
DN-1584,Air,Ethiopia,SCMS from RDC,N/A - From RDC,250.0,1366.22,5.46488,12934.0,1
DN-1585,Air,Côte d'Ivoire,SCMS from RDC,N/A - From RDC,550.0,2794.67,5.081218181818182,73643.4,1
DN-1586,Truck,Zambia,SCMS from RDC,N/A - From RDC,546.0,2412.99,4.419395604395604,75300.0,1
DN-1587,Air,Mozambique,SCMS from RDC,N/A - From RDC,2773.0,6355.08,2.2917706455102778,267740.64,1
DN-1588,Air,Ethiopia,SCMS from RDC,N/A - From RDC,2190.0,7573.92,3.4584109589041097,58000.0,1
DN-1589,Air,Haiti,SCMS from RDC,N/A - From RDC,1404.0,8329.13,5.932428774928774,7746.3,1
DN-159,(blank),Côte d'Ivoire,SCMS from RDC,N/A - From RDC,58.0,727.0,12.53448275862069,1881.25,0
DN-1590,Air Charter,Haiti,SCMS from RDC,N/A - From RDC,132.0,8329.13,63.09946969696969,7936.88,1
DN-1591,Air Charter,Nigeria,SCMS from RDC,N/A - From RDC,6949.0,11637.64,1.6747215426680098,681000.0,1
DN-1592,Air,Haiti,SCMS from RDC,N/A - From RDC,33.0,1062.95,32.21060606060606,1281.28,1
DN-1593,Air Charter,Nigeria,SCMS from RDC,N/A - From RDC,1084.0,11637.65,10.735839483394834,104673.24,1
DN-1595,Air,Uganda,SCMS from RDC,N/A - From RDC,7.0,523.64,74.80571428571429,146.0,1
DN-1596,Air,Uganda,SCMS from RDC,N/A - From RDC,168.0,2990.92,17.80309523809524,20000.0,1
DN-1597,Air,Uganda,SCMS from RDC,N/A - From RDC,216.0,2064.42,9.557500000000001,14450.0,1
DN-1598,Air,Uganda,SCMS from RDC,N/A - From RDC,113.0,3504.8,31.015929203539823,12664.2,1
DN-1599,Air,Uganda,SCMS from RDC,N/A - From RDC,336.0,2528.69,7.525863095238096,17043.4,1
DN-16,(blank),Côte d'Ivoire,SCMS from RDC,N/A - From RDC,909.0,2804.0,3.084708470847085,136509.25,0
DN-160,(blank),Côte d'Ivoire,SCMS from RDC,N/A - From RDC,1313.0,3908.0,2.9763899466869765,150228.02,0
DN-1600,Air,Ethiopia,SCMS from RDC,N/A - From RDC,235.0,1326.89,5.646340425531915,11938.92,1
DN-1601,Air,Uganda,SCMS from RDC,N/A - From RDC,12.0,1311.0,109.25,661.98,1
DN-1602,Air,Vietnam,SCMS from RDC,N/A - From RDC,579.0,3119.75,5.388169257340242,55923.84,1
DN-1603,Air,Zambia,SCMS from RDC,N/A - From RDC,4162.0,9939.38,2.38812590100913,304000.0,1
DN-1604,Air,Ethiopia,SCMS from RDC,N/A - From RDC,425.0,2978.5,7.008235294117647,19520.0,1
DN-1605,Air,Haiti,SCMS from RDC,N/A - From RDC,2571.0,26830.44,10.435799299883314,85844.02,1
DN-1607,Air,Uganda,SCMS from RDC,N/A - From RDC,1864.0,8485.0,4.552038626609442,124634.14,1
DN-1608,Truck,Mozambique,SCMS from RDC,N/A - From RDC,163.0,1236.13,7.583619631901841,25931.2,1
DN-1609,Air,Haiti,SCMS from RDC,N/A - From RDC,1345.0,14489.1,10.772565055762081,7882.8,1
DN-161,Air,Tanzania,SCMS from RDC,N/A - From RDC,31.0,1589.0,51.25806451612903,25395.0,1
DN-1610,Air,Ethiopia,SCMS from RDC,N/A - From RDC,2031.0,6774.59,3.335593303791236,74066.0,1
DN-1614,Air,Nigeria,SCMS from RDC,N/A - From RDC,4498.0,19480.97,4.331029346376168,454908.0,1
DN-1615,Air,Nigeria,SCMS from RDC,N/A - From RDC,1.0,19480.97,19480.97,58.75,1
DN-1616,Air,Ethiopia,SCMS from RDC,N/A - From RDC,1454.0,5187.5,3.5677441540577717,140326.44,1
DN-1617,Air,Haiti,SCMS from RDC,N/A - From RDC,3917.0,39223.78,10.013729895328057,98687.72,1
DN-1618,Air,Côte d'Ivoire,SCMS from RDC,N/A - From RDC,3508.0,5254.1,1.4977480045610034,337273.2,1
DN-1619,Air,Côte d'Ivoire,SCMS from RDC,N/A - From RDC,1021.0,5254.1,5.146033300685603,5651.1,1
DN-1620,Air,Côte d'Ivoire,SCMS from RDC,N/A - From RDC,4845.0,5254.1,1.0844375644994841,442847.28,1
DN-1621,Air,Côte d'Ivoire,SCMS from RDC,N/A - From RDC,146.0,5254.09,35.98691780821918,5856.0,1
DN-1622,Air,Uganda,SCMS from RDC,N/A - From RDC,3941.0,42656.07,10.823666582085766,351850.0,1
DN-1623,Air,Côte d'Ivoire,SCMS from RDC,N/A - From RDC,2715.0,7403.18,2.7267697974217313,262800.0,1
DN-1626,Air,Haiti,SCMS from RDC,N/A - From RDC,1077.0,12016.69,11.157558031569174,105120.0,1
DN-1627,Air,Haiti,SCMS from RDC,N/A - From RDC,2342.0,12016.69,5.130952177625961,154395.36,1
DN-1628,Air,Mozambique,SCMS from RDC,N/A - From RDC,2156.0,3423.25,1.587778293135436,844396.86,1
DN-1629,Air,Côte d'Ivoire,SCMS from RDC,N/A - From RDC,379.0,1945.66,5.133667546174142,28256.5,1
DN-163,Air,Côte d'Ivoire,SCMS from RDC,N/A - From RDC,230.0,1432.0,6.226086956521739,37266.48,1
DN-1631,Truck,Uganda,SCMS from RDC,N/A - From RDC,507.0,1576.8,3.110059171597633,15033.6,1
DN-1632,Truck,Uganda,SCMS from RDC,N/A - From RDC,157.0,1601.5,10.200636942675159,4640.0,1
DN-1633,Truck,Uganda,SCMS from RDC,N/A - From RDC,843.0,6470.51,7.6755753262158954,74052.0,1
DN-1634,Truck,Uganda,SCMS from RDC,N/A - From RDC,2804.0,5050.8,1.8012838801711841,188774.8,1
DN-1635,Air,Haiti,SCMS from RDC,N/A - From RDC,40.0,12016.69,300.41725,2976.0,1
DN-1636,Truck,Uganda,SCMS from RDC,N/A - From RDC,67.0,1549.83,23.13179104477612,3874.8,1
DN-1637,Air,Guyana,SCMS from RDC,N/A - From RDC,347.0,4293.82,12.374121037463976,14761.14,1
DN-1638,Truck,Uganda,SCMS from RDC,N/A - From RDC,5134.0,9348.0,1.8208024931827036,467402.76,1
DN-164,(blank),Côte d'Ivoire,SCMS from RDC,N/A - From RDC,105.0,977.55,9.309999999999999,16409.52,0
DN-1640,Air,Côte d'Ivoire,SCMS from RDC,N/A - From RDC,117.0,1083.3,9.258974358974358,29348.0,1
DN-1641,Air,Côte d'Ivoire,SCMS from RDC,N/A - From RDC,394.0,1083.3,2.749492385786802,11326.77,1
DN-1642,Air,Côte d'Ivoire,SCMS from RDC,N/A - From RDC,409.0,1083.3,2.6486552567237163,11790.87,1
DN-1643,Truck,Zambia,SCMS from RDC,N/A - From RDC,19451.0,16898.2,0.8687573903655339,977600.0,1
DN-1644,Truck,Zambia,SCMS from RDC,N/A - From RDC,1946.0,3379.64,1.736711202466598,54600.0,1
DN-1645,Air,Uganda,SCMS from RDC,N/A - From RDC,41.0,1152.14,28.1009756097561,5602.32,1
DN-1646,Air,Côte d'Ivoire,SCMS from RDC,N/A - From RDC,164.0,2976.56,18.149756097560974,4589.13,1
DN-1647,Air,Côte d'Ivoire,SCMS from RDC,N/A - From RDC,941.0,7779.96,8.267757704569608,26961.48,1
DN-1648,Truck,Zambia,SCMS from RDC,N/A - From RDC,2085.0,3379.64,1.6209304556354915,77200.0,1
DN-1650,Truck,Zambia,SCMS from RDC,N/A - From RDC,3325.0,3379.64,1.016433082706767,456942.99,1
DN-1652,Air,Côte d'Ivoire,SCMS from RDC,N/A - From RDC,571.0,1949.41,3.414028021015762,169680.0,1
DN-1653,Air,Côte d'Ivoire,SCMS from RDC,N/A - From RDC,275.0,1949.42,7.0888,81900.0,1
DN-1654,Air,Uganda,SCMS from RDC,N/A - From RDC,306.0,3945.33,12.893235294117646,27918.0,1
DN-1655,Air,Côte d'Ivoire,SCMS from RDC,N/A - From RDC,56.0,3688.33,65.86303571428572,1296.0,1
DN-1656,Air,Côte d'Ivoire,SCMS from RDC,N/A - From RDC,2633.0,3688.33,1.4008089631598937,14924.7,1
DN-1657,Truck,Zimbabwe,SCMS from RDC,N/A - From RDC,632.0,3302.14,5.224905063291139,34120.0,1
DN-1658,Truck,Zimbabwe,SCMS from RDC,N/A - From RDC,3955.0,13208.56,3.339711757269279,220571.0,1
DN-1659,Truck,Zimbabwe,SCMS from RDC,N/A - From RDC,679.0,3302.14,4.863240058910161,65389.0,1
DN-166,(blank),Côte d'Ivoire,SCMS from RDC,N/A - From RDC,994.0,3501.0,3.522132796780684,220100.0,0
DN-1660,Air,Zimbabwe,SCMS from RDC,N/A - From RDC,4000.0,3302.14,0.825535,234957.22,1
DN-1662,Air,Côte d'Ivoire,SCMS from RDC,N/A - From RDC,1560.0,3688.33,2.3643141025641023,95563.01999999999,1
DN-1663,Air,Tanzania,SCMS from RDC,N/A - From RDC,178.0,1854.35,10.417696629213482,20881.44,1
DN-1664,Air,Haiti,SCMS from RDC,N/A - From RDC,177.0,6036.96,34.107118644067796,5387.4,1
DN-1665,Air,Haiti,SCMS from RDC,N/A - From RDC,396.0,6036.96,15.244848484848484,2052.48,1
DN-1666,Air,Haiti,SCMS from RDC,N/A - From RDC,1517.0,6036.96,3.979538562953197,166930.56,1
DN-1667,Air,Haiti,SCMS from RDC,N/A - From RDC,746.0,6036.96,8.092439678284183,30245.68,1
DN-1668,Air,Haiti,SCMS from RDC,N/A - From RDC,465.0,6036.96,12.982709677419354,24493.28,1
DN-1669,Air,Haiti,SCMS from RDC,N/A - From RDC,101.0,6036.98,59.77207920792079,22500.0,1
DN-1670,Air,Côte d'Ivoire,SCMS from RDC,N/A - From RDC,914.0,4519.97,4.945262582056893,27473.0,1
DN-1671,Air,Côte d'Ivoire,SCMS from RDC,N/A - From RDC,5350.0,4519.97,0.8448542056074767,245106.16,1
DN-1672,Air,Haiti,SCMS from RDC,N/A - From RDC,622.0,13122.39,21.09709003215434,3093.2,1
DN-1673,Air,Haiti,SCMS from RDC,N/A - From RDC,1870.0,13122.39,7.017320855614973,37505.72,1
DN-1674,Air,Ethiopia,SCMS from RDC,N/A - From RDC,1804.0,6321.99,3.504429046563193,175200.0,1
DN-1675,Air,Uganda,SCMS from RDC,N/A - From RDC,456.0,5186.68,11.374298245614035,25650.0,1
DN-1676,Air,Côte d'Ivoire,SCMS from RDC,N/A - From RDC,93.0,4519.96,48.60172043010753,7743.83,1
DN-1677,Air,Uganda,SCMS from RDC,N/A - From RDC,2538.0,6298.34,2.4816154452324666,145541.96999999997,1
DN-1678,Air,Uganda,SCMS from RDC,N/A - From RDC,6.0,484.56,80.76,408.0,1
DN-1679,Truck,Mozambique,SCMS from RDC,N/A - From RDC,1401.0,4764.16,3.4005424696645252,89148.0,1
DN-168,Air,Tanzania,SCMS from RDC,N/A - From RDC,675.0,2440.0,3.6148148148148147,242759.8,1
DN-1680,Air,Côte d'Ivoire,SCMS from RDC,N/A - From RDC,395.0,1042.58,2.6394430379746834,29558.5,1
DN-1681,Air,Côte d'Ivoire,SCMS from RDC,N/A - From RDC,54.0,1042.58,19.307037037037034,4030.0,1
DN-1683,Air Charter,Nigeria,SCMS from RDC,N/A - From RDC,4.0,124350.82,31087.705,156.16,1
DN-169,Air,Tanzania,SCMS from RDC,N/A - From RDC,2515.0,6834.0,2.717296222664016,466092.9,1
DN-1697,Air,Uganda,SCMS from RDC,N/A - From RDC,168.0,1905.63,11.343035714285715,20000.0,1
DN-1698,Truck,Mozambique,SCMS from RDC,N/A - From RDC,3563.0,3423.26,0.9607802413696324,340134.3,1
DN-17,Air,Mozambique,SCMS from RDC,N/A - From RDC,84.0,1338.04,15.92904761904762,150706.69,1
DN-170,(blank),Côte d'Ivoire,SCMS from RDC,N/A - From RDC,15.0,1363.0,90.86666666666666,4000.0,0
DN-1719,Air Charter,Nigeria,SCMS from RDC,N/A - From RDC,39.0,9736.1,249.64358974358976,4274.88,1
DN-172,(blank),Nigeria,SCMS from RDC,N/A - From RDC,226.0,1732.0,7.663716814159292,22850.2,0
DN-1724,Air Charter,Nigeria,SCMS from RDC,N/A - From RDC,2347.0,9736.1,4.148317000426076,224400.0,1
DN-1728,Air Charter,Nigeria,SCMS from RDC,N/A - From RDC,3312.0,9736.1,2.9396437198067633,401480.0,1
DN-173,(blank),Côte d'Ivoire,SCMS from RDC,N/A - From RDC,3116.0,1478.0,0.4743260590500642,374590.32,0
DN-1733,Air,Uganda,SCMS from RDC,N/A - From RDC,95.0,3549.77,37.366,5130.0,1
DN-1739,Air,Zimbabwe,SCMS from RDC,N/A - From RDC,1088.0,4170.65,3.833318014705882,105120.0,1
DN-174,(blank),Côte d'Ivoire,SCMS from RDC,N/A - From RDC,40.0,1388.0,34.7,10557.0,0
DN-1749,Truck,Uganda,SCMS from RDC,N/A - From RDC,328.0,3522.52,10.73939024390244,36800.0,1
DN-1750,Truck,Uganda,SCMS from RDC,N/A - From RDC,238.0,2021.53,8.493823529411765,21546.0,1
DN-1751,Truck,Uganda,SCMS from RDC,N/A - From RDC,275.0,11991.12,43.60407272727273,36792.0,1
DN-1752,Truck,Uganda,SCMS from RDC,N/A - From RDC,1188.0,4097.0,3.4486531986531985,157802.63999999998,1
DN-1753,Truck,Uganda,SCMS from RDC,N/A - From RDC,5285.0,11065.0,2.0936613055818354,506201.52,1
DN-1754,Truck,Uganda,SCMS from RDC,N/A - From RDC,393.0,1694.0,4.310432569974555,37631.88,1
DN-1755,Truck,Uganda,SCMS from RDC,N/A - From RDC,2356.0,16682.66,7.080925297113752,224400.0,1
DN-1756,Truck,Uganda,SCMS from RDC,N/A - From RDC,1055.0,2961.0,2.806635071090047,100980.0,1
DN-1757,Truck,Uganda,SCMS from RDC,N/A - From RDC,350.0,1854.0,5.297142857142857,24075.0,1
DN-1758,Truck,Uganda,SCMS from RDC,N/A - From RDC,359.0,3302.05,9.19791086350975,33660.0,1
DN-1759,Air,Côte d'Ivoire,SCMS from RDC,N/A - From RDC,675.0,1702.91,2.5228296296296295,82476.13,1
DN-1760,Air,Uganda,SCMS from RDC,N/A - From RDC,10.0,1865.86,186.58599999999998,630.0,1
DN-1761,Air,Uganda,SCMS from RDC,N/A - From RDC,17.0,1073.46,63.144705882352945,714.0,1
DN-1762,Air,Nigeria,SCMS from RDC,N/A - From RDC,1444.0,124350.84,86.11554016620498,40950.0,1
DN-1763,Air,Côte d'Ivoire,SCMS from RDC,N/A - From RDC,1807.0,21347.2,11.813613724405092,175200.0,1
DN-1764,Air,Côte d'Ivoire,SCMS from RDC,N/A - From RDC,51.0,1702.92,33.39058823529412,6889.95,1
DN-1765,Air,Uganda,SCMS from RDC,N/A - From RDC,861.0,7383.9,8.57595818815331,39300.0,1
DN-1766,Air,Uganda,SCMS from RDC,N/A - From RDC,563.0,1524.56,2.7079218472468916,21726.0,1
DN-1768,Air,Tanzania,SCMS from RDC,N/A - From RDC,699.0,3952.34,5.654277539341917,18695.04,1
DN-1769,Air,Uganda,SCMS from RDC,N/A - From RDC,4.0,521.52,130.38,675.0,1
DN-177,Air,Zambia,SCMS from RDC,N/A - From RDC,70.0,650.12,9.287428571428572,4128.0,1
DN-1770,Air,Uganda,SCMS from RDC,N/A - From RDC,105.0,2393.54,22.79561904761905,15275.0,1
DN-1772,Air,Uganda,SCMS from RDC,N/A - From RDC,13.0,1758.6,135.27692307692308,14016.0,1
DN-1773,Air,Rwanda,SCMS from RDC,N/A - From RDC,2930.0,42573.95,14.530358361774743,280500.0,1
DN-1774,Truck,Zambia,SCMS from RDC,N/A - From RDC,944.0,8022.59,8.498506355932204,202526.1,1
DN-1775,Truck,Zambia,SCMS from RDC,N/A - From RDC,8819.0,8022.59,0.9096938428393242,600824.0,1
DN-1776,Truck,Zambia,SCMS from RDC,N/A - From RDC,526.0,4964.27,9.43777566539924,19300.0,1
DN-1777,Air Charter,Nigeria,SCMS from RDC,N/A - From RDC,142.0,9736.1,68.56408450704225,23485.0,1
DN-1778,Air Charter,Nigeria,SCMS from RDC,N/A - From RDC,662.0,9736.1,14.707099697885196,35625.0,1
DN-1779,Air Charter,Nigeria,SCMS from RDC,N/A - From RDC,309.0,9736.1,31.508414239482203,16625.0,1
DN-1780,Air Charter,Nigeria,SCMS from RDC,N/A - From RDC,1082.0,9736.1,8.998243992606286,58140.0,1
DN-1781,Air Charter,Nigeria,SCMS from RDC,N/A - From RDC,17.0,9736.1,572.7117647058824,893.0,1
DN-1782,Air Charter,Nigeria,SCMS from RDC,N/A - From RDC,30.0,9736.1,324.5366666666667,1596.0,1
DN-1783,Air Charter,Nigeria,SCMS from RDC,N/A - From RDC,19.0,9736.1,512.4263157894737,997.5,1
DN-1784,Air Charter,Nigeria,SCMS from RDC,N/A - From RDC,544.0,9736.1,17.897242647058825,74430.0,1
DN-1785,Air Charter,Nigeria,SCMS from RDC,N/A - From RDC,1288.0,9736.1,7.559083850931677,69350.0,1
DN-1786,Air Charter,Nigeria,SCMS from RDC,N/A - From RDC,42.0,9736.1,231.81190476190477,6875.0,1
DN-1787,Air Charter,Nigeria,SCMS from RDC,N/A - From RDC,51.0,9736.1,190.90392156862745,8497.5,1
DN-1788,Air Charter,Nigeria,SCMS from RDC,N/A - From RDC,216.0,9736.1,45.07453703703704,4647.5,1
DN-1789,Air Charter,Nigeria,SCMS from RDC,N/A - From RDC,628.0,9736.1,15.503343949044586,33810.5,1
DN-1790,Air Charter,Nigeria,SCMS from RDC,N/A - From RDC,553.0,9736.1,17.605967450271248,75872.28,1
DN-1791,Air,Guyana,SCMS from RDC,N/A - From RDC,376.0,4468.34,11.883882978723404,58221.25,1
DN-1792,Air Charter,Nigeria,SCMS from RDC,N/A - From RDC,4692.0,9736.1,2.0750426257459504,448800.0,1
DN-1793,Air Charter,Nigeria,SCMS from RDC,N/A - From RDC,4693.0,9736.1,2.074600468783294,448800.0,1
DN-1794,Air Charter,Nigeria,SCMS from RDC,N/A - From RDC,5552.0,9736.1,1.753620317002882,529135.2,1
DN-1795,Truck,Mozambique,SCMS from RDC,N/A - From RDC,1866.0,10959.63,5.873327974276527,124003.9,1
DN-1796,Air,Uganda,SCMS from RDC,N/A - From RDC,617.0,5194.22,8.418508914100487,58545.96,1
DN-1797,Air,Uganda,SCMS from RDC,N/A - From RDC,527.0,4549.95,8.633681214421252,49368.0,1
DN-1798,Air,Uganda,SCMS from RDC,N/A - From RDC,21.0,1000.05,47.62142857142857,1170.0,1
DN-1799,Air,Côte d'Ivoire,SCMS from RDC,N/A - From RDC,9863.0,19150.15,1.9416151272432325,837377.64,1
DN-180,(blank),Nigeria,SCMS from RDC,N/A - From RDC,142.0,1489.52,10.489577464788733,10549.0,0
DN-1800,Air,Guyana,SCMS from RDC,N/A - From RDC,221.0,3170.64,14.346787330316742,3671.76,1
DN-1801,Air,Uganda,SCMS from RDC,N/A - From RDC,358.0,2485.92,6.94391061452514,19950.0,1
DN-1802,Air Charter,Nigeria,SCMS from RDC,N/A - From RDC,5701.0,9736.1,1.7077881073495877,1035840.0,1
DN-1803,Air Charter,Nigeria,SCMS from RDC,N/A - From RDC,1210.0,9736.1,8.046363636363637,219916.8,1
DN-1804,Air Charter,Nigeria,SCMS from RDC,N/A - From RDC,2500.0,9736.1,3.8944400000000003,228260.0,1
DN-1805,Air Charter,Nigeria,SCMS from RDC,N/A - From RDC,3289.0,9736.1,2.9602006688963214,597600.0,1
DN-1806,Air Charter,Nigeria,SCMS from RDC,N/A - From RDC,329.0,9736.1,29.593009118541033,59760.0,1
DN-1807,Air Charter,Nigeria,SCMS from RDC,N/A - From RDC,174.0,9736.1,55.954597701149424,31672.8,1
DN-1808,Air Charter,Nigeria,SCMS from RDC,N/A - From RDC,8735.0,9736.1,1.1146078992558672,1282395.0,1
DN-1809,Air Charter,Nigeria,SCMS from RDC,N/A - From RDC,1792.0,9736.1,5.433091517857143,40695.34,1
DN-1810,Air Charter,Nigeria,SCMS from RDC,N/A - From RDC,1078.0,9736.1,9.031632653061225,98520.0,1
DN-1811,Air,Guyana,SCMS from RDC,N/A - From RDC,71.0,1721.53,24.246901408450704,2547.6,1
DN-1812,Air,Haiti,SCMS from RDC,N/A - From RDC,1456.0,25493.03,17.508949175824174,70224.0,1
DN-1813,Air Charter,Nigeria,SCMS from RDC,N/A - From RDC,1098.0,9736.1,8.86712204007286,53200.0,1
DN-1814,Air Charter,Nigeria,SCMS from RDC,N/A - From RDC,2526.0,9736.1,3.8543547110055427,122362.66,1
DN-1815,Air Charter,Nigeria,SCMS from RDC,N/A - From RDC,549.0,9736.1,17.73424408014572,26600.0,1
DN-1816,Air,Uganda,SCMS from RDC,N/A - From RDC,2156.0,14467.75,6.7104591836734695,190740.0,1
DN-1817,Air,Uganda,SCMS from RDC,N/A - From RDC,2281.0,15254.43,6.687606313020605,201960.0,1
DN-1818,Air,Uganda,SCMS from RDC,N/A - From RDC,263.0,2458.26,9.346996197718632,35040.0,1
DN-1819,Air,Uganda,SCMS from RDC,N/A - From RDC,238.0,3299.67,13.864159663865546,31536.0,1
DN-182,(blank),Zambia,SCMS from RDC,N/A - From RDC,3139.0,13094.69,4.17161197833705,739510.24,0
DN-1820,Air,Uganda,SCMS from RDC,N/A - From RDC,338.0,4159.73,12.306893491124258,43800.0,1
DN-1821,Air Charter,Nigeria,SCMS from RDC,N/A - From RDC,1773.0,9736.1,5.49131415679639,180272.04,1
DN-1822,Air Charter,Nigeria,SCMS from RDC,N/A - From RDC,5420.0,9736.1,1.7963284132841328,424476.0,1
DN-1823,Air Charter,Nigeria,SCMS from RDC,N/A - From RDC,107.0,9736.1,90.99158878504673,10748.52,1
DN-1824,Air,Tanzania,SCMS from RDC,N/A - From RDC,454.0,3219.93,7.092356828193832,16667.48,1
DN-1825,Air,Côte d'Ivoire,SCMS from RDC,N/A - From RDC,798.0,2941.11,3.6856015037593988,88270.0,1
DN-1826,Air Charter,Nigeria,SCMS from RDC,N/A - From RDC,4660.0,9736.1,2.0892918454935625,473880.96,1
DN-1827,Air,Ethiopia,SCMS from RDC,N/A - From RDC,276.0,2211.22,8.011666666666667,36050.0,1
DN-1828,Truck,Zambia,SCMS from RDC,N/A - From RDC,2475.0,4964.27,2.0057656565656568,240374.4,1
DN-1829,Truck,Zimbabwe,SCMS from RDC,N/A - From RDC,12791.0,3833.17,0.29967711672269565,702834.0,1
DN-183,Air,Mozambique,SCMS from RDC,N/A - From RDC,138.0,439.17,3.182391304347826,71330.0,1
DN-1830,Air,Zimbabwe,SCMS from RDC,N/A - From RDC,31.0,3833.17,123.65064516129033,1743.3,1
DN-1831,Air,Zimbabwe,SCMS from RDC,N/A - From RDC,7112.0,3833.17,0.5389721597300338,444600.0,1
DN-1832,Truck,Mozambique,SCMS from RDC,N/A - From RDC,20316.0,25790.82,1.2694831659775547,1896180.0,1
DN-1833,Air,Haiti,SCMS from RDC,N/A - From RDC,3318.0,23890.83,7.200370705244124,193116.0,1
DN-1834,Air,Uganda,SCMS from RDC,N/A - From RDC,580.0,6637.05,11.443189655172414,47658.0,1
DN-1835,Air,Tanzania,SCMS from RDC,N/A - From RDC,6240.0,27922.62,4.474778846153846,109200.0,1
DN-1836,Air,Côte d'Ivoire,SCMS from RDC,N/A - From RDC,538.0,2195.9,4.081598513011152,2593.11,1
DN-1837,Air,Haiti,SCMS from RDC,N/A - From RDC,4176.0,1005.2,0.24070881226053642,434881.44,1
DN-1838,Air,Guyana,SCMS from RDC,N/A - From RDC,499.0,5783.6,11.590380761523047,22254.34,1
DN-1839,Truck,Zimbabwe,SCMS from RDC,N/A - From RDC,509.0,3833.17,7.530785854616896,28025.0,1
DN-184,Air,Mozambique,SCMS from RDC,N/A - From RDC,333.0,630.23,1.8925825825825826,114891.1,1
DN-1840,Air,Uganda,SCMS from RDC,N/A - From RDC,2560.0,20654.81,8.06828515625,224400.0,1
DN-1841,Air,Uganda,SCMS from RDC,N/A - From RDC,617.0,8676.9,14.063047001620745,53654.04,1
DN-1842,Air,Haiti,SCMS from RDC,N/A - From RDC,1765.0,18473.1,10.466345609065154,31540.719999999998,1
DN-1843,Air,Ethiopia,SCMS from RDC,N/A - From RDC,400.0,961.46,2.4036500000000003,68560.0,1
DN-1844,Air,Ethiopia,SCMS from RDC,N/A - From RDC,1070.0,6153.8,5.751214953271028,29260.0,1
DN-1845,Air,Côte d'Ivoire,SCMS from RDC,N/A - From RDC,98.0,2201.14,22.46061224489796,2820.0,1
DN-1846,Air,Uganda,SCMS from RDC,N/A - From RDC,493.0,7879.03,15.98180527383367,70500.0,1
DN-1847,Air,Haiti,SCMS from RDC,N/A - From RDC,390.0,6438.38,16.508666666666667,19091.04,1
DN-1849,Air,Haiti,SCMS from RDC,N/A - From RDC,145.0,6438.37,44.40255172413793,18169.2,1
DN-1850,Air,Côte d'Ivoire,SCMS from RDC,N/A - From RDC,28.0,2677.09,95.61035714285715,3728.32,1
DN-1851,Air,Côte d'Ivoire,SCMS from RDC,N/A - From RDC,182.0,3250.13,17.857857142857142,19497.28,1
DN-1852,Air,Uganda,SCMS from RDC,N/A - From RDC,109.0,2288.29,20.99348623853211,17625.0,1
DN-1853,Air,Uganda,SCMS from RDC,N/A - From RDC,210.0,5841.92,27.818666666666665,32864.75,1
DN-1854,Air,Haiti,SCMS from RDC,N/A - From RDC,3609.0,32479.84,8.999678581324467,206682.0,1
DN-1855,Air,Nigeria,SCMS from RDC,N/A - From RDC,15200.0,9735.95,0.6405230263157895,1543012.68,1
DN-1856,Air,Uganda,SCMS from RDC,N/A - From RDC,690.0,5410.32,7.841043478260869,62132.0,1
DN-1857,Air,Ethiopia,SCMS from RDC,N/A - From RDC,77.0,961.46,12.486493506493506,3782.0,1
DN-1858,Air,Uganda,SCMS from RDC,N/A - From RDC,132.0,3661.42,27.738030303030303,6825.0,1
DN-1859,Air,Uganda,SCMS from RDC,N/A - From RDC,1943.0,6299.45,3.2421255790015437,168300.0,1
DN-186,(blank),Zambia,SCMS from RDC,N/A - From RDC,26.0,505.17,19.429615384615385,1977.9,0
DN-1860,Air,Uganda,SCMS from RDC,N/A - From RDC,1325.0,4600.45,3.4720377358490566,83362.5,1
DN-1861,Air,Côte d'Ivoire,SCMS from RDC,N/A - From RDC,9402.0,33266.37,3.538222718570517,897712.2,1
DN-1865,Truck,Zambia,SCMS from RDC,N/A - From RDC,8544.0,11054.56,1.2938389513108615,876000.0,1
DN-1866,Truck,Zambia,SCMS from RDC,N/A - From RDC,1928.0,11054.56,5.733692946058091,197625.6,1
DN-1867,Air,Côte d'Ivoire,SCMS from RDC,N/A - From RDC,7701.0,27912.64,3.6245474613686532,702556.7999999999,1
DN-1868,Air,Côte d'Ivoire,SCMS from RDC,N/A - From RDC,5997.0,8379.98,1.3973620143405034,564575.04,1
DN-1869,Air,Ethiopia,SCMS from RDC,N/A - From RDC,955.0,6154.8,6.444816753926702,46600.0,1
DN-187,(blank),Zimbabwe,SCMS from RDC,N/A - From RDC,153.0,1013.24,6.622483660130719,12833.01,0
DN-1870,Air,Rwanda,SCMS from RDC,N/A - From RDC,758.0,8929.51,11.780356200527704,65850.18,1
DN-1871,Air,Haiti,SCMS from RDC,N/A - From RDC,2027.0,19372.86,9.557405032067095,19644.559999999998,1
DN-1872,Air,Côte d'Ivoire,SCMS from RDC,N/A - From RDC,611.0,17117.51,28.015564648117838,26308.88,1
DN-1873,Air,Côte d'Ivoire,SCMS from RDC,N/A - From RDC,2979.0,3365.45,1.1297247398455856,23852.88,1
DN-1874,Air,Uganda,SCMS from RDC,N/A - From RDC,76.0,1017.15,13.383552631578947,4370.0,1
DN-1875,Truck,Zambia,SCMS from RDC,N/A - From RDC,10313.0,11054.59,1.071908271114128,562138.4,1
DN-1876,Air,Côte d'Ivoire,SCMS from RDC,N/A - From RDC,108.0,5121.68,47.42296296296296,27600.0,1
DN-1877,Air,Côte d'Ivoire,SCMS from RDC,N/A - From RDC,1438.0,5121.68,3.5616689847009737,7085.76,1
DN-1878,Air,Côte d'Ivoire,SCMS from RDC,N/A - From RDC,698.0,5121.68,7.337650429799427,32884.0,1
DN-1879,Air,Côte d'Ivoire,SCMS from RDC,N/A - From RDC,733.0,5121.68,6.987285129604366,32760.0,1
DN-1880,Air,Côte d'Ivoire,SCMS from RDC,N/A - From RDC,1451.0,5121.68,3.5297587870434186,7085.76,1
DN-1883,Air,Nigeria,SCMS from RDC,N/A - From RDC,2406.0,6147.18,2.5549376558603494,224400.0,1
DN-1884,Air,Nigeria,SCMS from RDC,N/A - From RDC,1250.0,6147.18,4.917744,112200.0,1
DN-1885,Air,Nigeria,SCMS from RDC,N/A - From RDC,608.0,6147.18,10.110493421052633,56100.0,1
DN-1887,Air,Côte d'Ivoire,SCMS from RDC,N/A - From RDC,1632.0,5121.68,3.1382843137254905,8246.0,1
DN-1888,Air,Côte d'Ivoire,SCMS from RDC,N/A - From RDC,588.0,5121.68,8.710340136054421,43214.0,1
DN-1889,Air,Côte d'Ivoire,SCMS from RDC,N/A - From RDC,731.0,5121.69,7.00641586867305,117158.4,1
DN-189,Air,Mozambique,SCMS from RDC,N/A - From RDC,5778.0,20299.0,3.513153340256144,458800.0,1
DN-1890,Air,Tanzania,SCMS from RDC,N/A - From RDC,2262.0,10536.12,4.657877984084881,54938.52,1
DN-1891,Air,Mozambique,SCMS from RDC,N/A - From RDC,210.0,1894.2,9.02,7980.0,1
DN-1892,Truck,Zambia,SCMS from RDC,N/A - From RDC,947.0,13232.09,13.972639915522704,163601.3,1
DN-190,(blank),Nigeria,SCMS from RDC,N/A - From RDC,54.0,1283.24,23.763703703703705,1601.0,0
DN-1907,Air,Ethiopia,SCMS from RDC,N/A - From RDC,88.0,755.64,8.586818181818181,14420.0,1
DN-191,(blank),Nigeria,SCMS from RDC,N/A - From RDC,57.0,1339.8,23.505263157894735,6953.1,0
DN-1927,Air,Tanzania,SCMS from RDC,N/A - From RDC,2344.0,9309.52,3.971638225255973,400356.12,1
DN-193,(blank),Côte d'Ivoire,SCMS from RDC,N/A - From RDC,235.0,1619.0,6.889361702127659,76042.15,0
DN-194,(blank),Côte d'Ivoire,SCMS from RDC,N/A - From RDC,1015.0,3256.0,3.2078817733990146,236000.0,0
DN-1943,Air,Uganda,SCMS from RDC,N/A - From RDC,301.0,4758.36,15.808504983388703,37635.25,1
DN-1944,Air,Haiti,SCMS from RDC,N/A - From RDC,2565.0,25670.1,10.007836257309942,278883.36,1
DN-1947,Air,Tanzania,SCMS from RDC,N/A - From RDC,2695.0,13457.25,4.993413729128015,105105.0,1
DN-1948,Air,Zimbabwe,SCMS from RDC,N/A - From RDC,7268.0,13243.91,1.8222220693450744,422810.12,1
DN-1949,Air,Uganda,SCMS from RDC,N/A - From RDC,1642.0,15347.04,9.346552984165653,137580.0,1
DN-1950,Air,Rwanda,SCMS from RDC,N/A - From RDC,5364.0,81670.57,15.225684190902314,495149.82,1
DN-1951,Air,Ethiopia,SCMS from RDC,N/A - From RDC,3931.0,13215.67,3.3619104553548715,233784.0,1
DN-1952,Air,Ethiopia,SCMS from RDC,N/A - From RDC,341.0,114.22,0.3349560117302053,22920.0,1
DN-1953,Air,Tanzania,SCMS from RDC,N/A - From RDC,269.0,1647.25,6.12360594795539,21900.0,1
DN-1954,Air,Tanzania,SCMS from RDC,N/A - From RDC,2344.0,1647.25,0.7027517064846417,383709.6,1
DN-1955,Air Charter,Nigeria,SCMS from RDC,N/A - From RDC,3570.0,6147.18,1.7218991596638655,323898.96,1
DN-1956,Air Charter,Nigeria,SCMS from RDC,N/A - From RDC,7253.0,6147.18,0.8475361919205846,617885.4,1
DN-1957,Air Charter,Nigeria,SCMS from RDC,N/A - From RDC,5366.0,6147.18,1.1455795751024973,457215.0,1
DN-1958,Air Charter,Nigeria,SCMS from RDC,N/A - From RDC,659.0,6147.18,9.32804248861912,56100.0,1
DN-1959,Air Charter,Nigeria,SCMS from RDC,N/A - From RDC,922.0,6147.18,6.667223427331887,78540.0,1
DN-196,(blank),Côte d'Ivoire,SCMS from RDC,N/A - From RDC,7185.0,17587.0,2.447738343771747,411608.5,0
DN-1962,Truck,Mozambique,SCMS from RDC,N/A - From RDC,12980.0,11134.62,0.857828967642527,1039449.9,1
DN-1964,Air,Haiti,SCMS from RDC,N/A - From RDC,7225.0,69748.5,9.653771626297578,199208.16,1
DN-1965,Air,Haiti,SCMS from RDC,N/A - From RDC,123.0,2136.1,17.366666666666667,16438.8,1
DN-1966,Air Charter,Nigeria,SCMS from RDC,N/A - From RDC,270.0,6147.18,22.767333333333333,35250.0,1
DN-1967,Air Charter,Nigeria,SCMS from RDC,N/A - From RDC,560.0,6147.18,10.977107142857143,72885.25,1
DN-1968,Air Charter,Nigeria,SCMS from RDC,N/A - From RDC,2700.0,6147.18,2.2767333333333335,352500.0,1
DN-1969,Air Charter,Nigeria,SCMS from RDC,N/A - From RDC,5896.0,6147.18,1.042601763907734,769648.5,1
DN-1970,Air Charter,Nigeria,SCMS from RDC,N/A - From RDC,900.0,6147.18,6.8302000000000005,117500.0,1
DN-1971,Air Charter,Nigeria,SCMS from RDC,N/A - From RDC,270.0,6147.18,22.767333333333333,35250.0,1
DN-1972,Air Charter,Nigeria,SCMS from RDC,N/A - From RDC,225.0,6147.18,27.320800000000002,29375.0,1
DN-1973,Air Charter,Nigeria,SCMS from RDC,N/A - From RDC,122.0,6147.18,50.38672131147541,15604.0,1
DN-1974,Air Charter,Nigeria,SCMS from RDC,N/A - From RDC,10519.0,6147.18,0.5843882498336344,897600.0,1
DN-1975,Air Charter,Nigeria,SCMS from RDC,N/A - From RDC,7050.0,6147.18,0.871940425531915,607282.5,1
DN-1976,Air Charter,Nigeria,SCMS from RDC,N/A - From RDC,4212.0,6147.18,1.4594444444444445,359488.8,1
DN-1977,Air Charter,Nigeria,SCMS from RDC,N/A - From RDC,1972.0,6147.18,3.1172312373225153,168300.0,1
DN-1978,Air Charter,Nigeria,SCMS from RDC,N/A - From RDC,789.0,6147.18,7.791102661596959,67320.0,1
DN-1979,Air Charter,Nigeria,SCMS from RDC,N/A - From RDC,224.0,6147.18,27.442767857142858,19074.0,1
DN-198,(blank),Côte d'Ivoire,SCMS from RDC,N/A - From RDC,95.0,1448.0,15.242105263157894,34260.6,0
DN-1980,Air Charter,Nigeria,SCMS from RDC,N/A - From RDC,336.0,6147.18,18.295178571428572,37812.0,1
DN-1981,Air,Ethiopia,SCMS from RDC,N/A - From RDC,196.0,1229.52,6.273061224489796,36050.0,1
DN-1982,Air,Côte d'Ivoire,SCMS from RDC,N/A - From RDC,6991.0,12648.36,1.8092347303676155,534171.2,1
DN-1983,Air,Côte d'Ivoire,SCMS from RDC,N/A - From RDC,317.0,12648.36,39.90018927444795,9290.7,1
DN-1984,Air,Côte d'Ivoire,SCMS from RDC,N/A - From RDC,3202.0,12648.38,3.950149906308557,96276.14,1
DN-1985,Air,Dominican Republic,SCMS from RDC,N/A - From RDC,1726.0,17450.76,10.110521436848202,158760.0,1
DN-1986,Air,Uganda,SCMS from RDC,N/A - From RDC,365.0,6068.75,16.626712328767123,47000.0,1
DN-1987,Air,Uganda,SCMS from RDC,N/A - From RDC,61.0,536.02,8.787213114754097,7637.5,1
DN-1988,Air,Uganda,SCMS from RDC,N/A - From RDC,2098.0,10620.0,5.061963775023832,183413.34,1
DN-199,(blank),Côte d'Ivoire,SCMS from RDC,N/A - From RDC,6634.0,15561.0,2.3456436539041303,1016517.88,0
DN-1990,Air Charter,Nigeria,SCMS from RDC,N/A - From RDC,1448.0,6147.18,4.245290055248619,35773.92,1
DN-1991,Air Charter,Nigeria,SCMS from RDC,N/A - From RDC,377.0,6147.18,16.30551724137931,9069.06,1
DN-1992,Air Charter,Nigeria,SCMS from RDC,N/A - From RDC,3951.0,6147.18,1.555854214123007,95006.73,1
DN-1993,Air Charter,Nigeria,SCMS from RDC,N/A - From RDC,5357.0,6147.18,1.147504200112003,128719.5,1
DN-1994,Air Charter,Nigeria,SCMS from RDC,N/A - From RDC,3344.0,6147.14,1.8382595693779906,81900.0,1
DN-1997,Air,Uganda,SCMS from RDC,N/A - From RDC,20269.0,132890.27,6.556330850066604,1687548.75,1
DN-1998,Air,Uganda,SCMS from RDC,N/A - From RDC,7187.0,16285.97,2.2660317239460137,579742.6,1
DN-1999,Air,Ethiopia,SCMS from RDC,N/A - From RDC,668.0,2633.57,3.9424700598802396,52716.0,1
DN-2000,Air,Côte d'Ivoire,SCMS from RDC,N/A - From RDC,5334.0,8815.65,1.6527277840269965,542419.2,1
DN-2001,Air,Côte d'Ivoire,SCMS from RDC,N/A - From RDC,3506.0,8815.65,2.514446662863662,348429.6,1
DN-2002,Air,Uganda,SCMS from RDC,N/A - From RDC,3457.0,35689.71,10.323896442001736,343821.15,1
DN-2003,Air,Zambia,SCMS from RDC,N/A - From RDC,15140.0,16249.55,1.073285997357992,1518075.45,1
DN-2004,Air,Côte d'Ivoire,SCMS from RDC,N/A - From RDC,134.0,8815.65,65.7884328358209,9796.0,1
DN-2005,Air,Côte d'Ivoire,SCMS from RDC,N/A - From RDC,842.0,8815.65,10.469893111638955,61504.0,1
DN-2006,Air,Ethiopia,SCMS from RDC,N/A - From RDC,74.0,530.36,7.167027027027027,4194.0,1
DN-2007,Air,Ethiopia,SCMS from RDC,N/A - From RDC,84.0,530.36,6.313809523809524,4660.0,1
DN-2008,Air,Tanzania,SCMS from RDC,N/A - From RDC,4729.0,18390.42,3.888860224148868,267000.0,1
DN-2009,Air,Zambia,SCMS from RDC,N/A - From RDC,579.0,4658.75,8.046200345423143,15331.4,1
DN-201,Air,Zambia,SCMS from RDC,N/A - From RDC,395.0,1848.37,4.679417721518987,58240.2,1
DN-2010,Truck,Zambia,SCMS from RDC,N/A - From RDC,693.0,2997.97,4.326075036075036,29848.0,1
DN-2011,Air,Côte d'Ivoire,SCMS from RDC,N/A - From RDC,6587.0,8953.2,1.359222711401245,493534.5,1
DN-2012,Truck,Côte d'Ivoire,SCMS from RDC,N/A - From RDC,18041.0,8953.2,0.49626960811484955,1397580.6199999999,1
DN-2013,Truck,Côte d'Ivoire,SCMS from RDC,N/A - From RDC,189.0,8953.21,47.371481481481474,7793.28,1
DN-2014,Truck,Mozambique,SCMS from RDC,N/A - From RDC,15664.0,11884.42,0.7587091419816139,1346400.0,1
DN-2015,Air,Haiti,SCMS from RDC,N/A - From RDC,8085.0,78061.3,9.655077303648733,575517.2,1
DN-2016,Air,Guyana,SCMS from RDC,N/A - From RDC,86.0,3307.86,38.463488372093025,12649.619999999999,1
DN-2017,Air,Guyana,SCMS from RDC,N/A - From RDC,411.0,3380.86,8.225936739659367,6715.6,1
DN-2018,Truck,Zambia,SCMS from RDC,N/A - From RDC,16961.0,16981.15,1.0011880195743177,2030344.08,1
DN-2019,Truck,Zimbabwe,SCMS from RDC,N/A - From RDC,18105.0,16594.87,0.9165904446285555,973791.0,1
DN-2020,Air,Haiti,SCMS from RDC,N/A - From RDC,69.0,29153.27,422.51115942028986,810.0,1
DN-2021,Air,Haiti,SCMS from RDC,N/A - From RDC,6234.0,31214.27,5.007101379531601,569632.2300000001,1
DN-2022,Air,Guyana,SCMS from RDC,N/A - From RDC,34.0,2027.42,59.63,5425.0,1
DN-2024,Truck,Tanzania,SCMS from RDC,N/A - From RDC,7397.0,28022.17,3.7883155333243206,400500.0,1
DN-2025,Air,Nigeria,SCMS from RDC,N/A - From RDC,16417.0,20264.93,1.2343869160017056,1867494.09,1
DN-2026,Air,Uganda,SCMS from RDC,N/A - From RDC,13087.0,56372.66,4.307531137770306,1107821.43,1
DN-2027,Truck,Mozambique,SCMS from RDC,N/A - From RDC,28237.0,14163.13,0.5015805503417502,2339381.22,1
DN-2028,Truck,Uganda,SCMS from RDC,N/A - From RDC,4050.0,15759.47,3.891227160493827,336600.0,1
DN-2029,Truck,Zambia,SCMS from RDC,N/A - From RDC,8754.0,8109.91,0.9264233493260223,399000.0,1
DN-203,(blank),Zambia,SCMS from RDC,N/A - From RDC,1092.0,4761.51,4.3603571428571435,206280.9,0
DN-2030,Truck,Zambia,SCMS from RDC,N/A - From RDC,3127.0,8109.92,2.59351455068756,134152.0,1
DN-2031,Air,Uganda,SCMS from RDC,N/A - From RDC,144.0,1413.56,9.816388888888888,7505.01,1
DN-2032,Truck,Zambia,SCMS from RDC,N/A - From RDC,18057.0,16868.38,0.9341740045411753,1031274.81,1
DN-2033,Truck,Côte d'Ivoire,SCMS from RDC,N/A - From RDC,11468.0,7816.45,0.6815878967561911,931541.34,1
DN-2034,Air,Côte d'Ivoire,SCMS from RDC,N/A - From RDC,168.0,7816.45,46.52648809523809,17974.95,1
DN-2035,Truck,Côte d'Ivoire,SCMS from RDC,N/A - From RDC,7889.0,6406.53,0.812083914311066,315180.21,1
DN-2036,Air,Côte d'Ivoire,SCMS from RDC,N/A - From RDC,215.0,6406.54,29.79786046511628,7996.8,1
DN-2037,Air,Mozambique,SCMS from RDC,N/A - From RDC,643.0,4156.94,6.4649144634525655,28063.68,1
DN-2038,Air,Guyana,SCMS from RDC,N/A - From RDC,89.0,1221.83,13.728426966292133,2593.92,1
DN-2039,Air,Tanzania,SCMS from RDC,N/A - From RDC,612.0,1979.75,3.2348856209150325,22110.08,1
DN-204,(blank),Zambia,SCMS from RDC,N/A - From RDC,614.0,2880.35,4.691123778501629,115902.0,0
DN-2040,Truck,Tanzania,SCMS from RDC,N/A - From RDC,12543.0,1979.75,0.1578370405804034,283800.0,1
DN-2041,Truck,Zimbabwe,SCMS from RDC,N/A - From RDC,12810.0,15919.75,1.24275956284153,654251.0,1
DN-2042,Air Charter,Nigeria,SCMS from RDC,N/A - From RDC,2181.0,20264.93,9.291577258138469,398400.0,1
DN-2043,Air Charter,Nigeria,SCMS from RDC,N/A - From RDC,101.0,20264.93,200.6428712871287,19920.0,1
DN-2044,Air Charter,Nigeria,SCMS from RDC,N/A - From RDC,1130.0,20264.93,17.933566371681415,25800.0,1
DN-2045,Air Charter,Nigeria,SCMS from RDC,N/A - From RDC,3934.0,20264.93,5.151227758007117,89397.0,1
DN-2046,Air Charter,Nigeria,SCMS from RDC,N/A - From RDC,40.0,20264.93,506.62325,903.0,1
DN-2047,Air Charter,Nigeria,SCMS from RDC,N/A - From RDC,6291.0,20265.0,3.2212684787792085,253079.94,1
DN-2048,Air,Uganda,SCMS from RDC,N/A - From RDC,15500.0,83195.98,5.367482580645161,1298658.9,1
DN-2049,Air,Ethiopia,SCMS from RDC,N/A - From RDC,90.0,866.71,9.63011111111111,11968.6,1
DN-205,(blank),Zambia,SCMS from RDC,N/A - From RDC,6243.0,25729.7,4.121367932083934,680292.5,0
DN-2050,Air,Ethiopia,SCMS from RDC,N/A - From RDC,342.0,1419.84,4.151578947368421,52925.0,1
DN-2051,Truck,Mozambique,SCMS from RDC,N/A - From RDC,6022.0,6500.45,1.079450348721355,302687.2,1
DN-2052,Truck,Mozambique,SCMS from RDC,N/A - From RDC,16015.0,12239.88,0.7642759912581953,1347510.78,1
DN-2053,Truck,Zambia,SCMS from RDC,N/A - From RDC,20752.0,17520.43,0.8442766962220509,1737735.55,1
DN-2054,Truck,Zambia,SCMS from RDC,N/A - From RDC,15358.0,16606.55,1.0812963927594739,1166032.35,1
DN-2055,Truck,Uganda,SCMS from RDC,N/A - From RDC,6960.0,29545.05,4.244978448275862,449306.08,1
DN-2056,Air,Uganda,SCMS from RDC,N/A - From RDC,909.0,5166.39,5.683597359735974,81429.22,1
DN-2057,Air,Uganda,SCMS from RDC,N/A - From RDC,214.0,5166.39,24.142009345794396,9815.4,1
DN-2058,Truck,Uganda,SCMS from RDC,N/A - From RDC,1378.0,2559.88,1.857677793904209,63273.42,1
DN-2059,Air,Haiti,SCMS from RDC,N/A - From RDC,7100.0,68243.0,9.61169014084507,454483.17,1
DN-206,Air,Côte d'Ivoire,SCMS from RDC,N/A - From RDC,259.0,1574.0,6.077220077220077,10113.6,1
DN-2060,Air,Côte d'Ivoire,SCMS from RDC,N/A - From RDC,1161.0,7826.75,6.741386735572782,53200.0,1
DN-2061,Truck,Côte d'Ivoire,SCMS from RDC,N/A - From RDC,6880.0,7826.75,1.137609011627907,267130.5,1
DN-2062,Air,Côte d'Ivoire,SCMS from RDC,N/A - From RDC,205.0,3962.5,19.329268292682926,36160.0,1
DN-2064,Air,Côte d'Ivoire,SCMS from RDC,N/A - From RDC,3093.0,11235.05,3.6324118978338182,48266.95,1
DN-2065,Air,Dominican Republic,SCMS from RDC,N/A - From RDC,1787.0,18046.12,10.098556239507554,159408.29,1
DN-2066,Air,Dominican Republic,SCMS from RDC,N/A - From RDC,594.0,4996.2,8.411111111111111,88429.97,1
DN-2067,Truck,Uganda,SCMS from RDC,N/A - From RDC,5090.0,35284.86,6.93219253438114,536538.15,1
DN-2068,Truck,Uganda,SCMS from RDC,N/A - From RDC,294.0,2894.0,9.843537414965986,30523.5,1
DN-207,(blank),Zambia,SCMS from RDC,N/A - From RDC,85.0,759.41,8.934235294117647,5095.5,0
DN-2071,Air,Côte d'Ivoire,SCMS from RDC,N/A - From RDC,232.0,1794.58,7.735258620689655,1224.6,1
DN-2072,Truck,Zambia,SCMS from RDC,N/A - From RDC,20364.0,31373.1,1.5406157925751325,2611623.5,1
DN-2073,Air,Haiti,SCMS from RDC,N/A - From RDC,7755.0,74839.9,9.650535138620244,79828.63,1
DN-2074,Air,Ethiopia,SCMS from RDC,N/A - From RDC,950.0,1842.95,1.9399473684210526,140400.0,1
DN-2075,Air,Ethiopia,SCMS from RDC,N/A - From RDC,88.0,1842.95,20.942613636363635,10512.0,1
DN-2076,Air,Côte d'Ivoire,SCMS from RDC,N/A - From RDC,364.0,2700.18,7.418076923076923,59569.98,1
DN-2077,Air,Uganda,SCMS from RDC,N/A - From RDC,386.0,2294.85,5.94520725388601,31327.8,1
DN-2078,Truck,Zambia,SCMS from RDC,N/A - From RDC,503.0,2355.79,4.683479125248509,28146.4,1
DN-2079,Truck,Uganda,SCMS from RDC,N/A - From RDC,16790.0,103428.0,6.160095294818344,1402500.0,1
DN-208,Air,Mozambique,SCMS from RDC,N/A - From RDC,141.0,411.07,2.915390070921986,8356.85,1
DN-2080,Air Charter,Nigeria,SCMS from RDC,N/A - From RDC,4502.0,27457.0,6.098844957796535,441000.0,1
DN-2081,Air,Zambia,SCMS from RDC,N/A - From RDC,493.0,2859.16,5.799513184584178,23605.23,1
DN-2082,Truck,Uganda,SCMS from RDC,N/A - From RDC,1243.0,6120.6,4.924054706355592,103841.1,1
DN-2083,Air,Uganda,SCMS from RDC,N/A - From RDC,567.0,2768.96,4.88352733686067,46854.72,1
DN-2084,Truck,Uganda,SCMS from RDC,N/A - From RDC,9299.0,54009.25,5.808070760296806,776446.44,1
DN-2086,Truck,Mozambique,SCMS from RDC,N/A - From RDC,1804.0,4815.8,2.669512195121951,76909.44,1
DN-2087,Truck,Zambia,SCMS from RDC,N/A - From RDC,6206.0,13411.32,2.161024814695456,266000.0,1
DN-2088,Air,Ethiopia,SCMS from RDC,N/A - From RDC,1190.0,6770.6,5.6895798319327735,6060.0,1
DN-2089,Air,Guatemala,SCMS from RDC,N/A - From RDC,1435.0,16252.95,11.32609756097561,136134.69,1
DN-209,(blank),Nigeria,SCMS from RDC,N/A - From RDC,1656.0,8331.36,5.031014492753624,229927.58000000002,0
DN-2090,Air Charter,Nigeria,SCMS from RDC,N/A - From RDC,70109.0,43548.0,0.6211470709894593,4840579.9799999995,1
DN-2091,Truck,Zambia,SCMS from RDC,N/A - From RDC,1207.0,7487.51,6.203405136702568,51823.86,1
DN-2092,Air Charter,Nigeria,SCMS from RDC,N/A - From RDC,426.0,43548.0,102.22535211267606,15611.0,1
DN-2093,Air Charter,Nigeria,SCMS from RDC,N/A - From RDC,11276.0,43548.0,3.8620078041858816,867676.26,1
DN-2094,Air,Mozambique,SCMS from RDC,N/A - From RDC,512.0,3415.72,6.671328125,2377.54,1
DN-2095,Air,Côte d'Ivoire,SCMS from RDC,N/A - From RDC,7275.0,8758.36,1.2038982817869417,318153.44,1
DN-2096,Truck,Mozambique,SCMS from RDC,N/A - From RDC,1137.0,4711.97,4.144212840809147,8400.0,1
DN-2098,Truck,Côte d'Ivoire,SCMS from RDC,N/A - From RDC,1721.0,8758.37,5.089116792562464,148682.0,1
DN-2099,Truck,Zambia,SCMS from RDC,N/A - From RDC,2507.0,9553.01,3.8105345033905067,127784.92,1
DN-2100,Air,Guatemala,SCMS from RDC,N/A - From RDC,2634.0,20805.8,7.898936977980258,180346.46,1
DN-2101,Air Charter,Nigeria,SCMS from RDC,N/A - From RDC,2252.0,43548.0,19.337477797513323,108324.12,1
DN-2102,Air,Tanzania,SCMS from RDC,N/A - From RDC,617.0,1647.0,2.6693679092382494,22519.24,1
DN-2103,Truck,Tanzania,SCMS from RDC,N/A - From RDC,4145.0,1647.0,0.3973462002412545,94366.08,1
DN-2104,Air,Ethiopia,SCMS from RDC,N/A - From RDC,9.0,1401.76,155.7511111111111,9638.19,1
DN-2105,Air,Côte d'Ivoire,SCMS from RDC,N/A - From RDC,794.0,8758.36,11.030680100755669,4063.8,1
DN-2106,Air,Côte d'Ivoire,SCMS from RDC,N/A - From RDC,3629.0,8758.37,2.4134389639019016,199216.77000000002,1
DN-2107,Air,Côte d'Ivoire,SCMS from RDC,N/A - From RDC,671.0,8758.36,13.05269746646796,88250.4,1
DN-2108,Air,Côte d'Ivoire,SCMS from RDC,N/A - From RDC,1195.0,8758.37,7.329179916317992,192823.02000000002,1
DN-2109,Truck,Uganda,SCMS from RDC,N/A - From RDC,4447.0,17711.71,3.9828446143467504,226682.54,1
DN-2110,Air,Côte d'Ivoire,SCMS from RDC,N/A - From RDC,532.0,7441.57,13.987913533834586,95616.0,1
DN-2111,Air,Ethiopia,SCMS from RDC,N/A - From RDC,542.0,3935.92,7.261845018450185,39551.4,1
DN-2112,Truck,Zambia,SCMS from RDC,N/A - From RDC,586.0,8045.76,13.729965870307167,77694.96,1
DN-2113,Air,Haiti,SCMS from RDC,N/A - From RDC,830.0,6555.75,7.898493975903614,31977.8,1
DN-2114,Air,Haiti,SCMS from RDC,N/A - From RDC,395.0,6555.75,16.596835443037975,8256.8,1
DN-2115,Air,Zambia,SCMS from RDC,N/A - From RDC,1583.0,8098.12,5.115679090334807,251100.0,1
DN-2116,Truck,Zambia,SCMS from RDC,N/A - From RDC,8783.0,8045.77,0.9160617101218264,351400.0,1
DN-2117,Truck,Zambia,SCMS from RDC,N/A - From RDC,43128.0,34543.36,0.8009497310332035,3561842.4,1
DN-2118,Truck,Zambia,SCMS from RDC,N/A - From RDC,11115.0,16482.05,1.4828654970760233,1419578.16,1
DN-2119,Truck,Mozambique,SCMS from RDC,N/A - From RDC,1098.0,3567.53,3.2491165755919855,5928.3,1
DN-212,Truck,Zimbabwe,SCMS from RDC,N/A - From RDC,819.0,3135.0,3.827838827838828,64335.6,1
DN-2120,Air,Côte d'Ivoire,SCMS from RDC,N/A - From RDC,176.0,1653.99,9.397670454545455,2898.0,1
DN-2121,Truck,Uganda,SCMS from RDC,N/A - From RDC,17496.0,104604.06,5.978741426611797,1470244.96,1
DN-2122,Air,Côte d'Ivoire,SCMS from RDC,N/A - From RDC,6542.0,18611.93,2.844990828492816,144128.5,1
DN-2123,Air,Côte d'Ivoire,SCMS from RDC,N/A - From RDC,4720.0,18611.92,3.943203389830508,255679.2,1
DN-2125,Truck,Zambia,SCMS from RDC,N/A - From RDC,2565.0,4471.07,1.7431072124756335,232974.15,1
DN-2126,Truck,Zimbabwe,SCMS from RDC,N/A - From RDC,5357.0,7765.18,1.4495389210378944,230844.7,1
DN-2127,Truck,Zimbabwe,SCMS from RDC,N/A - From RDC,14340.0,16222.85,1.131300557880056,1269650.28,1
DN-2128,Truck,Zimbabwe,SCMS from RDC,N/A - From RDC,2102.0,7765.17,3.6941817316841106,145745.59,1
DN-2129,Air,Guyana,SCMS from RDC,N/A - From RDC,143.0,2097.18,14.665594405594405,14638.47,1
DN-213,Air,Nigeria,SCMS from RDC,N/A - From RDC,15.0,460.0,30.666666666666668,442.75,1
DN-2130,Air,Ethiopia,SCMS from RDC,N/A - From RDC,1647.0,3600.65,2.18618700667881,289280.0,1
DN-2131,Air,Ethiopia,SCMS from RDC,N/A - From RDC,549.0,3600.65,6.55856102003643,96908.8,1
DN-2133,Air,Uganda,SCMS from RDC,N/A - From RDC,1108.0,10648.62,9.610667870036101,72100.0,1
DN-2134,Air,Uganda,SCMS from RDC,N/A - From RDC,369.0,6218.58,16.85252032520325,1950.0,1
DN-2135,Air,Uganda,SCMS from RDC,N/A - From RDC,2534.0,16629.49,6.562545382794002,332474.73,1
DN-2136,Air,Haiti,SCMS from RDC,N/A - From RDC,276.0,2080.2,7.53695652173913,47731.2,1
DN-2137,Air,Côte d'Ivoire,SCMS from RDC,N/A - From RDC,17126.0,17941.46,1.0476153217330375,1504387.1400000001,1
DN-2138,Air,Côte d'Ivoire,SCMS from RDC,N/A - From RDC,2325.0,17941.47,7.716761290322581,203875.94999999998,1
DN-2139,Air,Côte d'Ivoire,SCMS from RDC,N/A - From RDC,138.0,17941.47,130.01065217391306,10044.0,1
DN-214,Air,Mozambique,SCMS from RDC,N/A - From RDC,870.0,1149.57,1.3213448275862067,164400.0,1
DN-2140,Air,Côte d'Ivoire,SCMS from RDC,N/A - From RDC,1135.0,17941.47,15.80746255506608,7726.1,1
DN-2141,Air,Rwanda,SCMS from RDC,N/A - From RDC,724.0,4520.04,6.243149171270718,26920.5,1
DN-2142,Truck,Zambia,SCMS from RDC,N/A - From RDC,1084.0,4471.07,4.12460332103321,50509.74,1
DN-2143,Truck,Zambia,SCMS from RDC,N/A - From RDC,2556.0,4471.07,1.7492449139280124,395263.75,1
DN-2144,Truck,Uganda,SCMS from RDC,N/A - From RDC,2875.0,23675.63,8.235001739130436,278751.11,1
DN-2145,Air,Uganda,SCMS from RDC,N/A - From RDC,58.0,5596.5,96.49137931034483,2507.76,1
DN-2146,Truck,Zambia,SCMS from RDC,N/A - From RDC,13222.0,4471.08,0.3381545908334594,2394384.0,1
DN-2147,Air,Côte d'Ivoire,SCMS from RDC,N/A - From RDC,1841.0,9447.08,5.131493753394894,10500.0,1
DN-2148,Air,Ethiopia,SCMS from RDC,N/A - From RDC,629.0,4277.04,6.799745627980922,45944.01,1
DN-2151,Air,Tanzania,SCMS from RDC,N/A - From RDC,2996.0,9639.1,3.2173230974632845,151920.0,1
DN-2152,Air,Tanzania,SCMS from RDC,N/A - From RDC,4030.0,15707.3,3.897593052109181,206780.0,1
DN-2153,Air,Côte d'Ivoire,SCMS from RDC,N/A - From RDC,12232.0,60010.73,4.906043982995422,940864.73,1
DN-2154,Truck,Zambia,SCMS from RDC,N/A - From RDC,1168.0,3402.23,2.9128681506849317,47371.229999999996,1
DN-2158,Air,Côte d'Ivoire,SCMS from RDC,N/A - From RDC,1264.0,3380.35,2.6743275316455697,230673.6,1
DN-2159,Air,Côte d'Ivoire,SCMS from RDC,N/A - From RDC,5.0,3380.36,676.072,194.2,1
DN-216,(blank),Tanzania,SCMS from RDC,N/A - From RDC,2334.0,9343.18,4.003076263924593,129040.0,0
DN-2160,Truck,Mozambique,SCMS from RDC,N/A - From RDC,195.0,3495.81,17.927230769230768,9436.5,1
DN-2161,Air,Côte d'Ivoire,SCMS from RDC,N/A - From RDC,882.0,4516.67,5.1209410430839,140918.9,1
DN-2162,Air Charter,Nigeria,SCMS from RDC,N/A - From RDC,20339.0,12601.06,0.6195516003736663,1735363.74,1
DN-2163,Air Charter,Nigeria,SCMS from RDC,N/A - From RDC,2164.0,12601.06,5.82304066543438,395133.12,1
DN-2164,Air Charter,Nigeria,SCMS from RDC,N/A - From RDC,823.0,12601.06,15.311130012150668,108150.0,1
DN-2165,Air Charter,Nigeria,SCMS from RDC,N/A - From RDC,209.0,12601.07,60.2922009569378,11120.0,1
DN-2166,Air Charter,Nigeria,SCMS from RDC,N/A - From RDC,5481.0,12601.07,2.299045794563036,640368.24,1
DN-2167,Air Charter,Nigeria,SCMS from RDC,N/A - From RDC,7194.0,12601.07,1.7516082846816792,370279.68,1
DN-2168,Air Charter,Nigeria,SCMS from RDC,N/A - From RDC,3272.0,12601.07,3.851182762836186,597600.0,1
DN-2169,Air Charter,Nigeria,SCMS from RDC,N/A - From RDC,1012.0,12601.07,12.451650197628458,49396.0,1
DN-217,Air,Rwanda,SCMS from RDC,N/A - From RDC,78.0,1324.61,16.982179487179486,8000.0,1
DN-2170,Air Charter,Nigeria,SCMS from RDC,N/A - From RDC,12766.0,12601.07,0.9870805263982453,1139054.0,1
DN-2171,Air Charter,Nigeria,SCMS from RDC,N/A - From RDC,14710.0,12601.07,0.8566329027872196,325188.07,1
DN-2172,Air Charter,Nigeria,SCMS from RDC,N/A - From RDC,9.0,12601.07,1400.118888888889,1024.92,1
DN-2173,Air Charter,Nigeria,SCMS from RDC,N/A - From RDC,4502.0,12601.07,2.798993780541981,441000.0,1
DN-2174,Air Charter,Nigeria,SCMS from RDC,N/A - From RDC,76.0,12601.07,165.80355263157895,5545.08,1
DN-2175,Air Charter,Nigeria,SCMS from RDC,N/A - From RDC,2822.0,12601.12,4.465315379163714,103266.42,1
DN-2176,Air,Haiti,SCMS from RDC,N/A - From RDC,101.0,1697.33,16.805247524752474,4918.63,1
DN-2177,Truck,Zimbabwe,SCMS from RDC,N/A - From RDC,213.0,3403.98,15.98112676056338,9138.08,1
DN-2178,Truck,Zimbabwe,SCMS from RDC,N/A - From RDC,10.0,3403.99,340.399,1387.5,1
DN-2179,Truck,Zimbabwe,SCMS from RDC,N/A - From RDC,687.0,3403.99,4.954861717612809,30401.82,1
DN-2180,Truck,Zimbabwe,SCMS from RDC,N/A - From RDC,5357.0,3403.99,0.6354284114243046,239873.0,1
DN-2181,Truck,Zimbabwe,SCMS from RDC,N/A - From RDC,11668.0,15697.15,1.3453162495714774,616009.0800000001,1
DN-2182,Truck,Zambia,SCMS from RDC,N/A - From RDC,2630.0,3402.23,1.2936235741444868,127844.77,1
DN-2183,Truck,Zambia,SCMS from RDC,N/A - From RDC,11057.0,12049.4,1.08975309758524,1026000.0,1
DN-2184,Truck,Mozambique,SCMS from RDC,N/A - From RDC,4171.0,3936.85,0.9438623831215536,384750.0,1
DN-2185,Truck,Mozambique,SCMS from RDC,N/A - From RDC,2068.0,3936.86,1.9037040618955514,101304.0,1
DN-2186,Air,Haiti,SCMS from RDC,N/A - From RDC,260.0,2452.54,9.432846153846153,6011.28,1
DN-2187,Air,Côte d'Ivoire,SCMS from RDC,N/A - From RDC,3.0,1355.31,451.77,194.2,1
DN-2188,Air,Haiti,SCMS from RDC,N/A - From RDC,194.0,2452.54,12.641958762886597,12234.6,1
DN-2189,Air,Uganda,SCMS from RDC,N/A - From RDC,79.0,2305.65,29.185443037974686,14342.4,1
DN-219,(blank),Côte d'Ivoire,SCMS from RDC,N/A - From RDC,6.0,1356.0,226.0,477.3,0
DN-2190,Truck,Uganda,SCMS from RDC,N/A - From RDC,720.0,4647.66,6.4550833333333335,131472.0,1
DN-2191,Truck,Uganda,SCMS from RDC,N/A - From RDC,14983.0,78442.21,5.235414136020824,1148355.0,1
DN-2192,Truck,Uganda,SCMS from RDC,N/A - From RDC,5075.0,23711.16,4.6721497536945815,317416.18,1
DN-2193,Truck,Mozambique,SCMS from RDC,N/A - From RDC,485.0,947.52,1.9536494845360823,882.0,1
DN-2194,Truck,Zambia,SCMS from RDC,N/A - From RDC,6.0,3402.23,567.0383333333333,210.84,1
DN-2195,Truck,Zimbabwe,SCMS from RDC,N/A - From RDC,521.0,2494.56,4.7880230326295585,22773.23,1
DN-2196,Truck,Zambia,SCMS from RDC,N/A - From RDC,14935.0,15919.88,1.0659444258453297,793986.64,1
DN-2198,Truck,Zambia,SCMS from RDC,N/A - From RDC,1032.0,3402.23,3.296734496124031,45180.0,1
DN-2199,Air,Ethiopia,SCMS from RDC,N/A - From RDC,716.0,2976.29,4.156829608938548,65700.0,1
DN-22,(blank),Nigeria,SCMS from RDC,N/A - From RDC,667.0,2921.0,4.379310344827586,105595.5,0
DN-220,(blank),Côte d'Ivoire,SCMS from RDC,N/A - From RDC,263.0,1699.0,6.4600760456273765,21748.54,0
DN-2200,Air,Ethiopia,SCMS from RDC,N/A - From RDC,577.0,2143.5,3.714904679376083,114076.0,1
DN-2201,Truck,Uganda,SCMS from RDC,N/A - From RDC,338.0,3397.95,10.05310650887574,35019.380000000005,1
DN-2202,Truck,Zimbabwe,SCMS from RDC,N/A - From RDC,103.0,1224.02,11.88368932038835,7874.81,1
DN-2203,Truck,Zimbabwe,SCMS from RDC,N/A - From RDC,1671.0,5346.74,3.1997247157390785,112166.92,1
DN-2204,Air,Guyana,SCMS from RDC,N/A - From RDC,239.0,3106.89,12.999539748953975,1170.0,1
DN-2205,Truck,Zimbabwe,SCMS from RDC,N/A - From RDC,10589.0,15608.15,1.4739966002455378,579532.84,1
DN-2206,Truck,Mozambique,SCMS from RDC,N/A - From RDC,109.0,1148.65,10.538073394495413,5284.44,1
DN-2207,Truck,Tanzania,SCMS from RDC,N/A - From RDC,3076.0,3859.0,1.254551365409623,561744.0,1
DN-2208,Air Charter,Nigeria,SCMS from RDC,N/A - From RDC,5262.0,13398.0,2.54618015963512,109317.18,1
DN-2209,Air Charter,Nigeria,SCMS from RDC,N/A - From RDC,3175.0,13398.04,4.219855118110236,264320.0,1
DN-2210,Air Charter,Nigeria,SCMS from RDC,N/A - From RDC,2809.0,13398.06,4.769690281238875,56783.73,1
DN-2211,Air Charter,Nigeria,SCMS from RDC,N/A - From RDC,6749.0,13398.06,1.9851918802785598,623141.82,1
DN-2213,Air Charter,Nigeria,SCMS from RDC,N/A - From RDC,4114.0,13398.06,3.2566990763247445,352702.0,1
DN-2214,Air Charter,Nigeria,SCMS from RDC,N/A - From RDC,170.0,13398.06,78.81211764705883,7393.09,1
DN-2215,Air Charter,Nigeria,SCMS from RDC,N/A - From RDC,263.0,13398.06,50.943193916349806,19710.0,1
DN-2218,Air Charter,Nigeria,SCMS from RDC,N/A - From RDC,1107.0,13398.06,12.103035230352303,38925.08,1
DN-2219,Air Charter,Nigeria,SCMS from RDC,N/A - From RDC,5554.0,13398.06,2.412326251350378,630619.08,1
DN-2220,Air Charter,Nigeria,SCMS from RDC,N/A - From RDC,4915.0,13398.06,2.7259532044760935,248261.76,1
DN-2221,Air Charter,Nigeria,SCMS from RDC,N/A - From RDC,169.0,13398.06,79.27846153846154,11821.8,1
DN-2222,Air,Uganda,SCMS from RDC,N/A - From RDC,7464.0,4605.44,0.6170203644158627,39000.0,1
DN-2223,Truck,Zimbabwe,SCMS from RDC,N/A - From RDC,571.0,4428.06,7.754921190893171,27741.28,1
DN-2224,Truck,Zimbabwe,SCMS from RDC,N/A - From RDC,2032.0,4428.06,2.179163385826772,148750.0,1
DN-2225,Air Charter,Nigeria,SCMS from RDC,N/A - From RDC,19464.0,13398.06,0.6883508014796548,1576028.52,1
DN-2226,Air,Zambia,SCMS from RDC,N/A - From RDC,3637.0,9499.46,2.6118944184767665,18000.0,1
DN-2227,Air Charter,Rwanda,SCMS from RDC,N/A - From RDC,718.0,4370.8,6.087465181058496,3330.0,1
DN-2228,Air Charter,Nigeria,SCMS from RDC,N/A - From RDC,1237.0,13398.06,10.83109135004042,43613.76,1
DN-2229,Air Charter,Nigeria,SCMS from RDC,N/A - From RDC,4618.0,13398.06,2.901268947596362,163137.45,1
DN-223,(blank),Zambia,SCMS from RDC,N/A - From RDC,7393.0,30412.53,4.1136926822670095,282133.53,0
DN-2231,Air,Guyana,SCMS from RDC,N/A - From RDC,332.0,4398.32,13.247951807228915,14534.37,1
DN-2232,Air,Côte d'Ivoire,SCMS from RDC,N/A - From RDC,1313.0,5597.54,4.263168316831683,6825.0,1
DN-2233,Air,Haiti,SCMS from RDC,N/A - From RDC,1496.0,14897.04,9.957914438502675,7800.0,1
DN-2235,Air,Guyana,SCMS from RDC,N/A - From RDC,25.0,1052.04,42.0816,1197.62,1
DN-2237,Air,Benin,SCMS from RDC,N/A - From RDC,7682.0,28541.79,3.7154113512106224,410015.33999999997,1
DN-2238,Truck,Zambia,SCMS from RDC,N/A - From RDC,1785.0,7962.25,4.460644257703081,77917.93,1
DN-2239,Truck,Zambia,SCMS from RDC,N/A - From RDC,6449.0,7962.26,1.234650333385021,281120.0,1
DN-224,(blank),Zambia,SCMS from RDC,N/A - From RDC,124.0,874.57,7.052983870967743,7525.0,0
DN-2240,Truck,Mozambique,SCMS from RDC,N/A - From RDC,161.0,5491.01,34.10565217391304,7224.0,1
DN-2242,Truck,Mozambique,SCMS from RDC,N/A - From RDC,14413.0,5491.01,0.3809762020398252,71392.8,1
DN-2244,Air Charter,Nigeria,SCMS from RDC,N/A - From RDC,29353.0,13398.06,0.4564460191462542,2320890.66,1
DN-2245,Air Charter,Nigeria,SCMS from RDC,N/A - From RDC,177.0,13398.06,75.69525423728814,12403.2,1
DN-2246,Air,Côte d'Ivoire,SCMS from RDC,N/A - From RDC,140.0,2503.33,17.88092857142857,819.0,1
DN-2247,Air,Côte d'Ivoire,SCMS from RDC,N/A - From RDC,1784.0,2503.33,1.4032118834080718,10426.5,1
DN-2248,Air,Côte d'Ivoire,SCMS from RDC,N/A - From RDC,12.0,2503.34,208.61166666666668,273.24,1
DN-2250,Air,Benin,SCMS from RDC,N/A - From RDC,129.0,6477.67,50.21449612403101,20615.14,1
DN-2251,Air,Benin,SCMS from RDC,N/A - From RDC,1440.0,6477.67,4.498381944444445,123900.0,1
DN-2252,Air,Benin,SCMS from RDC,N/A - From RDC,2192.0,10829.6,4.94051094890511,107622.6,1
DN-2254,Truck,Zambia,SCMS from RDC,N/A - From RDC,2029.0,6801.72,3.3522523410547067,93666.0,1
DN-2255,Truck,Zambia,SCMS from RDC,N/A - From RDC,7482.0,6801.72,0.9090777866880514,36000.0,1
DN-2256,Truck,Uganda,SCMS from RDC,N/A - From RDC,126.0,1661.0,13.182539682539682,13212.27,1
DN-2258,Air,Ghana,SCMS from RDC,N/A - From RDC,2269.0,226.25,0.0997135301895108,95480.4,1
DN-2259,Air,Ghana,SCMS from RDC,N/A - From RDC,3274.0,21881.71,6.683478924862553,261329.68000000002,1
DN-2260,Air,Ghana,SCMS from RDC,N/A - From RDC,2216.0,226.25,0.10209837545126353,64027.59,1
DN-2261,Truck,Tanzania,SCMS from RDC,N/A - From RDC,11129.0,13838.17,1.2434333722706443,1083150.0,1
DN-2262,Air,Ghana,SCMS from RDC,N/A - From RDC,90.0,226.25,2.513888888888889,6972.12,1
DN-2263,Air,Haiti,SCMS from RDC,N/A - From RDC,1055.0,11490.2,10.891184834123223,27627.18,1
DN-2264,Truck,Mozambique,SCMS from RDC,N/A - From RDC,2409.0,3525.03,1.4632752179327522,12625.0,1
DN-2265,Air,Tanzania,SCMS from RDC,N/A - From RDC,6986.0,26538.46,3.7988061837961635,818283.44,1
DN-2266,Truck,Zimbabwe,SCMS from RDC,N/A - From RDC,445.0,2143.48,4.816808988764045,16197.6,1
DN-2268,Truck,Mozambique,SCMS from RDC,N/A - From RDC,34813.0,14716.83,0.42273949386723353,2929564.44,1
DN-2269,Truck,Mozambique,SCMS from RDC,N/A - From RDC,3666.0,3525.04,0.9615493726132024,338887.8,1
DN-227,(blank),Côte d'Ivoire,SCMS from RDC,N/A - From RDC,67.0,1439.0,21.47761194029851,3340.0,0
DN-2270,Truck,Mozambique,SCMS from RDC,N/A - From RDC,1391.0,3525.04,2.534176851186197,128660.4,1
DN-2271,Air Charter,Nigeria,SCMS from RDC,N/A - From RDC,7190.0,13398.06,1.8634297635605006,1247211.12,1
DN-2272,Truck,Zambia,SCMS from RDC,N/A - From RDC,523.0,3949.19,7.551032504780115,77080.0,1
DN-2273,Truck,Zambia,SCMS from RDC,N/A - From RDC,7469.0,3949.19,0.5287441424554826,36000.0,1
DN-2274,Air,Ghana,SCMS from RDC,N/A - From RDC,611.0,226.25,0.37029459901800327,70067.88,1
DN-2276,Truck,Uganda,SCMS from RDC,N/A - From RDC,2757.0,18317.11,6.643855640188611,233746.26,1
DN-2277,Air,Haiti,SCMS from RDC,N/A - From RDC,4235.0,29352.17,6.930854781582054,208573.5,1
DN-2278,Air,Haiti,SCMS from RDC,N/A - From RDC,1778.0,28585.57,16.077373453318334,176489.1,1
DN-2279,Truck,Zimbabwe,SCMS from RDC,N/A - From RDC,212.0,2143.48,10.110754716981132,7005.3,1
DN-228,(blank),Zambia,SCMS from RDC,N/A - From RDC,1005.0,4407.26,4.3853333333333335,315000.0,0
DN-2280,Truck,Zambia,SCMS from RDC,N/A - From RDC,1405.0,3949.19,2.810811387900356,187460.0,1
DN-2281,Truck,Mozambique,SCMS from RDC,N/A - From RDC,8491.0,10605.03,1.248973030267342,451861.2,1
DN-2282,Truck,Zimbabwe,SCMS from RDC,N/A - From RDC,9134.0,16064.09,1.7587135975476242,477308.22,1
DN-2283,Air,Haiti,SCMS from RDC,N/A - From RDC,38.0,1128.54,29.698421052631577,2700.0,1
DN-2284,Truck,Mozambique,SCMS from RDC,N/A - From RDC,36.0,843.36,23.426666666666666,588.0,1
DN-2285,Truck,Zimbabwe,SCMS from RDC,N/A - From RDC,357.0,2143.49,6.004173669467787,15314.32,1
DN-2286,Air Charter,Nigeria,SCMS from RDC,N/A - From RDC,2808.0,13398.06,4.771388888888889,258858.18,1
DN-2287,Truck,Uganda,SCMS from RDC,N/A - From RDC,2641.0,19673.48,7.449254070427868,264600.0,1
DN-2288,Air,Zimbabwe,SCMS from RDC,N/A - From RDC,8.0,940.23,117.52875,1054.0,1
DN-2289,Air,Zambia,SCMS from RDC,N/A - From RDC,846.0,3798.73,4.4902245862884165,109363.8,1
DN-229,Air,Tanzania,SCMS from RDC,N/A - From RDC,3093.0,1547.0,0.5001616553507922,58658.0,1
DN-2290,Air,Zimbabwe,SCMS from RDC,N/A - From RDC,357.0,2001.46,5.606330532212885,17447.1,1
DN-2291,Air,Haiti,SCMS from RDC,N/A - From RDC,1840.0,14866.14,8.079423913043478,9862.3,1
DN-2292,Air,Haiti,SCMS from RDC,N/A - From RDC,1156.0,14661.14,12.682647058823528,6045.0,1
DN-2294,Air,Côte d'Ivoire,SCMS from RDC,N/A - From RDC,224.0,3545.1,15.826339285714285,1170.0,1
DN-2296,Air,Côte d'Ivoire,SCMS from RDC,N/A - From RDC,151.0,3545.1,23.477483443708607,35347.5,1
DN-2297,Truck,Uganda,SCMS from RDC,N/A - From RDC,698.0,3865.63,5.538151862464184,30120.0,1
DN-2298,Truck,Uganda,SCMS from RDC,N/A - From RDC,1409.0,10928.52,7.7562242725337125,124783.82,1
DN-2299,Truck,Zambia,SCMS from RDC,N/A - From RDC,10847.0,15973.89,1.472655112012538,1784200.0,1
DN-230,Air,Tanzania,SCMS from RDC,N/A - From RDC,1879.0,9538.74,5.0764981373070786,127120.0,1
DN-2300,Truck,Zimbabwe,SCMS from RDC,N/A - From RDC,1019.0,4969.87,4.87720314033366,87283.82,1
DN-2301,Truck,Zimbabwe,SCMS from RDC,N/A - From RDC,487.0,2091.17,4.293983572895278,22773.23,1
DN-2302,Truck,Mozambique,SCMS from RDC,N/A - From RDC,4988.0,7960.74,1.5959783480352847,441351.0,1
DN-2303,Truck,Mozambique,SCMS from RDC,N/A - From RDC,183.0,112.87,0.616775956284153,4876.2,1
DN-2304,Air,Côte d'Ivoire,SCMS from RDC,N/A - From RDC,26409.0,60432.88,2.288344125108864,2351820.58,1
DN-2305,Air,Nigeria,SCMS from RDC,N/A - From RDC,209.0,2136.53,10.22263157894737,11120.0,1
DN-2306,Truck,Tanzania,SCMS from RDC,N/A - From RDC,880.0,3175.7,3.6087499999999997,148084.86,1
DN-2307,Truck,Zimbabwe,SCMS from RDC,N/A - From RDC,539.0,1709.78,3.172133580705009,27741.28,1
DN-2308,Truck,Mozambique,SCMS from RDC,N/A - From RDC,2157.0,2166.21,1.0042698191933241,11362.5,1
DN-2310,Air,Haiti,SCMS from RDC,N/A - From RDC,10030.0,96669.4,9.6380259222333,544030.7,1
DN-2311,Air,Côte d'Ivoire,SCMS from RDC,N/A - From RDC,212.0,1771.26,8.355,7200.0,1
DN-2312,Truck,Uganda,SCMS from RDC,N/A - From RDC,370.0,2886.12,7.800324324324324,66333.6,1
DN-2313,Truck,Uganda,SCMS from RDC,N/A - From RDC,195.0,2070.68,10.618871794871794,16355.86,1
DN-2314,Air,Tanzania,SCMS from RDC,N/A - From RDC,259.0,1553.64,5.998610038610039,28113.03,1
DN-2315,Truck,Uganda,SCMS from RDC,N/A - From RDC,3026.0,14406.99,4.761067415730337,264320.0,1
DN-2316,Truck,Mozambique,SCMS from RDC,N/A - From RDC,181.0,315.51,1.7431491712707181,7821.81,1
DN-2317,Truck,Mozambique,SCMS from RDC,N/A - From RDC,15808.0,11969.68,0.7571912955465587,1336279.56,1
DN-2318,Truck,Zimbabwe,SCMS from RDC,N/A - From RDC,6.0,909.15,151.525,957.0,1
DN-2319,Air,Côte d'Ivoire,SCMS from RDC,N/A - From RDC,955.0,12606.03,13.200031413612566,41520.6,1
DN-232,Air,Guyana,SCMS from RDC,N/A - From RDC,12.0,764.62,63.718333333333334,1703.35,1
DN-2320,Air,Ghana,SCMS from RDC,N/A - From RDC,5199.0,585.0,0.11252163877668782,378868.52,1
DN-2321,Air,Ghana,SCMS from RDC,N/A - From RDC,2698.0,12676.4,4.6984432913269085,113160.84,1
DN-2322,Truck,Zambia,SCMS from RDC,N/A - From RDC,21879.0,8647.16,0.3952264728735317,1027504.48,1
DN-2323,Truck,Zambia,SCMS from RDC,N/A - From RDC,8045.0,13511.49,1.679489123679304,429261.12,1
DN-2324,Truck,Zimbabwe,SCMS from RDC,N/A - From RDC,1406.0,5479.15,3.896977240398293,49203.09,1
DN-2325,Truck,Mozambique,SCMS from RDC,N/A - From RDC,5406.0,7664.01,1.4176859045504995,273667.0,1
DN-2326,Truck,Uganda,SCMS from RDC,N/A - From RDC,1518.0,6561.51,4.322470355731226,68879.58,1
DN-2327,Air,Uganda,SCMS from RDC,N/A - From RDC,138.0,1812.94,13.137246376811595,15709.74,1
DN-2328,Truck,Uganda,SCMS from RDC,N/A - From RDC,656.0,4376.56,6.671585365853659,61239.43,1
DN-2329,Truck,Uganda,SCMS from RDC,N/A - From RDC,20230.0,79938.08,3.9514621848739497,1624656.6400000001,1
DN-2330,Truck,Mozambique,SCMS from RDC,N/A - From RDC,707.0,826.26,1.1686845827439887,3680.44,1
DN-2331,Air,Haiti,SCMS from RDC,N/A - From RDC,1704.0,16881.16,9.906784037558685,126447.0,1
DN-2333,Truck,Uganda,SCMS from RDC,N/A - From RDC,617.0,2886.92,4.678962722852512,66931.2,1
DN-2334,Air,Uganda,SCMS from RDC,N/A - From RDC,4274.0,24213.81,5.665374356574637,22085.7,1
DN-2335,Truck,Mozambique,SCMS from RDC,N/A - From RDC,43.0,888.93,20.67279069767442,753.2,1
DN-2338,Truck,Zambia,SCMS from RDC,N/A - From RDC,18994.0,21077.51,1.109693060966621,1665853.0,1
DN-2339,Air,Côte d'Ivoire,SCMS from RDC,N/A - From RDC,7916.0,21397.38,2.7030545730166753,794292.8999999999,1
DN-234,Air,Tanzania,SCMS from RDC,N/A - From RDC,1415.0,4458.0,3.150530035335689,278000.0,1
DN-2340,Truck,Mozambique,SCMS from RDC,N/A - From RDC,3642.0,5678.14,1.5590719384953324,18988.0,1
DN-2341,Truck,Zambia,SCMS from RDC,N/A - From RDC,2629.0,3139.96,1.1943552681627996,332236.8,1
DN-2342,Truck,Zambia,SCMS from RDC,N/A - From RDC,17967.0,21180.7,1.1788668113764122,1456304.08,1
DN-2343,Truck,Zimbabwe,SCMS from RDC,N/A - From RDC,5154.0,12956.94,2.5139580908032597,509474.1,1
DN-2344,Truck,Uganda,SCMS from RDC,N/A - From RDC,607.0,4911.39,8.091252059308074,52493.36,1
DN-2346,Air,Haiti,SCMS from RDC,N/A - From RDC,877.0,9178.48,10.465769669327251,37650.0,1
DN-2348,Air,Guyana,SCMS from RDC,N/A - From RDC,199.0,3127.35,15.715326633165828,7176.290000000001,1
DN-2349,Truck,Zambia,SCMS from RDC,N/A - From RDC,1456.0,3949.18,2.712348901098901,262027.68,1
DN-2350,Air Charter,Nigeria,SCMS from RDC,N/A - From RDC,37993.0,18495.9,0.48682388861105996,3003268.62,1
DN-2351,Air Charter,Nigeria,SCMS from RDC,N/A - From RDC,9988.0,18495.9,1.8518121746095315,412638.98,1
DN-2352,Air Charter,Nigeria,SCMS from RDC,N/A - From RDC,108.0,18495.9,171.25833333333335,1400.0,1
DN-2353,Air Charter,Nigeria,SCMS from RDC,N/A - From RDC,220.0,18495.9,84.07227272727273,10019.0,1
DN-2354,Air Charter,Nigeria,SCMS from RDC,N/A - From RDC,107.0,18495.9,172.8588785046729,10522.38,1
DN-2355,Air Charter,Nigeria,SCMS from RDC,N/A - From RDC,9629.0,21326.73,2.2148437013189324,868644.02,1
DN-2356,Air Charter,Nigeria,SCMS from RDC,N/A - From RDC,11004.0,18495.9,1.6808342420937843,1127872.2,1
DN-2357,Truck,Zambia,SCMS from RDC,N/A - From RDC,17285.0,21454.88,1.2412426959791727,796176.0,1
DN-2358,Air Charter,Nigeria,SCMS from RDC,N/A - From RDC,6622.0,18495.9,2.793098761703413,537007.38,1
DN-2359,Air,Swaziland,SCMS from RDC,N/A - From RDC,4502.0,12314.4,2.7353176366059526,449496.42,1
DN-236,(blank),Nigeria,SCMS from RDC,N/A - From RDC,115.0,1352.0,11.756521739130434,13500.0,0
DN-2360,Air,Swaziland,SCMS from RDC,N/A - From RDC,1926.0,3134.82,1.627632398753894,184095.12,1
DN-2361,Air,Guyana,SCMS from RDC,N/A - From RDC,294.0,4338.44,14.756598639455781,4403.110000000001,1
DN-2362,Truck,Zimbabwe,SCMS from RDC,N/A - From RDC,209.0,502.49,2.404258373205742,17234.75,1
DN-2363,Truck,Tanzania,SCMS from RDC,N/A - From RDC,4560.0,1047.17,0.22964254385964913,803513.04,1
DN-2366,Truck,Mozambique,SCMS from RDC,N/A - From RDC,5269.0,4480.45,0.8503416208009109,27288.3,1
DN-2367,Truck,Zimbabwe,SCMS from RDC,N/A - From RDC,1423.0,6623.46,4.6545748418833455,366291.72,1
DN-2369,Air,Côte d'Ivoire,SCMS from RDC,N/A - From RDC,3789.0,13956.38,3.6833940353655317,262614.82,1
DN-237,(blank),Tanzania,SCMS from RDC,N/A - From RDC,176.0,2102.0,11.943181818181818,41700.0,0
DN-2370,Air,Haiti,SCMS from RDC,N/A - From RDC,483.0,5324.69,11.024202898550724,2519.4,1
DN-2371,Air,Swaziland,SCMS from RDC,N/A - From RDC,2237.0,3148.12,1.4072954850245865,214302.0,1
DN-2372,Truck,Zimbabwe,SCMS from RDC,N/A - From RDC,1456.0,2326.77,1.5980563186813186,105995.0,1
DN-2373,Truck,Tanzania,SCMS from RDC,N/A - From RDC,396.0,1047.17,2.644368686868687,68285.76,1
DN-2375,Truck,Tanzania,SCMS from RDC,N/A - From RDC,83.0,2094.34,25.233012048192773,1359241.2,1
DN-2376,Air Charter,Nigeria,SCMS from RDC,N/A - From RDC,277.0,18495.9,66.77220216606499,47588.88,1
DN-2377,Air Charter,Nigeria,SCMS from RDC,N/A - From RDC,5712.0,18495.9,3.2380777310924374,422000.0,1
DN-2378,Air Charter,Nigeria,SCMS from RDC,N/A - From RDC,10428.0,18495.9,1.7736766398158805,1811365.44,1
DN-2379,Air,Swaziland,SCMS from RDC,N/A - From RDC,2641.0,7168.8,2.714426353653919,246900.0,1
DN-238,Air,Rwanda,SCMS from RDC,N/A - From RDC,130.0,1676.91,12.899307692307692,20850.0,1
DN-2381,Air,Guyana,SCMS from RDC,N/A - From RDC,33.0,1002.59,30.381515151515153,1621.68,1
DN-2382,Air,Uganda,SCMS from RDC,N/A - From RDC,5262.0,27823.07,5.287546560243253,27286.35,1
DN-2383,Truck,Zimbabwe,SCMS from RDC,N/A - From RDC,298.0,1360.32,4.564832214765101,10100.0,1
DN-2384,Truck,Zimbabwe,SCMS from RDC,N/A - From RDC,257.0,320.43,1.2468093385214007,17724.0,1
DN-2385,Truck,Zambia,SCMS from RDC,N/A - From RDC,4471.0,10370.59,2.3195235965108476,315247.68,1
DN-2386,Air,Tanzania,SCMS from RDC,N/A - From RDC,483.0,2367.4,4.901449275362319,82926.96,1
DN-2387,Air,Haiti,SCMS from RDC,N/A - From RDC,230.0,2936.8,12.768695652173914,5390.0,1
DN-2388,Air,Swaziland,SCMS from RDC,N/A - From RDC,2036.0,15635.84,7.679685658153241,156640.66,1
DN-2389,Air,Uganda,SCMS from RDC,N/A - From RDC,3654.0,19520.77,5.342301587301588,19098.3,1
DN-239,Air,Tanzania,SCMS from RDC,N/A - From RDC,1050.0,3291.0,3.1342857142857143,42150.99,1
DN-2390,Truck,Zimbabwe,SCMS from RDC,N/A - From RDC,496.0,5257.35,10.599495967741936,38071.67,1
DN-2391,Air,Swaziland,SCMS from RDC,N/A - From RDC,5961.0,20144.99,3.379464854890119,504900.0,1
DN-2392,Truck,Mozambique,SCMS from RDC,N/A - From RDC,9931.0,6888.32,0.6936179639512637,55041.75,1
DN-2393,Air Charter,Nigeria,SCMS from RDC,N/A - From RDC,1722.0,21326.73,12.3848606271777,152830.86,1
DN-2394,Air Charter,Nigeria,SCMS from RDC,N/A - From RDC,2391.0,21326.73,8.919585947302384,190385.72,1
DN-2395,Air Charter,Nigeria,SCMS from RDC,N/A - From RDC,28277.0,21326.73,0.7542076599356368,2244089.76,1
DN-2396,Truck,Zambia,SCMS from RDC,N/A - From RDC,1936.0,9421.76,4.866611570247934,48463.08,1
DN-2397,Truck,Zimbabwe,SCMS from RDC,N/A - From RDC,5598.0,11154.87,1.9926527331189712,140058.0,1
DN-2398,Truck,Zambia,SCMS from RDC,N/A - From RDC,2409.0,9346.8,3.8799501867995017,233758.2,1
DN-2399,Air,Haiti,SCMS from RDC,N/A - From RDC,418.0,4692.14,11.225215311004785,6328.0,1
DN-240,(blank),Côte d'Ivoire,SCMS from RDC,N/A - From RDC,373.0,1850.0,4.959785522788204,82843.8,0
DN-2400,Truck,Zambia,SCMS from RDC,N/A - From RDC,819.0,2882.6,3.5196581196581196,89834.55,1
DN-2401,Air Charter,Nigeria,SCMS from RDC,N/A - From RDC,6180.0,21326.73,3.4509271844660194,506167.86,1
DN-2402,Air Charter,Nigeria,SCMS from RDC,N/A - From RDC,8935.0,21326.73,2.3868752098489088,730456.58,1
DN-2403,Air Charter,Nigeria,SCMS from RDC,N/A - From RDC,1794.0,21326.7,11.887792642140468,151053.42,1
DN-2404,Air,Ghana,SCMS from RDC,N/A - From RDC,2169.0,985.0,0.4541263254956201,248839.2,1
DN-2405,Truck,Côte d'Ivoire,SCMS from RDC,N/A - From RDC,360.0,3274.41,9.095583333333334,64770.84,1
DN-2406,Air,Côte d'Ivoire,SCMS from RDC,N/A - From RDC,777.0,3274.41,4.214169884169884,129945.6,1
DN-2407,Truck,Mozambique,SCMS from RDC,N/A - From RDC,79.0,1078.61,13.653291139240505,3397.14,1
DN-2408,Air,Haiti,SCMS from RDC,N/A - From RDC,1066.0,10794.84,10.126491557223265,5553.6,1
DN-2409,Truck,Zimbabwe,SCMS from RDC,N/A - From RDC,195.0,221.96,1.1382564102564103,8051.2,1
DN-241,Air,Tanzania,SCMS from RDC,N/A - From RDC,957.0,3243.0,3.3887147335423196,117234.36,1
DN-2410,Truck,Zimbabwe,SCMS from RDC,N/A - From RDC,248.0,481.71,1.9423790322580645,13773.550000000001,1
DN-2411,Truck,Zimbabwe,SCMS from RDC,N/A - From RDC,1754.0,3537.26,2.0166818700114026,127755.0,1
DN-2412,Truck,Tanzania,SCMS from RDC,N/A - From RDC,5641.0,45291.49,8.028982449920226,29250.0,1
DN-2413,Truck,Tanzania,SCMS from RDC,N/A - From RDC,888.0,4417.96,4.97518018018018,4629.3,1
DN-2414,Truck,Mozambique,SCMS from RDC,N/A - From RDC,1102.0,2779.53,2.5222595281306717,5713.5,1
DN-2415,Truck,Mozambique,SCMS from RDC,N/A - From RDC,3787.0,2451.86,0.6474412463691577,19636.5,1
DN-2416,Truck,Tanzania,SCMS from RDC,N/A - From RDC,562.0,6614.27,11.769163701067617,42245.0,1
DN-2417,Truck,Mozambique,SCMS from RDC,N/A - From RDC,904.0,573.43,0.634325221238938,4935.0,1
DN-2418,Truck,Côte d'Ivoire,SCMS from RDC,N/A - From RDC,172.0,3296.34,19.164767441860466,10738.56,1
DN-2419,Air,Côte d'Ivoire,SCMS from RDC,N/A - From RDC,1103.0,3296.34,2.9885222121486854,77760.0,1
DN-242,Air,Côte d'Ivoire,SCMS from RDC,N/A - From RDC,399.0,4200.78,10.52827067669173,117056.15,1
DN-2420,Truck,Côte d'Ivoire,SCMS from RDC,N/A - From RDC,2244.0,3296.34,1.468957219251337,282428.16000000003,1
DN-2421,Truck,Côte d'Ivoire,SCMS from RDC,N/A - From RDC,387.0,3296.34,8.517674418604651,18873.0,1
DN-2422,Truck,Côte d'Ivoire,SCMS from RDC,N/A - From RDC,197.0,3296.34,16.73269035532995,22598.4,1
DN-2423,Ocean,Zambia,SCMS from RDC,N/A - From RDC,4836.0,4075.1,0.8426592224979321,25078.95,1
DN-2424,Truck,Zambia,SCMS from RDC,N/A - From RDC,8296.0,9978.08,1.2027579556412729,702100.0,1
DN-2425,Truck,Mozambique,SCMS from RDC,N/A - From RDC,12669.0,11291.75,0.8912897624121873,1204186.5,1
DN-2426,Air,Swaziland,SCMS from RDC,N/A - From RDC,5856.0,22711.84,3.8783879781420767,506167.86,1
DN-2428,Air,Haiti,SCMS from RDC,N/A - From RDC,122.0,2053.52,16.832131147540984,4000.0,1
DN-2429,Air,Rwanda,SCMS from RDC,N/A - From RDC,30.0,1309.03,43.63433333333333,1120.0,1
DN-243,Air,Tanzania,SCMS from RDC,N/A - From RDC,255.0,1388.0,5.443137254901961,47470.5,1
DN-2430,Truck,Zambia,SCMS from RDC,N/A - From RDC,18968.0,22168.18,1.1687146773513286,970600.0,1
DN-2431,Truck,Zambia,SCMS from RDC,N/A - From RDC,257.0,361.73,1.4075097276264592,38321.92,1
DN-2432,Truck,Rwanda,SCMS from RDC,N/A - From RDC,21.0,14622.43,696.3061904761905,5260.0,1
DN-2433,Truck,Zambia,SCMS from RDC,N/A - From RDC,4155.0,6968.97,1.6772490974729242,448500.0,1
DN-2434,Truck,Zambia,SCMS from RDC,N/A - From RDC,639.0,889.94,1.3927073552425666,80638.73999999999,1
DN-2435,Truck,Uganda,SCMS from RDC,N/A - From RDC,1051.0,39130.38,37.23156993339676,450351.82,1
DN-2436,Air,Kenya,SCMS from RDC,N/A - From RDC,1496.0,5752.74,3.8454144385026736,7800.0,1
DN-2438,Air,Rwanda,SCMS from RDC,N/A - From RDC,214.0,2057.2,9.613084112149531,7250.0,1
DN-2439,Air,Rwanda,SCMS from RDC,N/A - From RDC,46.0,1274.98,27.71695652173913,2199.8,1
DN-244,(blank),Côte d'Ivoire,SCMS from RDC,N/A - From RDC,222.0,1603.0,7.2207207207207205,45621.0,0
DN-2440,Truck,Zimbabwe,SCMS from RDC,N/A - From RDC,1021.0,5216.63,5.109333986287953,52781.08,1
DN-2441,Truck,Zimbabwe,SCMS from RDC,N/A - From RDC,8578.0,5216.63,0.6081405922126369,446336.25,1
DN-2442,Truck,Zimbabwe,SCMS from RDC,N/A - From RDC,1013.0,5216.63,5.149684106614018,130108.68,1
DN-2444,Truck,Tanzania,SCMS from RDC,N/A - From RDC,355.0,2682.2,7.555492957746479,44928.0,1
DN-2448,Truck,Côte d'Ivoire,SCMS from RDC,N/A - From RDC,1223.0,3526.27,2.88329517579722,84720.72,1
DN-2449,Air,Côte d'Ivoire,SCMS from RDC,N/A - From RDC,434.0,3526.27,8.125046082949309,30097.04,1
DN-245,(blank),Côte d'Ivoire,SCMS from RDC,N/A - From RDC,1.0,9789.07,9789.07,160.0,0
DN-2450,Air Charter,Nigeria,SCMS from RDC,N/A - From RDC,40.0,15322.73,383.06825,2317.62,1
DN-2451,Air Charter,Nigeria,SCMS from RDC,N/A - From RDC,1086.0,15322.73,14.109327808471454,66684.44,1
DN-2452,Air Charter,Nigeria,SCMS from RDC,N/A - From RDC,18907.0,15322.73,0.8104262971386259,1458128.76,1
DN-2453,Air Charter,Nigeria,SCMS from RDC,N/A - From RDC,726.0,15322.73,21.105688705234158,46183.68,1
DN-2454,Air Charter,Nigeria,SCMS from RDC,N/A - From RDC,264.0,15322.73,58.04064393939394,10951.0,1
DN-2455,Air Charter,Nigeria,SCMS from RDC,N/A - From RDC,631.0,15322.73,24.28324881141046,53371.5,1
DN-2456,Air,Swaziland,SCMS from RDC,N/A - From RDC,750.0,3787.65,5.0502,33599.34,1
DN-2457,Truck,Zambia,SCMS from RDC,N/A - From RDC,3088.0,6476.69,2.0973737046632124,15600.0,1
DN-2458,Truck,Mozambique,SCMS from RDC,N/A - From RDC,2987.0,2779.53,0.9305423501841313,15600.0,1
DN-2459,Truck,Côte d'Ivoire,SCMS from RDC,N/A - From RDC,303.0,12102.81,39.94326732673267,261420.48,1
DN-246,Air,Tanzania,SCMS from RDC,N/A - From RDC,1422.0,4198.0,2.952180028129395,345483.54,1
DN-2460,Truck,Uganda,SCMS from RDC,N/A - From RDC,521.0,4237.12,8.132667946257197,45190.46,1
DN-2461,Truck,Uganda,SCMS from RDC,N/A - From RDC,8.0,10891.66,1361.4575,269952.16,1
DN-2462,Air Charter,Nigeria,SCMS from RDC,N/A - From RDC,9746.0,15322.73,1.5722070593063822,375962.76,1
DN-2463,Air Charter,Nigeria,SCMS from RDC,N/A - From RDC,8754.0,15322.73,1.7503689741832305,709690.94,1
DN-2464,Air Charter,Nigeria,SCMS from RDC,N/A - From RDC,5494.0,15322.73,2.7889934473971603,438486.17,1
DN-2465,Air Charter,Nigeria,SCMS from RDC,N/A - From RDC,20845.0,15322.73,0.7350793955384984,1738011.6600000001,1
DN-2467,Air,Rwanda,SCMS from RDC,N/A - From RDC,1076.0,4474.31,4.158280669144982,5550.0,1
DN-2469,Air Charter,Côte d'Ivoire,SCMS from RDC,N/A - From RDC,6410.0,24940.97,3.8909469578783153,587632.9199999999,1
DN-247,Air,Tanzania,SCMS from RDC,N/A - From RDC,547.0,2094.0,3.8281535648994516,12064.220000000001,1
DN-2470,Air,Haiti,SCMS from RDC,N/A - From RDC,2047.0,20746.03,10.134846116267708,141792.0,1
DN-2471,Truck,Mozambique,SCMS from RDC,N/A - From RDC,19143.0,16660.04,0.8702941022828188,1683000.0,1
DN-2474,Air,Guyana,SCMS from RDC,N/A - From RDC,103.0,1783.38,17.314368932038835,525.4,1
DN-2475,Air Charter,Nigeria,SCMS from RDC,N/A - From RDC,3263.0,15322.7,4.695893349678211,357519.43,1
DN-2476,Truck,Zambia,SCMS from RDC,N/A - From RDC,9875.0,14325.71,1.4507048101265823,1021907.25,1
DN-2477,Truck,Zambia,SCMS from RDC,N/A - From RDC,5727.0,14325.71,2.5014335603282696,592692.75,1
DN-2478,Air,"Congo, DRC",SCMS from RDC,N/A - From RDC,147.0,1182.25,8.04251700680272,12390.0,1
DN-248,Air,Rwanda,SCMS from RDC,N/A - From RDC,50.0,661.06,13.2212,2055.0,1
DN-2480,Truck,Mozambique,SCMS from RDC,N/A - From RDC,36.0,3470.0,96.38888888888889,3085.5,1
DN-2481,Truck,Mozambique,SCMS from RDC,N/A - From RDC,32538.0,20179.39,0.6201791751183232,2805000.0,1
DN-2482,Air,Guyana,SCMS from RDC,N/A - From RDC,103.0,2270.54,22.04407766990291,774.9,1
DN-2484,Truck,Tanzania,SCMS from RDC,N/A - From RDC,1500.0,1698.83,1.1325533333333333,350242.2,1
DN-2485,Air,Haiti,SCMS from RDC,N/A - From RDC,1587.0,16163.28,10.184801512287335,8400.0,1
DN-2486,Truck,Zambia,SCMS from RDC,N/A - From RDC,19257.0,6476.69,0.3363291270706756,502000.0,1
DN-2487,Truck,Zambia,SCMS from RDC,N/A - From RDC,1332.0,6476.7,4.862387387387387,34728.36,1
DN-2488,Truck,Mozambique,SCMS from RDC,N/A - From RDC,318.0,6025.73,18.94883647798742,239870.68,1
DN-2489,Truck,Uganda,SCMS from RDC,N/A - From RDC,1713.0,15672.8,9.14932866316404,153041.28,1
DN-249,Truck,Angola,SCMS from RDC,N/A - From RDC,54.0,952.04,17.63037037037037,4800.0,1
DN-2492,Air,"Congo, DRC",SCMS from RDC,N/A - From RDC,28.0,456.17,16.291785714285716,1759.83,1
DN-2493,Air,"Congo, DRC",SCMS from RDC,N/A - From RDC,46.0,456.17,9.916739130434783,3991.1800000000003,1
DN-2494,Air,"Congo, DRC",SCMS from RDC,N/A - From RDC,42.0,456.18,10.861428571428572,4159.34,1
DN-2495,Air,"Congo, DRC",SCMS from RDC,N/A - From RDC,55.0,912.36,16.588363636363635,4696.05,1
DN-2497,Air,"Congo, DRC",SCMS from RDC,N/A - From RDC,13.0,912.36,70.18153846153847,1177.3700000000001,1
DN-25,Air,Rwanda,SCMS from RDC,N/A - From RDC,256.0,12205.4,47.67734375,68000.0,1
DN-250,(blank),Côte d'Ivoire,SCMS from RDC,N/A - From RDC,46.0,1607.0,34.93478260869565,3698.04,0
DN-2500,Air,"Congo, DRC",SCMS from RDC,N/A - From RDC,308.0,1824.72,5.924415584415584,23432.489999999998,1
DN-2503,Air,Guyana,SCMS from RDC,N/A - From RDC,171.0,2522.76,14.752982456140352,2747.85,1
DN-2504,Air,"Congo, DRC",SCMS from RDC,N/A - From RDC,81.0,1535.56,18.95753086419753,1576.6599999999999,1
DN-2505,Air,"Congo, DRC",SCMS from RDC,N/A - From RDC,220.0,2110.2,9.591818181818182,6279.49,1
DN-2506,Air,"Congo, DRC",SCMS from RDC,N/A - From RDC,288.0,2460.79,8.544409722222222,7703.38,1
DN-2507,Air,"Congo, DRC",SCMS from RDC,N/A - From RDC,324.0,3436.14,10.60537037037037,8677.83,1
DN-2508,Air,"Congo, DRC",SCMS from RDC,N/A - From RDC,125.0,1554.64,12.43712,2099.07,1
DN-2509,Air,"Congo, DRC",SCMS from RDC,N/A - From RDC,65.0,1418.01,21.815538461538463,1097.93,1
DN-2510,Air,"Congo, DRC",SCMS from RDC,N/A - From RDC,70.0,1524.5,21.77857142857143,1176.5500000000002,1
DN-2511,Air,"Congo, DRC",SCMS from RDC,N/A - From RDC,512.0,3438.2,6.715234375,14333.1,1
DN-2512,Air,"Congo, DRC",SCMS from RDC,N/A - From RDC,1072.0,5636.3,5.257742537313433,20852.03,1
DN-2513,Truck,Zambia,SCMS from RDC,N/A - From RDC,3898.0,11292.05,2.89688301693176,556879.3400000001,1
DN-2515,Truck,Zambia,SCMS from RDC,N/A - From RDC,12360.0,11292.05,0.9135962783171521,78245.7,1
DN-2516,Truck,Mozambique,SCMS from RDC,N/A - From RDC,12489.0,9458.64,0.7573576747537832,81896.1,1
DN-2517,Truck,Mozambique,SCMS from RDC,N/A - From RDC,277.0,4313.33,15.57158844765343,7031.5,1
DN-2518,Truck,Mozambique,SCMS from RDC,N/A - From RDC,27345.0,20994.62,0.7677681477418175,2419032.0,1
DN-2519,Truck,Zimbabwe,SCMS from RDC,N/A - From RDC,2721.0,4777.08,1.7556339581036384,155346.91,1
DN-252,(blank),Zimbabwe,SCMS from RDC,N/A - From RDC,280.0,1300.45,4.644464285714286,52032.0,0
DN-2520,Truck,Zimbabwe,SCMS from RDC,N/A - From RDC,1373.0,4777.08,3.4793008011653312,106740.48,1
DN-2521,Air,Haiti,SCMS from RDC,N/A - From RDC,37.0,1221.01,33.00027027027027,2242.8,1
DN-2522,Air,"Congo, DRC",SCMS from RDC,N/A - From RDC,6.0,522.42,87.07,13.98,1
DN-2523,Air,"Congo, DRC",SCMS from RDC,N/A - From RDC,4.0,491.42,122.855,156.11,1
DN-2524,Air,"Congo, DRC",SCMS from RDC,N/A - From RDC,1.0,522.42,522.42,53.59,1
DN-2525,Air,"Congo, DRC",SCMS from RDC,N/A - From RDC,2.0,91.42,45.71,100.19,1
DN-2526,Air,"Congo, DRC",SCMS from RDC,N/A - From RDC,1.0,522.42,522.42,53.59,1
DN-2527,Air,"Congo, DRC",SCMS from RDC,N/A - From RDC,2.0,522.42,261.21,55.92,1
DN-2528,Air,"Congo, DRC",SCMS from RDC,N/A - From RDC,12.0,91.43,7.6191666666666675,512.6,1
DN-2529,Air,"Congo, DRC",SCMS from RDC,N/A - From RDC,5.0,491.43,98.286,170.09,1
DN-2530,Air,"Congo, DRC",SCMS from RDC,N/A - From RDC,1.0,491.43,491.43,46.6,1
DN-2531,Truck,Côte d'Ivoire,SCMS from RDC,N/A - From RDC,61.0,1572.97,25.786393442622952,7150.0,1
DN-2532,Truck,Zambia,SCMS from RDC,N/A - From RDC,13472.0,11292.05,0.838186609263658,810827.24,1
DN-2533,Truck,Côte d'Ivoire,SCMS from RDC,N/A - From RDC,1663.0,1102.3,0.6628382441371016,8673.6,1
DN-2534,Air,Haiti,SCMS from RDC,N/A - From RDC,16.0,1109.0,69.3125,372.6,1
DN-2535,Air,Haiti,SCMS from RDC,N/A - From RDC,9635.0,95269.39,9.88784535547483,793642.5,1
DN-2537,Truck,Tanzania,SCMS from RDC,N/A - From RDC,1437.0,1698.83,1.182205984690327,55433.28,1
DN-2538,Truck,Tanzania,SCMS from RDC,N/A - From RDC,830.0,1698.83,2.0467831325301202,57743.7,1
DN-254,(blank),Zambia,SCMS from RDC,N/A - From RDC,821.0,5234.8,6.376126674786845,78496.0,0
DN-2540,Truck,Tanzania,SCMS from RDC,N/A - From RDC,1090.0,1698.83,1.5585596330275229,41959.68,1
DN-2541,Truck,Tanzania,SCMS from RDC,N/A - From RDC,3508.0,1698.83,0.48427309007981756,574592.2,1
DN-2542,Truck,Tanzania,SCMS from RDC,N/A - From RDC,932.0,1698.83,1.8227789699570816,123614.4,1
DN-2543,Truck,Tanzania,SCMS from RDC,N/A - From RDC,21394.0,13590.64,0.6352547443208376,1929783.8,1
DN-2544,Truck,Tanzania,SCMS from RDC,N/A - From RDC,2612.0,1698.83,0.6503943338437979,315413.89,1
DN-2545,Air,Côte d'Ivoire,SCMS from RDC,N/A - From RDC,495.0,20548.8,41.51272727272727,24115.5,1
DN-2546,Truck,Uganda,SCMS from RDC,N/A - From RDC,30.0,2030.0,67.66666666666667,1377.72,1
DN-2547,Truck,Uganda,SCMS from RDC,N/A - From RDC,1095.0,4405.24,4.0230502283105025,50838.9,1
DN-2548,Truck,Côte d'Ivoire,SCMS from RDC,N/A - From RDC,10832.0,3641.16,0.33614844903988184,1036189.44,1
DN-2549,Truck,Uganda,SCMS from RDC,N/A - From RDC,125.0,1831.41,14.65128,6048.68,1
DN-255,(blank),Côte d'Ivoire,SCMS from RDC,N/A - From RDC,27.0,286.76,10.620740740740741,6320.0,0
DN-2550,Truck,Tanzania,SCMS from RDC,N/A - From RDC,821.0,1698.83,2.0692204628501827,27200.0,1
DN-2551,Truck,Côte d'Ivoire,SCMS from RDC,N/A - From RDC,1122.0,6009.47,5.356033868092692,106030.0,1
DN-2552,Air,Côte d'Ivoire,SCMS from RDC,N/A - From RDC,3453.0,9657.88,2.796953373877787,247447.19999999998,1
DN-2553,Truck,Côte d'Ivoire,SCMS from RDC,N/A - From RDC,122.0,1131.63,9.27565573770492,28350.0,1
DN-2554,Truck,Côte d'Ivoire,SCMS from RDC,N/A - From RDC,973.0,4466.99,4.5909455292908525,149265.06,1
DN-2555,Truck,Côte d'Ivoire,SCMS from RDC,N/A - From RDC,779.0,4646.14,5.96423620025674,119452.2,1
DN-2557,Air,Côte d'Ivoire,SCMS from RDC,N/A - From RDC,779.0,4646.13,5.964223363286265,119452.2,1
DN-2558,Truck,Tanzania,SCMS from RDC,N/A - From RDC,10142.0,7651.59,0.7544458686649577,1329602.04,1
DN-2559,Air Charter,Nigeria,SCMS from RDC,N/A - From RDC,6436.0,25231.96,3.920441267868241,125819.75,1
DN-256,Truck,Angola,SCMS from RDC,N/A - From RDC,49.0,1012.59,20.665102040816326,12000.0,1
DN-2560,Air Charter,Nigeria,SCMS from RDC,N/A - From RDC,30789.0,25231.96,0.819512163434993,2703750.72,1
DN-2561,Air Charter,Nigeria,SCMS from RDC,N/A - From RDC,1942.0,25231.96,12.992770339855818,136350.08,1
DN-2562,Air Charter,Nigeria,SCMS from RDC,N/A - From RDC,233.0,25231.96,108.29167381974248,13571.1,1
DN-2563,Air Charter,Nigeria,SCMS from RDC,N/A - From RDC,188.0,25231.96,134.21255319148935,16500.0,1
DN-2564,Air Charter,Nigeria,SCMS from RDC,N/A - From RDC,11636.0,25231.96,2.1684393262289445,955252.48,1
DN-2565,Air Charter,Nigeria,SCMS from RDC,N/A - From RDC,2376.0,25231.96,10.619511784511785,167649.92,1
DN-2566,Air Charter,Nigeria,SCMS from RDC,N/A - From RDC,3203.0,25231.96,7.8776022478926,448330.54,1
DN-2567,Air Charter,Nigeria,SCMS from RDC,N/A - From RDC,2046.0,25231.96,12.332336265884653,63462.21000000001,1
DN-2568,Air Charter,Nigeria,SCMS from RDC,N/A - From RDC,18672.0,25231.96,1.3513260497000856,512504.1,1
DN-2569,Truck,Uganda,SCMS from RDC,N/A - From RDC,224.0,1933.3,8.63080357142857,30873.96,1
DN-257,Air,Tanzania,SCMS from RDC,N/A - From RDC,98.0,1266.39,12.922346938775512,24160.0,1
DN-2570,Truck,Tanzania,SCMS from RDC,N/A - From RDC,641.0,3279.25,5.115834633385336,47863.5,1
DN-2571,Truck,Tanzania,SCMS from RDC,N/A - From RDC,8474.0,3279.25,0.3869778144913854,579275.18,1
DN-2572,Truck,Tanzania,SCMS from RDC,N/A - From RDC,7096.0,3279.29,0.46213218714768883,37100.7,1
DN-2573,Truck,Tanzania,SCMS from RDC,N/A - From RDC,9208.0,3825.8,0.41548653344917463,695873.75,1
DN-2574,Truck,Zambia,SCMS from RDC,N/A - From RDC,3718.0,19949.86,5.3657504034427115,251567.2,1
DN-2575,Air,Guyana,SCMS from RDC,N/A - From RDC,276.0,3940.18,14.276014492753623,44300.62,1
DN-2576,Air,Guyana,SCMS from RDC,N/A - From RDC,25.0,211.0,8.44,1858.01,1
DN-2577,Truck,Zambia,SCMS from RDC,N/A - From RDC,6005.0,5447.21,0.90711240632806,410821.68,1
DN-2578,Ocean,Zambia,SCMS from RDC,N/A - From RDC,1487.0,5447.21,3.6632212508406186,7825.35,1
DN-2579,Air Charter,Nigeria,SCMS from RDC,N/A - From RDC,6073.0,25231.96,4.154776881277787,375603.92,1
DN-258,Air,Mozambique,SCMS from RDC,N/A - From RDC,514.0,740.43,1.4405252918287936,35231.9,1
DN-2580,Truck,Uganda,SCMS from RDC,N/A - From RDC,460.0,3571.6,7.764347826086956,35172.8,1
DN-2581,Air,South Sudan,SCMS from RDC,N/A - From RDC,2652.0,22788.95,8.593118401206636,58271.0,1
DN-2583,Air,Tanzania,SCMS from RDC,N/A - From RDC,1578.0,8925.0,5.655893536121673,160000.0,1
DN-2584,Air,Rwanda,SCMS from RDC,N/A - From RDC,334.0,3494.5,10.4625748502994,32000.0,1
DN-2585,Air,Rwanda,SCMS from RDC,N/A - From RDC,318.0,2716.08,8.541132075471698,21772.8,1
DN-2586,Air,Nigeria,SCMS from RDC,N/A - From RDC,11160.0,87294.56,7.822093189964158,924000.0,1
DN-2587,Truck,Zambia,SCMS from RDC,N/A - From RDC,2236.0,5447.21,2.4361404293381037,492004.5,1
DN-2588,Truck,Tanzania,SCMS from RDC,N/A - From RDC,4271.0,3825.8,0.8957621166003278,223721.94,1
DN-2589,Truck,Mozambique,SCMS from RDC,N/A - From RDC,15160.0,12405.54,0.8183073878627969,81387.15,1
DN-259,Air,Mozambique,SCMS from RDC,N/A - From RDC,15.0,350.78,23.38533333333333,239.25,1
DN-2590,Truck,Mozambique,SCMS from RDC,N/A - From RDC,26760.0,12405.54,0.463585201793722,2605019.72,1
DN-2591,Truck,Tanzania,SCMS from RDC,N/A - From RDC,15032.0,3279.25,0.21815127727514635,2196314.4,1
DN-2592,Truck,Tanzania,SCMS from RDC,N/A - From RDC,316.0,3279.25,10.377373417721518,23812.75,1
DN-2593,Truck,Tanzania,SCMS from RDC,N/A - From RDC,1309.0,3279.25,2.5051566080977845,101821.46,1
DN-2594,Air,Burundi,SCMS from RDC,N/A - From RDC,5256.0,9506.0,1.8085996955859969,441272.45,1
DN-2595,Air,Burundi,SCMS from RDC,N/A - From RDC,327.0,5320.13,16.269510703363913,45884.5,1
DN-2596,Truck,Uganda,SCMS from RDC,N/A - From RDC,70.0,1494.6,21.35142857142857,4738.0,1
DN-2597,Truck,Uganda,SCMS from RDC,N/A - From RDC,1414.0,4054.19,2.8671782178217824,111954.0,1
DN-2598,Truck,Tanzania,SCMS from RDC,N/A - From RDC,20975.0,3279.25,0.1563408820023838,2394280.54,1
DN-26,(blank),Côte d'Ivoire,SCMS from RDC,N/A - From RDC,275.0,1448.0,5.265454545454546,49140.0,0
DN-260,(blank),Côte d'Ivoire,SCMS from RDC,N/A - From RDC,2270.0,6889.0,3.0348017621145376,204040.0,0
DN-2600,Air,Haiti,SCMS from RDC,N/A - From RDC,20.0,870.96,43.548,1056.0,1
DN-2601,Truck,Côte d'Ivoire,SCMS from RDC,N/A - From RDC,10746.0,22878.26,2.129002419504932,994237.2,1
DN-2602,Truck,Uganda,SCMS from RDC,N/A - From RDC,1511.0,7403.01,4.89941098610192,101586.84,1
DN-2603,Air,Uganda,SCMS from RDC,N/A - From RDC,1421.0,4322.6,3.041942294159043,97420.58,1
DN-2604,Truck,Zimbabwe,SCMS from RDC,N/A - From RDC,1616.0,3489.53,2.159362623762376,219466.26,1
DN-2605,Truck,Zimbabwe,SCMS from RDC,N/A - From RDC,21063.0,29250.68,1.388723353748279,1277107.97,1
DN-2606,Air,Côte d'Ivoire,SCMS from RDC,N/A - From RDC,662.0,3848.91,5.814063444108761,97297.2,1
DN-2607,Truck,Uganda,SCMS from RDC,N/A - From RDC,11441.0,55175.61,4.8226212743641295,1066691.76,1
DN-2608,Truck,Zambia,SCMS from RDC,N/A - From RDC,10381.0,8510.81,0.8198449089683074,978302.75,1
DN-2609,Air,Uganda,SCMS from RDC,N/A - From RDC,1342.0,6340.2,4.724441132637854,198283.96,1
DN-261,Air,Rwanda,SCMS from RDC,N/A - From RDC,55.0,1126.84,20.488,4960.0,1
DN-2610,Truck,Zambia,SCMS from RDC,N/A - From RDC,17001.0,8510.81,0.5006064349155932,2509500.0,1
DN-2612,Truck,Côte d'Ivoire,SCMS from RDC,N/A - From RDC,650.0,4029.71,6.199553846153846,60116.280000000006,1
DN-2613,Truck,Zambia,SCMS from RDC,N/A - From RDC,1677.0,8510.81,5.075020870602265,219450.0,1
DN-2614,Truck,Zambia,SCMS from RDC,N/A - From RDC,1485.0,8510.82,5.731191919191919,219450.0,1
DN-2615,Truck,Mozambique,SCMS from RDC,N/A - From RDC,346.0,3580.36,10.347861271676301,25103.08,1
DN-2616,Truck,Mozambique,SCMS from RDC,N/A - From RDC,28088.0,19652.22,0.6996660495585304,2471766.0,1
DN-2619,Air,Rwanda,SCMS from RDC,N/A - From RDC,557.0,5044.26,9.05612208258528,18612.5,1
DN-262,(blank),Côte d'Ivoire,SCMS from RDC,N/A - From RDC,1057.0,3348.0,3.1674550614947967,67022.88,0
DN-2621,Truck,Zimbabwe,SCMS from RDC,N/A - From RDC,12347.0,16978.83,1.3751380902243462,692760.72,1
DN-2622,Truck,Côte d'Ivoire,SCMS from RDC,N/A - From RDC,119.0,3159.12,26.547226890756303,20075.0,1
DN-2623,Air,Côte d'Ivoire,SCMS from RDC,N/A - From RDC,649.0,1191.02,1.835161787365177,55000.0,1
DN-2624,Truck,Zambia,SCMS from RDC,N/A - From RDC,28103.0,36650.58,1.3041518699071275,2955485.18,1
DN-2625,Air,Rwanda,SCMS from RDC,N/A - From RDC,66.0,585.42,8.87,4207.68,1
DN-2626,Air,Rwanda,SCMS from RDC,N/A - From RDC,126.0,1675.0,13.293650793650794,8579.52,1
DN-2627,Air,Rwanda,SCMS from RDC,N/A - From RDC,7.0,805.58,115.08285714285715,2446.08,1
DN-2628,Air,Rwanda,SCMS from RDC,N/A - From RDC,1638.0,18446.92,11.26185592185592,111083.44,1
DN-2629,Truck,Zambia,SCMS from RDC,N/A - From RDC,6636.0,10598.2,1.5970765521398433,450011.12,1
DN-263,Air,Rwanda,SCMS from RDC,N/A - From RDC,24.0,1161.0,48.375,5600.0,1
DN-2630,Air Charter,Nigeria,SCMS from RDC,N/A - From RDC,6949.0,27441.22,3.9489451719671895,547771.62,1
DN-2631,Air Charter,Nigeria,SCMS from RDC,N/A - From RDC,46522.0,27441.22,0.589854692403594,3587441.0,1
DN-2632,Truck,Tanzania,SCMS from RDC,N/A - From RDC,1380.0,4553.1,3.2993478260869566,39478.95,1
DN-2633,Truck,Tanzania,SCMS from RDC,N/A - From RDC,2278.0,7865.4,3.4527655838454785,119402.0,1
DN-2635,Truck,Mozambique,SCMS from RDC,N/A - From RDC,9937.0,14700.0,1.4793197141994565,52273.65,1
DN-2637,Air,Burundi,SCMS from RDC,N/A - From RDC,36.0,1188.75,33.020833333333336,4602.5,1
DN-2638,Air,Dominican Republic,SCMS from RDC,N/A - From RDC,544.0,4392.94,8.075257352941176,37038.67,1
DN-2639,Air,Dominican Republic,SCMS from RDC,N/A - From RDC,630.0,7519.8,11.936190476190477,34062.5,1
DN-264,Air,Rwanda,SCMS from RDC,N/A - From RDC,28.0,1604.96,57.32,2944.0,1
DN-2640,Air,Libya,SCMS from RDC,N/A - From RDC,437.0,3062.18,7.007276887871853,56712.5,1
DN-2641,Air,Libya,SCMS from RDC,N/A - From RDC,709.0,761.91,1.074626234132581,66097.54000000001,1
DN-2642,Air,Libya,SCMS from RDC,N/A - From RDC,406.0,3062.18,7.54231527093596,26067.97,1
DN-2643,Truck,Uganda,SCMS from RDC,N/A - From RDC,729.0,3758.4,5.155555555555556,59399.75,1
DN-2644,Air Charter,Nigeria,SCMS from RDC,N/A - From RDC,6078.0,27441.22,4.514843698585061,813500.0,1
DN-2645,Air Charter,Nigeria,SCMS from RDC,N/A - From RDC,2721.0,27441.22,10.084976111723632,233244.4,1
DN-2646,Air Charter,Nigeria,SCMS from RDC,N/A - From RDC,10684.0,27441.22,2.56844065892924,521607.62,1
DN-2647,Air Charter,Nigeria,SCMS from RDC,N/A - From RDC,9645.0,27441.22,2.84512389839295,213497.56,1
DN-2648,Air,Dominican Republic,SCMS from RDC,N/A - From RDC,85.0,1857.04,21.847529411764704,4692.38,1
DN-2649,Air Charter,Nigeria,SCMS from RDC,N/A - From RDC,11734.0,27441.22,2.3386074654849156,777112.42,1
DN-265,Air,Côte d'Ivoire,SCMS from RDC,N/A - From RDC,206.0,2731.58,13.260097087378641,11862.4,1
DN-2650,Air Charter,Nigeria,SCMS from RDC,N/A - From RDC,4754.0,27441.21,5.772236011779554,119252.56,1
DN-2651,Air Charter,Nigeria,SCMS from RDC,N/A - From RDC,3329.0,27441.25,8.24309101832382,219827.2,1
DN-2652,Air,Côte d'Ivoire,SCMS from RDC,N/A - From RDC,6798.0,26205.83,3.8549323330391294,718178.77,1
DN-2653,Air,Rwanda,SCMS from RDC,N/A - From RDC,1444.0,15842.34,10.971149584487534,94332.66,1
DN-2654,Truck,Uganda,SCMS from RDC,N/A - From RDC,1859.0,10611.0,5.707907477138247,233024.26,1
DN-2655,Truck,Zimbabwe,SCMS from RDC,N/A - From RDC,8433.0,15219.71,1.804780030831258,545523.04,1
DN-2656,Truck,Zimbabwe,SCMS from RDC,N/A - From RDC,14314.0,15219.72,1.0632751152717619,1000748.36,1
DN-2657,Truck,Zambia,SCMS from RDC,N/A - From RDC,17001.0,6079.27,0.3575830833480384,2440500.0,1
DN-2659,Truck,Zambia,SCMS from RDC,N/A - From RDC,1252.0,6079.27,4.855646964856231,32948.77,1
DN-266,Air,Rwanda,SCMS from RDC,N/A - From RDC,768.0,4465.1,5.813932291666667,33561.0,1
DN-2660,Truck,Zambia,SCMS from RDC,N/A - From RDC,1133.0,6079.27,5.365639894086496,167300.0,1
DN-2661,Truck,Zambia,SCMS from RDC,N/A - From RDC,4539.0,4496.13,0.9905551883674818,301550.12,1
DN-2663,Truck,Mozambique,SCMS from RDC,N/A - From RDC,53692.0,29683.06,0.5528395291663563,2434841.2800000003,1
DN-2665,Truck,Zambia,SCMS from RDC,N/A - From RDC,796.0,4496.13,5.648404522613065,75576.0,1
DN-2667,Air,Haiti,SCMS from RDC,N/A - From RDC,5456.0,53775.56,9.856224340175952,282141.12,1
DN-267,(blank),Côte d'Ivoire,SCMS from RDC,N/A - From RDC,650.0,2457.0,3.78,127122.6,0
DN-2670,Air,Rwanda,SCMS from RDC,N/A - From RDC,1.0,3253.88,3253.88,8534.0,1
DN-2672,Air,Rwanda,SCMS from RDC,N/A - From RDC,526.0,9994.57,19.001083650190115,68800.8,1
DN-2673,Air,Rwanda,SCMS from RDC,N/A - From RDC,1239.0,28202.0,22.761904761904763,157800.0,1
DN-2674,Air,Rwanda,SCMS from RDC,N/A - From RDC,698.0,26845.35,38.46038681948424,237134.4,1
DN-2675,Air,Uganda,SCMS from RDC,N/A - From RDC,2501.0,18520.22,7.405125949620152,109856.56,1
DN-2676,Truck,Uganda,SCMS from RDC,N/A - From RDC,479.0,4358.72,9.099624217118999,20332.52,1
DN-2677,Truck,Uganda,SCMS from RDC,N/A - From RDC,2939.0,17665.42,6.010690711126233,282764.1,1
DN-2678,Air,"Congo, DRC",SCMS from RDC,N/A - From RDC,274.0,2371.06,8.653503649635036,21404.0,1
DN-2679,Truck,Zambia,SCMS from RDC,N/A - From RDC,737.0,4496.13,6.100583446404342,97993.8,1
DN-268,(blank),Côte d'Ivoire,SCMS from RDC,N/A - From RDC,3073.0,7947.0,2.5860722421086884,186253.32,0
DN-2681,Air,Zambia,SCMS from RDC,N/A - From RDC,1363.0,22171.8,16.266911225238445,479680.0,1
DN-2683,Truck,Zimbabwe,SCMS from RDC,N/A - From RDC,1838.0,5530.11,3.008764961915125,314806.0,1
DN-2684,Air Charter,Nigeria,SCMS from RDC,N/A - From RDC,28776.0,17090.0,0.5938976925215458,2455798.91,1
DN-2685,Air Charter,Nigeria,SCMS from RDC,N/A - From RDC,2334.0,17090.0,7.322193658954585,282000.0,1
DN-2686,Air Charter,Nigeria,SCMS from RDC,N/A - From RDC,307.0,17090.0,55.66775244299674,17858.88,1
DN-2687,Air Charter,Nigeria,SCMS from RDC,N/A - From RDC,6889.0,17090.0,2.4807664392509796,401017.42,1
DN-2688,Air Charter,Nigeria,SCMS from RDC,N/A - From RDC,6808.0,21347.12,3.135593419506463,726269.6,1
DN-2689,Air,Côte d'Ivoire,SCMS from RDC,N/A - From RDC,13055.0,23994.1,1.837924166985829,1029000.0,1
DN-269,Truck,Zimbabwe,SCMS from RDC,N/A - From RDC,570.0,5348.0,9.382456140350877,16000.0,1
DN-2690,Air Charter,Nigeria,SCMS from RDC,N/A - From RDC,6944.0,17090.0,2.4611175115207375,258703.44,1
DN-2691,Air,Rwanda,SCMS from RDC,N/A - From RDC,69.0,1366.67,19.806811594202898,5808.0,1
DN-2692,Truck,Zimbabwe,SCMS from RDC,N/A - From RDC,4353.0,5530.11,1.2704135079255685,168450.28,1
DN-2693,Truck,Zimbabwe,SCMS from RDC,N/A - From RDC,7095.0,5530.11,0.7794376321353065,334663.34,1
DN-2694,Truck,Zimbabwe,SCMS from RDC,N/A - From RDC,7114.0,5530.11,0.7773559179083497,486923.61,1
DN-2695,Truck,Zimbabwe,SCMS from RDC,N/A - From RDC,6990.0,5530.11,0.7911459227467811,478961.56,1
DN-2696,Truck,Zimbabwe,SCMS from RDC,N/A - From RDC,2036.0,5530.12,2.7161689587426325,254067.84,1
DN-2697,Air,"Congo, DRC",SCMS from RDC,N/A - From RDC,895.0,6061.4,6.772513966480447,46474.2,1
DN-2698,Air Charter,Côte d'Ivoire,SCMS from RDC,N/A - From RDC,478.0,2330.22,4.8749372384937235,94080.0,1
DN-2699,Air Charter,Côte d'Ivoire,SCMS from RDC,N/A - From RDC,263.0,2330.21,8.860114068441066,52650.0,1
DN-27,(blank),Nigeria,SCMS from RDC,N/A - From RDC,1178.0,4535.0,3.8497453310696095,11947.0,0
DN-270,(blank),Zambia,SCMS from RDC,N/A - From RDC,9182.0,37695.46,4.105364844260509,974866.53,0
DN-2700,Air,Guyana,SCMS from RDC,N/A - From RDC,46.0,1255.62,27.296086956521737,5802.12,1
DN-2701,Air,Guyana,SCMS from RDC,N/A - From RDC,83.0,1075.62,12.959277108433733,425.5,1
DN-2703,Truck,Zambia,SCMS from RDC,N/A - From RDC,11438.0,4496.15,0.39308882671795764,443899.44,1
DN-2705,Truck,Mozambique,SCMS from RDC,N/A - From RDC,9080.0,6483.81,0.7140759911894273,47767.2,1
DN-2706,Air Charter,Nigeria,SCMS from RDC,N/A - From RDC,2238.0,17090.0,7.636282394995532,98093.0,1
DN-2707,Air Charter,Nigeria,SCMS from RDC,N/A - From RDC,814.0,17090.0,20.995085995085994,66386.28,1
DN-2708,Air Charter,Nigeria,SCMS from RDC,N/A - From RDC,1340.0,17090.0,12.753731343283581,110493.72,1
DN-2709,Air Charter,Nigeria,SCMS from RDC,N/A - From RDC,14964.0,17090.0,1.1420743116813685,1636253.66,1
DN-271,(blank),Côte d'Ivoire,SCMS from RDC,N/A - From RDC,5697.0,14893.0,2.6141829032824293,173642.0,0
DN-2710,Air Charter,Nigeria,SCMS from RDC,N/A - From RDC,11969.0,17090.0,1.4278552928398363,570126.94,1
DN-2711,Air,Libya,SCMS from RDC,N/A - From RDC,231.0,1474.9,6.384848484848486,15488.0,1
DN-2712,Air,Uganda,SCMS from RDC,N/A - From RDC,137.0,1834.79,13.392627737226277,9267.5,1
DN-2713,Truck,Côte d'Ivoire,SCMS from RDC,N/A - From RDC,372.0,2333.91,6.273951612903225,22000.0,1
DN-2714,Truck,Tanzania,SCMS from RDC,N/A - From RDC,9907.0,3853.89,0.38900676289492275,51556.05,1
DN-2715,Air,Côte d'Ivoire,SCMS from RDC,N/A - From RDC,451.0,2394.27,5.30880266075388,23067.0,1
DN-2716,Air,Côte d'Ivoire,SCMS from RDC,N/A - From RDC,464.0,2394.27,5.160064655172413,91200.0,1
DN-2717,Truck,Mozambique,SCMS from RDC,N/A - From RDC,741.0,5716.86,7.715060728744938,8644.439999999999,1
DN-2718,Truck,Tanzania,SCMS from RDC,N/A - From RDC,841.0,3549.9,4.221046373365041,55440.0,1
DN-2719,Air,Uganda,SCMS from RDC,N/A - From RDC,972.0,17102.56,17.595226337448562,118749.68,1
DN-2720,Air,"Congo, DRC",SCMS from RDC,N/A - From RDC,448.0,2757.4,6.154910714285714,120000.0,1
DN-2721,Truck,Tanzania,SCMS from RDC,N/A - From RDC,10913.0,3853.89,0.353146705763768,57532.8,1
DN-2722,Truck,Uganda,SCMS from RDC,N/A - From RDC,190.0,1095.22,5.7643157894736845,8187.62,1
DN-2723,Air,Rwanda,SCMS from RDC,N/A - From RDC,3771.0,31029.99,8.228583929992045,97600.0,1
DN-2724,Air,Uganda,SCMS from RDC,N/A - From RDC,5486.0,27321.52,4.980226029894276,267074.4,1
DN-2725,Air Charter,Nigeria,SCMS from RDC,N/A - From RDC,10687.0,21347.12,1.997484794610274,244380.64,1
DN-2727,Air Charter,Nigeria,SCMS from RDC,N/A - From RDC,13437.0,21347.12,1.5886819974696733,336336.92,1
DN-2728,Air Charter,Nigeria,SCMS from RDC,N/A - From RDC,7351.0,21347.12,2.9039749693919195,577960.64,1
DN-2729,Air Charter,Nigeria,SCMS from RDC,N/A - From RDC,4944.0,21347.13,4.317785194174758,205522.83,1
DN-2731,Truck,Zambia,SCMS from RDC,N/A - From RDC,21534.0,13914.56,0.646166991734002,2857600.0,1
DN-2732,Air Charter,Nigeria,SCMS from RDC,N/A - From RDC,57.0,21347.13,374.511052631579,1705.56,1
DN-2733,Air Charter,Nigeria,SCMS from RDC,N/A - From RDC,23096.0,21347.13,0.9242782299965362,1765800.0,1
DN-2734,Air Charter,Nigeria,SCMS from RDC,N/A - From RDC,5252.0,21347.13,4.064571591774563,376830.0,1
DN-2736,Air,Rwanda,SCMS from RDC,N/A - From RDC,2657.0,14332.0,5.394053443733534,193900.0,1
DN-2737,Air,Rwanda,SCMS from RDC,N/A - From RDC,187.0,2109.22,11.279251336898394,12224.8,1
DN-2738,Truck,Mozambique,SCMS from RDC,N/A - From RDC,22479.0,6483.81,0.2884385426397972,407550.0,1
DN-2739,Truck,Mozambique,SCMS from RDC,N/A - From RDC,1380.0,6483.81,4.698413043478261,172200.6,1
DN-274,(blank),Côte d'Ivoire,SCMS from RDC,N/A - From RDC,3203.0,8258.0,2.5782079300655636,243270.0,0
DN-2740,Truck,Uganda,SCMS from RDC,N/A - From RDC,637.0,5081.05,7.976530612244899,47862.99,1
DN-2741,Truck,Zimbabwe,SCMS from RDC,N/A - From RDC,14074.0,15299.58,1.087081142532329,651966.8800000001,1
DN-2742,Truck,Zimbabwe,SCMS from RDC,N/A - From RDC,7490.0,15299.59,2.042668891855808,484897.34,1
DN-2743,Air,Uganda,SCMS from RDC,N/A - From RDC,4547.0,30482.8,6.703936661535078,332400.0,1
DN-2744,Truck,Uganda,SCMS from RDC,N/A - From RDC,836.0,4911.0,5.874401913875598,99762.93,1
DN-2745,Air,Uganda,SCMS from RDC,N/A - From RDC,816.0,7964.24,9.760098039215686,52288.43,1
DN-2746,Air,Uganda,SCMS from RDC,N/A - From RDC,1403.0,9800.0,6.985032074126871,89930.0,1
DN-2747,Air,Uganda,SCMS from RDC,N/A - From RDC,2369.0,19980.62,8.434200084423807,206745.72,1
DN-2748,Truck,Zambia,SCMS from RDC,N/A - From RDC,1956.0,8709.0,4.4524539877300615,41011.74,1
DN-2749,Truck,Zambia,SCMS from RDC,N/A - From RDC,33909.0,16040.39,0.4730422601669173,3899771.75,1
DN-275,Air,Tanzania,SCMS from RDC,N/A - From RDC,1802.0,3267.0,1.8129855715871255,42150.99,1
DN-2750,Truck,Zambia,SCMS from RDC,N/A - From RDC,6022.0,18219.83,3.025544669545002,267294.36,1
DN-2751,Air,Côte d'Ivoire,SCMS from RDC,N/A - From RDC,4050.0,11592.26,2.8622864197530866,347400.0,1
DN-2752,Air,Côte d'Ivoire,SCMS from RDC,N/A - From RDC,27.0,1845.31,68.34481481481481,2614.08,1
DN-2753,Air,Côte d'Ivoire,SCMS from RDC,N/A - From RDC,5625.0,11702.27,2.080403555555556,490500.0,1
DN-2754,Air,Côte d'Ivoire,SCMS from RDC,N/A - From RDC,11720.0,11702.27,0.9984872013651878,981313.92,1
DN-2755,Truck,Côte d'Ivoire,SCMS from RDC,N/A - From RDC,223.0,2641.45,11.84506726457399,7600.0,1
DN-2756,Air,Côte d'Ivoire,SCMS from RDC,N/A - From RDC,123.0,2252.42,18.312357723577236,7225.18,1
DN-2758,Air,"Congo, DRC",SCMS from RDC,N/A - From RDC,225.0,1482.7,6.589777777777778,58000.0,1
DN-2759,Air,Rwanda,SCMS from RDC,N/A - From RDC,49.0,1110.19,22.656938775510206,3470.4,1
DN-276,Air,Tanzania,SCMS from RDC,N/A - From RDC,36.0,939.62,26.100555555555555,3200.0,1
DN-2761,Truck,Tanzania,SCMS from RDC,N/A - From RDC,30606.0,9601.38,0.3137090766516369,3520108.5300000003,1
DN-2762,Truck,Tanzania,SCMS from RDC,N/A - From RDC,1502.0,6900.62,4.594287616511318,105837.72,1
DN-2763,Truck,Zambia,SCMS from RDC,N/A - From RDC,3090.0,11188.53,3.6208834951456312,388800.0,1
DN-2764,Air Charter,Nigeria,SCMS from RDC,N/A - From RDC,7666.0,16532.5,2.1566005739629532,602854.8,1
DN-2765,Air Charter,Nigeria,SCMS from RDC,N/A - From RDC,858.0,16532.5,19.26864801864802,92890.0,1
DN-2766,Air Charter,Nigeria,SCMS from RDC,N/A - From RDC,681.0,16532.5,24.276798825256975,79056.0,1
DN-2767,Air Charter,Nigeria,SCMS from RDC,N/A - From RDC,37944.0,16532.5,0.4357078853046595,2746800.0,1
DN-2768,Air,Uganda,SCMS from RDC,N/A - From RDC,9348.0,81100.77,8.675734916559692,707369.67,1
DN-2769,Air Charter,Nigeria,SCMS from RDC,N/A - From RDC,2566.0,16532.5,6.4429072486360095,166200.0,1
DN-277,Air,Rwanda,SCMS from RDC,N/A - From RDC,195.0,4613.67,23.659846153846154,68000.0,1
DN-2770,Air,Rwanda,SCMS from RDC,N/A - From RDC,5.0,721.36,144.272,608.4,1
DN-2771,Air Charter,Nigeria,SCMS from RDC,N/A - From RDC,8038.0,16532.5,2.0567927345110726,1043114.24,1
DN-2772,Air Charter,Nigeria,SCMS from RDC,N/A - From RDC,2091.0,16532.5,7.90650406504065,257544.96,1
DN-2773,Air Charter,Nigeria,SCMS from RDC,N/A - From RDC,14810.0,16532.5,1.1163065496286293,354891.41000000003,1
DN-2774,Air Charter,Nigeria,SCMS from RDC,N/A - From RDC,642.0,16532.5,25.751557632398754,23253.4,1
DN-2775,Air Charter,Nigeria,SCMS from RDC,N/A - From RDC,645.0,16532.5,25.631782945736433,23346.6,1
DN-2776,Air,Côte d'Ivoire,SCMS from RDC,N/A - From RDC,1674.0,4754.53,2.840221027479092,223795.2,1
DN-2777,Truck,Côte d'Ivoire,SCMS from RDC,N/A - From RDC,972.0,4754.53,4.891491769547325,129945.6,1
DN-2778,Truck,Côte d'Ivoire,SCMS from RDC,N/A - From RDC,740.0,4754.52,6.425027027027028,50185.6,1
DN-2779,Air,Rwanda,SCMS from RDC,N/A - From RDC,1297.0,21520.66,16.592644564379338,165006.2,1
DN-278,Air,Haiti,SCMS from RDC,N/A - From RDC,50.0,791.84,15.8368,10425.0,1
DN-2780,Air,Uganda,SCMS from RDC,N/A - From RDC,647.0,7263.17,11.225919629057188,72033.36,1
DN-2781,Air,Uganda,SCMS from RDC,N/A - From RDC,8996.0,43098.9,4.790895953757226,551784.0,1
DN-2782,Air,Uganda,SCMS from RDC,N/A - From RDC,1199.0,7070.0,5.896580483736447,148400.0,1
DN-2783,Air,Rwanda,SCMS from RDC,N/A - From RDC,2699.0,16152.0,5.984438680992961,232466.4,1
DN-2784,Air,Rwanda,SCMS from RDC,N/A - From RDC,2003.0,32401.62,16.17654518222666,223816.88,1
DN-2787,Truck,Côte d'Ivoire,SCMS from RDC,N/A - From RDC,4883.0,16898.58,3.4606962932623393,236509.56,1
DN-2788,Air,Rwanda,SCMS from RDC,N/A - From RDC,67.0,1618.12,24.151044776119402,8271.35,1
DN-2789,Air,Rwanda,SCMS from RDC,N/A - From RDC,1048.0,18613.69,17.76115458015267,138561.55,1
DN-279,Air,Mozambique,SCMS from RDC,N/A - From RDC,35.0,364.51,10.414571428571428,1949.4,1
DN-2790,Air,Ethiopia,SCMS from RDC,N/A - From RDC,11101.0,33216.14,2.9921754796865145,58500.0,1
DN-2791,Air Charter,Nigeria,SCMS from RDC,N/A - From RDC,4809.0,18461.23,3.8388916614680806,390272.0,1
DN-2792,Air Charter,Nigeria,SCMS from RDC,N/A - From RDC,2437.0,18461.23,7.575391875256463,305210.0,1
DN-2793,Air Charter,Nigeria,SCMS from RDC,N/A - From RDC,5110.0,18461.22,3.6127632093933464,296238.15,1
DN-2794,Air Charter,Nigeria,SCMS from RDC,N/A - From RDC,4898.0,18461.22,3.7691343405471622,512837.07,1
DN-2795,Air,Côte d'Ivoire,SCMS from RDC,N/A - From RDC,486.0,3028.66,6.231810699588477,60840.0,1
DN-2796,Air,Rwanda,SCMS from RDC,N/A - From RDC,4331.0,8684.7,2.005241283768183,200348.4,1
DN-2797,Air,Rwanda,SCMS from RDC,N/A - From RDC,718.0,12688.85,17.6724930362117,91852.75,1
DN-2798,Air,Rwanda,SCMS from RDC,N/A - From RDC,880.0,13841.89,15.729420454545453,97884.35,1
DN-2799,Air,Nigeria,SCMS from RDC,N/A - From RDC,18953.0,18461.22,0.9740526565715191,1303935.39,1
DN-28,(blank),Côte d'Ivoire,SCMS from RDC,N/A - From RDC,630.0,3660.4,5.81015873015873,13809.6,0
DN-280,Air,Guyana,SCMS from RDC,N/A - From RDC,34.0,1920.0,56.470588235294116,4596.6,1
DN-2800,Truck,Uganda,SCMS from RDC,N/A - From RDC,5641.0,2175.07,0.3855823435561071,258685.6,1
DN-2801,Air,Rwanda,SCMS from RDC,N/A - From RDC,375.0,2719.63,7.252346666666667,21535.0,1
DN-2802,Truck,Zimbabwe,SCMS from RDC,N/A - From RDC,228.0,7423.38,32.558684210526316,13130.45,1
DN-2803,Truck,Zimbabwe,SCMS from RDC,N/A - From RDC,4687.0,8832.53,1.8844740772349051,167069.53999999998,1
DN-2804,Truck,Zimbabwe,SCMS from RDC,N/A - From RDC,7191.0,6014.22,0.8363537755527743,505989.83999999997,1
DN-2805,Truck,Zambia,SCMS from RDC,N/A - From RDC,11334.0,7317.48,0.6456220222339862,591319.62,1
DN-2806,Truck,Côte d'Ivoire,SCMS from RDC,N/A - From RDC,312.0,2128.15,6.82099358974359,57400.0,1
DN-2807,Air,Rwanda,SCMS from RDC,N/A - From RDC,12605.0,72991.45,5.7906743355811185,65894.4,1
DN-2808,Truck,Mozambique,SCMS from RDC,N/A - From RDC,2778.0,19730.62,7.102455003599712,15015.0,1
DN-2809,Truck,Côte d'Ivoire,SCMS from RDC,N/A - From RDC,9790.0,20786.04,2.123191011235955,1132245.2999999998,1
DN-281,(blank),Tanzania,SCMS from RDC,N/A - From RDC,345.0,2554.39,7.404028985507246,25395.0,0
DN-2810,Air,Guyana,SCMS from RDC,N/A - From RDC,5.0,931.34,186.268,33.0,1
DN-2811,Air,Guyana,SCMS from RDC,N/A - From RDC,38.0,4718.3,124.16578947368421,14539.74,1
DN-2812,Air,"Congo, DRC",SCMS from RDC,N/A - From RDC,3637.0,25634.47,7.048245806983778,123672.94,1
DN-2813,Truck,Côte d'Ivoire,SCMS from RDC,N/A - From RDC,4359.0,12101.96,2.7763156687313604,508686.2,1
DN-2814,Truck,Côte d'Ivoire,SCMS from RDC,N/A - From RDC,4525.0,11874.85,2.624276243093923,533852.1,1
DN-2815,Truck,Uganda,SCMS from RDC,N/A - From RDC,429.0,3293.34,7.6767832167832175,39788.88,1
DN-2816,Truck,Côte d'Ivoire,SCMS from RDC,N/A - From RDC,14413.0,11874.85,0.8238985637965726,1186443.6,1
DN-2817,Air,Nigeria,SCMS from RDC,N/A - From RDC,5950.0,18461.22,3.102726050420168,142850.34,1
DN-2818,Air,Nigeria,SCMS from RDC,N/A - From RDC,9697.0,18461.22,1.9038073631019905,340452.86,1
DN-282,Air,Mozambique,SCMS from RDC,N/A - From RDC,3340.0,3438.84,1.0295928143712576,64692.9,1
DN-2820,Air,Tanzania,SCMS from RDC,N/A - From RDC,16510.0,82283.9,4.983882495457299,1544000.0,1
DN-2821,Air,Nigeria,SCMS from RDC,N/A - From RDC,5897.0,18461.22,3.1306121756825505,266922.64,1
DN-2822,Air,Tanzania,SCMS from RDC,N/A - From RDC,7867.0,21567.19,2.7414757849243676,342900.0,1
DN-2823,Air,Nigeria,SCMS from RDC,N/A - From RDC,13193.0,18461.22,1.3993193360115213,1616634.56,1
DN-2824,Air,Uganda,SCMS from RDC,N/A - From RDC,2026.0,10095.9,4.983168805528134,87840.0,1
DN-2825,Truck,Zimbabwe,SCMS from RDC,N/A - From RDC,29.0,588.72,20.300689655172416,1000.0,1
DN-2826,Truck,Zimbabwe,SCMS from RDC,N/A - From RDC,37.0,588.71,15.911081081081083,1250.0,1
DN-2827,Truck,Côte d'Ivoire,SCMS from RDC,N/A - From RDC,979.0,4869.4,4.973850868232891,129945.6,1
DN-2828,Truck,Uganda,SCMS from RDC,N/A - From RDC,108.0,1618.01,14.981574074074073,10552.0,1
DN-2829,Air,Uganda,SCMS from RDC,N/A - From RDC,3865.0,19667.94,5.088729624838292,249300.0,1
DN-2830,Air,Uganda,SCMS from RDC,N/A - From RDC,1779.0,9325.16,5.241798763350197,75598.51999999999,1
DN-2831,Truck,Uganda,SCMS from RDC,N/A - From RDC,2030.0,11846.85,5.835886699507389,105692.12,1
DN-2832,Truck,Zambia,SCMS from RDC,N/A - From RDC,2321.0,7317.48,3.1527272727272724,296703.16,1
DN-2833,Truck,Zambia,SCMS from RDC,N/A - From RDC,17125.0,7317.47,0.4272975182481752,930334.92,1
DN-2834,Truck,Zambia,SCMS from RDC,N/A - From RDC,8709.0,7317.47,0.8402193133540017,762014.25,1
DN-2835,Truck,Zimbabwe,SCMS from RDC,N/A - From RDC,6003.0,7423.38,1.2366116941529235,147121.48,1
DN-2836,Truck,Zambia,SCMS from RDC,N/A - From RDC,3354.0,7317.47,2.1817143709004174,193517.05,1
DN-2837,Truck,Côte d'Ivoire,SCMS from RDC,N/A - From RDC,18204.0,36194.84,1.9882904856075585,1424591.44,1
DN-2838,Truck,Uganda,SCMS from RDC,N/A - From RDC,1331.0,7504.0,5.63786626596544,193174.0,1
DN-2839,Truck,Uganda,SCMS from RDC,N/A - From RDC,596.0,2175.07,3.6494463087248326,30117.84,1
DN-284,(blank),Zambia,SCMS from RDC,N/A - From RDC,178.0,1105.9,6.212921348314607,8250.0,0
DN-2840,Truck,Uganda,SCMS from RDC,N/A - From RDC,1207.0,7238.0,5.996685998342999,145612.08,1
DN-2841,Truck,Uganda,SCMS from RDC,N/A - From RDC,2078.0,15761.76,7.585062560153994,252784.56,1
DN-2842,Truck,Uganda,SCMS from RDC,N/A - From RDC,1285.0,6265.36,4.8757665369649805,55134.86,1
DN-2843,Truck,Uganda,SCMS from RDC,N/A - From RDC,1499.0,10915.97,7.282168112074716,63965.44,1
DN-2844,Truck,Tanzania,SCMS from RDC,N/A - From RDC,4256.0,6052.1,1.4220159774436092,472301.34,1
DN-2845,Air,Rwanda,SCMS from RDC,N/A - From RDC,2881.0,5825.17,2.021926414439431,325856.72,1
DN-2846,Truck,Zambia,SCMS from RDC,N/A - From RDC,3144.0,7317.47,2.3274395674300257,135102.72,1
DN-2847,Truck,Zambia,SCMS from RDC,N/A - From RDC,6801.0,7317.47,1.0759403028966328,902400.0,1
DN-2848,Air,Rwanda,SCMS from RDC,N/A - From RDC,4444.0,26081.05,5.868823132313231,195200.0,1
DN-2849,Air,Uganda,SCMS from RDC,N/A - From RDC,5000.0,24889.0,4.9778,234600.0,1
DN-2850,Air,Rwanda,SCMS from RDC,N/A - From RDC,3090.0,16603.9,5.3734304207119745,197064.0,1
DN-2851,Truck,Côte d'Ivoire,SCMS from RDC,N/A - From RDC,3367.0,12589.74,3.739156519156519,152659.08000000002,1
DN-2852,Air,Rwanda,SCMS from RDC,N/A - From RDC,1800.0,12500.58,6.944766666666666,61600.0,1
DN-2853,Air,Rwanda,SCMS from RDC,N/A - From RDC,3991.0,13380.52,3.352673515409672,518806.4,1
DN-2854,Air,Haiti,SCMS from RDC,N/A - From RDC,1596.0,16840.67,10.551798245614034,8400.0,1
DN-2856,Air,Rwanda,SCMS from RDC,N/A - From RDC,1928.0,5825.17,3.0213537344398342,244853.0,1
DN-2857,Air,South Sudan,SCMS from RDC,N/A - From RDC,1624.0,15446.4,9.511330049261083,9150.0,1
DN-2858,Air,South Sudan,SCMS from RDC,N/A - From RDC,513.0,4934.43,9.618771929824561,64417.5,1
DN-2859,Air,Rwanda,SCMS from RDC,N/A - From RDC,3863.0,23249.47,6.0185011648977484,265266.28,1
DN-2860,Air,Uganda,SCMS from RDC,N/A - From RDC,1199.0,7918.0,6.6038365304420354,64287.84,1
DN-2861,Truck,Côte d'Ivoire,SCMS from RDC,N/A - From RDC,4026.0,15677.98,3.894182811723795,190743.84,1
DN-2862,Truck,Mozambique,SCMS from RDC,N/A - From RDC,775.0,3855.94,4.975406451612903,27361.519999999997,1
DN-2863,Truck,Mozambique,SCMS from RDC,N/A - From RDC,9370.0,3855.94,0.4115197438633938,662361.39,1
DN-2864,Truck,Mozambique,SCMS from RDC,N/A - From RDC,1409.0,3855.95,2.7366572036905605,84284.82,1
DN-2865,Truck,Zambia,SCMS from RDC,N/A - From RDC,26199.0,34356.26,1.3113576854078401,2210766.75,1
DN-2866,Truck,Zimbabwe,SCMS from RDC,N/A - From RDC,14115.0,8751.99,0.6200488841657811,981000.0,1
DN-2867,Truck,Zimbabwe,SCMS from RDC,N/A - From RDC,4028.0,8751.99,2.1727879841112214,168763.54,1
DN-2868,Air,Côte d'Ivoire,SCMS from RDC,N/A - From RDC,99.0,1113.0,11.242424242424242,8584.42,1
DN-2869,Truck,Côte d'Ivoire,SCMS from RDC,N/A - From RDC,159.0,1984.83,12.48320754716981,13650.24,1
DN-2870,Truck,Côte d'Ivoire,SCMS from RDC,N/A - From RDC,1143.0,8158.93,7.138171478565179,144950.4,1
DN-2871,Air,South Sudan,SCMS from RDC,N/A - From RDC,39.0,742.98,19.05076923076923,2915.4,1
DN-2872,Air,South Sudan,SCMS from RDC,N/A - From RDC,25.0,742.98,29.7192,2316.0,1
DN-2873,Air,Uganda,SCMS from RDC,N/A - From RDC,958.0,7659.33,7.995125260960334,86024.5,1
DN-2874,Truck,Tanzania,SCMS from RDC,N/A - From RDC,17227.0,7134.39,0.41414001277065077,2198414.4,1
DN-2875,Air,Uganda,SCMS from RDC,N/A - From RDC,2870.0,14974.6,5.217630662020906,121477.72,1
DN-2876,Truck,Uganda,SCMS from RDC,N/A - From RDC,690.0,3990.0,5.782608695652174,29600.48,1
DN-2877,Truck,Côte d'Ivoire,SCMS from RDC,N/A - From RDC,6375.0,18661.97,2.927367843137255,643389.9,1
DN-2878,Truck,Zimbabwe,SCMS from RDC,N/A - From RDC,4282.0,8443.89,1.971950023353573,180214.98,1
DN-288,(blank),Côte d'Ivoire,SCMS from RDC,N/A - From RDC,1114.0,3473.0,3.1175942549371634,155830.8,0
DN-2880,Truck,Côte d'Ivoire,SCMS from RDC,N/A - From RDC,6242.0,17129.96,2.7443063120794617,356058.24,1
DN-2883,Truck,Tanzania,SCMS from RDC,N/A - From RDC,12181.0,7134.39,0.5856982185370659,1132283.94,1
DN-2884,Truck,Zambia,SCMS from RDC,N/A - From RDC,7567.0,16697.66,2.2066419981498613,233095.64,1
DN-2885,Air,Rwanda,SCMS from RDC,N/A - From RDC,7242.0,5825.18,0.8043606738470036,838969.2100000001,1
DN-2886,Air Charter,Cameroon,SCMS from RDC,N/A - From RDC,43571.0,67732.54,1.5545326019600192,2267536.28,1
DN-2887,Air Charter,Cameroon,SCMS from RDC,N/A - From RDC,4486.0,76176.43,16.98092510031208,152684.96000000002,1
DN-2888,Truck,Tanzania,SCMS from RDC,N/A - From RDC,3526.0,8977.0,2.5459444129325015,104111.4,1
DN-2889,Truck,Tanzania,SCMS from RDC,N/A - From RDC,466.0,1696.0,3.6394849785407724,8171.7,1
DN-2890,Air,Uganda,SCMS from RDC,N/A - From RDC,234.0,2154.1,9.205555555555556,10287.0,1
DN-2891,Truck,Zambia,SCMS from RDC,N/A - From RDC,537.0,6800.6,12.664059590316574,30975.0,1
DN-2893,Truck,Côte d'Ivoire,SCMS from RDC,N/A - From RDC,123.0,1783.64,14.501138211382115,13430.1,1
DN-2894,Truck,Côte d'Ivoire,SCMS from RDC,N/A - From RDC,253.0,4261.03,16.842015810276678,30076.0,1
DN-2895,Truck,Côte d'Ivoire,SCMS from RDC,N/A - From RDC,2147.0,8211.03,3.8244201210992084,66750.0,1
DN-2896,Truck,Côte d'Ivoire,SCMS from RDC,N/A - From RDC,1152.0,5971.13,5.183272569444444,6300.0,1
DN-2897,Air,Uganda,SCMS from RDC,N/A - From RDC,244.0,2159.1,8.848770491803279,10549.650000000001,1
DN-2898,Air Charter,Cameroon,SCMS from RDC,N/A - From RDC,3943.0,67732.55,17.177922901344154,265400.0,1
DN-2899,Truck,Mozambique,SCMS from RDC,N/A - From RDC,17605.0,6323.1,0.3591650099403579,1471470.57,1
DN-290,(blank),Tanzania,SCMS from RDC,N/A - From RDC,3369.0,9689.0,2.8759275749480557,559191.52,0
DN-2900,Air,Nigeria,SCMS from RDC,N/A - From RDC,9421.0,15459.1,1.640919223012419,772000.0,1
DN-2901,Air,Nigeria,SCMS from RDC,N/A - From RDC,4052.0,15459.09,3.8151752221125372,222515.04,1
DN-2902,Air,Nigeria,SCMS from RDC,N/A - From RDC,12028.0,15459.09,1.2852585633521783,484000.0,1
DN-2903,Air,Nigeria,SCMS from RDC,N/A - From RDC,3856.0,15459.09,4.00910010373444,418801.2,1
DN-2904,Air,Nigeria,SCMS from RDC,N/A - From RDC,14647.0,15459.09,1.055444118249471,1384688.7,1
DN-2905,Air,Nigeria,SCMS from RDC,N/A - From RDC,11369.0,15459.09,1.3597581141701116,440272.56,1
DN-2906,Air,Nigeria,SCMS from RDC,N/A - From RDC,370.0,15459.09,41.78132432432432,21046.48,1
DN-2907,Air,Nigeria,SCMS from RDC,N/A - From RDC,798.0,15459.09,19.372293233082708,27749.52,1
DN-2908,Air,Nigeria,SCMS from RDC,N/A - From RDC,1319.0,15459.09,11.720310841546626,153407.52,1
DN-2909,Air,Nigeria,SCMS from RDC,N/A - From RDC,17521.0,15459.09,0.8823177900804748,1115920.0,1
DN-291,Air,Tanzania,SCMS from RDC,N/A - From RDC,2102.0,5834.0,2.775451950523311,387215.64,1
DN-2910,Truck,Côte d'Ivoire,SCMS from RDC,N/A - From RDC,959.0,4424.91,4.614087591240875,41731.2,1
DN-2911,Truck,Mozambique,SCMS from RDC,N/A - From RDC,2143.0,6323.1,2.950583294447037,190931.04,1
DN-2912,Truck,Zambia,SCMS from RDC,N/A - From RDC,15075.0,10809.09,0.7170208955223881,1912540.0,1
DN-2913,Truck,Zimbabwe,SCMS from RDC,N/A - From RDC,2232.0,6933.76,3.1065232974910395,154560.0,1
DN-2914,Truck,Zimbabwe,SCMS from RDC,N/A - From RDC,1875.0,6933.75,3.698,126960.0,1
DN-2915,Air,Rwanda,SCMS from RDC,N/A - From RDC,437.0,2928.4,6.701144164759725,16130.6,1
DN-2916,Air,Rwanda,SCMS from RDC,N/A - From RDC,1045.0,6152.0,5.8870813397129185,38798.4,1
DN-2917,Truck,Uganda,SCMS from RDC,N/A - From RDC,14275.0,131278.81,9.196414010507882,1658935.78,1
DN-2918,Truck,Zambia,SCMS from RDC,N/A - From RDC,207.0,1900.0,9.178743961352657,7590.35,1
DN-2919,Truck,Zambia,SCMS from RDC,N/A - From RDC,12561.0,25636.2,2.0409362311917842,2515389.17,1
DN-292,Air,Tanzania,SCMS from RDC,N/A - From RDC,2670.0,7533.0,2.8213483146067415,314942.52,1
DN-2920,Truck,Zimbabwe,SCMS from RDC,N/A - From RDC,1043.0,8043.57,7.71195589645254,36907.5,1
DN-2921,Truck,Uganda,SCMS from RDC,N/A - From RDC,5212.0,24772.95,4.753060245587107,263792.4,1
DN-2922,Truck,Uganda,SCMS from RDC,N/A - From RDC,1.0,5220.79,5220.79,169.0,1
DN-2923,Air,Nigeria,SCMS from RDC,N/A - From RDC,6886.0,15459.09,2.245002904443799,748481.08,1
DN-2924,Truck,Zimbabwe,SCMS from RDC,N/A - From RDC,16.0,839.7,52.48125,525.0,1
DN-2925,Air,Uganda,SCMS from RDC,N/A - From RDC,2034.0,10977.65,5.397074729596853,222544.5,1
DN-2926,Air,Uganda,SCMS from RDC,N/A - From RDC,220.0,1616.45,7.3475,26788.32,1
DN-2927,Air,Uganda,SCMS from RDC,N/A - From RDC,430.0,2154.0,5.0093023255813955,17974.32,1
DN-2928,Truck,Mozambique,SCMS from RDC,N/A - From RDC,4145.0,7433.02,1.7932496984318458,349684.56,1
DN-2929,Truck,Zambia,SCMS from RDC,N/A - From RDC,44.0,3951.02,89.79590909090909,1892.16,1
DN-293,(blank),Tanzania,SCMS from RDC,N/A - From RDC,750.0,3901.78,5.202373333333334,274263.8,0
DN-2930,Truck,Zimbabwe,SCMS from RDC,N/A - From RDC,2247.0,8194.09,3.646680017801513,237012.36,1
DN-2931,Truck,Zambia,SCMS from RDC,N/A - From RDC,768.0,5213.54,6.788463541666666,33248.88,1
DN-2932,Truck,Côte d'Ivoire,SCMS from RDC,N/A - From RDC,5466.0,19079.68,3.4906110501280643,497740.8,1
DN-2933,Air,Haiti,SCMS from RDC,N/A - From RDC,1679.0,18028.41,10.73758784991066,71547.84,1
DN-2934,Air,Haiti,SCMS from RDC,N/A - From RDC,3809.0,39513.54,10.373730637962721,344514.72,1
DN-2935,Truck,Côte d'Ivoire,SCMS from RDC,N/A - From RDC,10611.0,38492.46,3.6275996607294316,964392.96,1
DN-2936,Truck,Côte d'Ivoire,SCMS from RDC,N/A - From RDC,2907.0,11320.56,3.894241486068111,279309.6,1
DN-2938,Truck,Mozambique,SCMS from RDC,N/A - From RDC,249.0,4754.19,19.09313253012048,23896.08,1
DN-2939,Truck,Mozambique,SCMS from RDC,N/A - From RDC,12104.0,7433.02,0.6140961665565102,953250.88,1
DN-294,(blank),Tanzania,SCMS from RDC,N/A - From RDC,2366.0,13952.38,5.897032967032967,160000.0,0
DN-2940,Truck,Zimbabwe,SCMS from RDC,N/A - From RDC,23127.0,11444.77,0.4948661737363255,1353571.16,1
DN-2941,Truck,Zimbabwe,SCMS from RDC,N/A - From RDC,2705.0,9751.8,3.605101663585952,78149.4,1
DN-2942,Truck,Zimbabwe,SCMS from RDC,N/A - From RDC,10118.0,9251.8,0.9143901956908479,628667.75,1
DN-2943,Air,Nigeria,SCMS from RDC,N/A - From RDC,18234.0,51090.0,2.8019085225403093,1444936.96,1
DN-2944,Air,Nigeria,SCMS from RDC,N/A - From RDC,465.0,51090.0,109.87096774193549,48574.2,1
DN-2945,Air,Nigeria,SCMS from RDC,N/A - From RDC,25523.0,51090.0,2.0017239352740663,1244500.8800000001,1
DN-2946,Air,Nigeria,SCMS from RDC,N/A - From RDC,7973.0,51090.0,6.407876583469209,214433.77999999997,1
DN-2947,Air,Nigeria,SCMS from RDC,N/A - From RDC,50634.0,51090.0,1.009005806375163,3298938.5,1
DN-2948,Truck,Zimbabwe,SCMS from RDC,N/A - From RDC,1464.0,8000.72,5.464972677595629,131016.12,1
DN-2951,Air,Uganda,SCMS from RDC,N/A - From RDC,2400.0,18337.82,7.640758333333333,154774.80000000002,1
DN-2952,Air,Uganda,SCMS from RDC,N/A - From RDC,1187.0,9609.69,8.095779275484414,76759.95,1
DN-2953,Air,Uganda,SCMS from RDC,N/A - From RDC,117.0,2005.48,17.1408547008547,4602.96,1
DN-2954,Truck,Côte d'Ivoire,SCMS from RDC,N/A - From RDC,4409.0,17192.4,3.8993876162395105,420405.0,1
DN-2957,Truck,Côte d'Ivoire,SCMS from RDC,N/A - From RDC,338.0,3487.55,10.31819526627219,23659.15,1
DN-2958,Truck,Côte d'Ivoire,SCMS from RDC,N/A - From RDC,2705.0,9879.25,3.652218114602588,228388.31999999998,1
DN-2959,Truck,Côte d'Ivoire,SCMS from RDC,N/A - From RDC,174.0,2148.5,12.347701149425287,40500.0,1
DN-2961,Air,Rwanda,SCMS from RDC,N/A - From RDC,10698.0,20994.85,1.962502336885399,561127.68,1
DN-2962,Truck,Tanzania,SCMS from RDC,N/A - From RDC,4758.0,6031.15,1.267580916351408,474592.5,1
DN-2963,Truck,Tanzania,SCMS from RDC,N/A - From RDC,945.0,7579.6,8.020740740740742,46126.1,1
DN-2964,Truck,Uganda,SCMS from RDC,N/A - From RDC,5.0,673.25,134.65,257.28,1
DN-2965,Truck,Mozambique,SCMS from RDC,N/A - From RDC,18031.0,7433.02,0.41223559425433975,1466896.08,1
DN-2966,Truck,Mozambique,SCMS from RDC,N/A - From RDC,7899.0,7433.01,0.9410064565134827,647147.02,1
DN-2967,Truck,Côte d'Ivoire,SCMS from RDC,N/A - From RDC,6649.0,27350.2,4.113430591066326,806350.0,1
DN-2968,Truck,Côte d'Ivoire,SCMS from RDC,N/A - From RDC,354.0,3026.62,8.549774011299435,28225.92,1
DN-2969,Air,Côte d'Ivoire,SCMS from RDC,N/A - From RDC,244.0,3138.35,12.862090163934425,29200.0,1
DN-297,(blank),Uganda,SCMS from RDC,N/A - From RDC,14.0,632.6,45.18571428571429,446.88,0
DN-2970,Truck,Côte d'Ivoire,SCMS from RDC,N/A - From RDC,6889.0,24138.35,3.503897517781971,481307.83999999997,1
DN-2971,Air,Uganda,SCMS from RDC,N/A - From RDC,491.0,4002.01,8.150733197556008,12666.28,1
DN-2972,Truck,Tanzania,SCMS from RDC,N/A - From RDC,350.0,2266.0,6.474285714285714,42084.5,1
DN-2973,Truck,Zambia,SCMS from RDC,N/A - From RDC,4067.0,14050.13,3.4546668305876564,156836.34,1
DN-2974,Truck,Côte d'Ivoire,SCMS from RDC,N/A - From RDC,852.0,3026.61,3.5523591549295777,52351.12,1
DN-2975,Truck,Zimbabwe,SCMS from RDC,N/A - From RDC,5754.0,10075.8,1.7510948905109487,307659.83999999997,1
DN-2976,Air,Rwanda,SCMS from RDC,N/A - From RDC,12757.0,20994.85,1.6457513521987928,1356404.77,1
DN-2977,Truck,Uganda,SCMS from RDC,N/A - From RDC,12838.0,111318.14,8.670987692787039,1366892.03,1
DN-2979,Air,Zimbabwe,SCMS from RDC,N/A - From RDC,388.0,2392.0,6.164948453608248,38947.48,1
DN-298,Air,Uganda,SCMS from RDC,N/A - From RDC,214.0,891.0,4.163551401869159,7840.6,1
DN-2980,Air,Angola,SCMS from RDC,N/A - From RDC,173.0,2322.47,13.424682080924855,6000.0,1
DN-2981,Air,"Congo, DRC",SCMS from RDC,N/A - From RDC,5897.0,40434.04,6.856713583177887,285815.29,1
DN-2985,Truck,Mozambique,SCMS from RDC,N/A - From RDC,25666.0,7733.77,0.30132354087119145,1639079.13,1
DN-2986,Air,Uganda,SCMS from RDC,N/A - From RDC,177.0,3255.61,18.393276836158194,20887.12,1
DN-2987,Truck,Zambia,SCMS from RDC,N/A - From RDC,974.0,6923.53,7.108347022587269,44067.84,1
DN-2988,Truck,Zimbabwe,SCMS from RDC,N/A - From RDC,704.0,25568.0,36.31818181818182,57193.09,1
DN-2989,Truck,Zimbabwe,SCMS from RDC,N/A - From RDC,58270.0,47389.63,0.8132766432126308,2368031.73,1
DN-299,Truck,Zimbabwe,SCMS from RDC,N/A - From RDC,70.0,1949.84,27.854857142857142,9780.0,1
DN-2994,Air Charter,Nigeria,SCMS from RDC,N/A - From RDC,8850.0,29780.5,3.3650282485875707,691119.88,1
DN-2995,Air Charter,Nigeria,SCMS from RDC,N/A - From RDC,12135.0,29780.5,2.45409971157808,1352448.79,1
DN-2996,Air Charter,Nigeria,SCMS from RDC,N/A - From RDC,12032.0,29780.5,2.475108045212766,362196.45,1
DN-2997,Air Charter,Nigeria,SCMS from RDC,N/A - From RDC,22259.0,29780.5,1.3379082618266769,1672100.0,1
DN-2998,Air Charter,Nigeria,SCMS from RDC,N/A - From RDC,779.0,29780.5,38.22913992297818,29875.8,1
DN-2999,Air,Uganda,SCMS from RDC,N/A - From RDC,4658.0,41595.5,8.929905538857879,356934.24,1
DN-30,(blank),Côte d'Ivoire,SCMS from RDC,N/A - From RDC,368.0,1619.0,4.399456521739131,66274.05,0
DN-300,Truck,Zimbabwe,SCMS from RDC,N/A - From RDC,343.0,1645.12,4.796268221574343,120000.0,1
DN-3000,Air,Uganda,SCMS from RDC,N/A - From RDC,2261.0,13252.2,5.861211853162318,163067.14,1
DN-3001,Air,Uganda,SCMS from RDC,N/A - From RDC,5391.0,28382.05,5.264709701354109,431163.20000000007,1
DN-3002,Truck,Mozambique,SCMS from RDC,N/A - From RDC,3140.0,7733.77,2.4629840764331212,135280.0,1
DN-3003,Truck,Zambia,SCMS from RDC,N/A - From RDC,1230.0,6923.53,5.628886178861788,412260.66,1
DN-3007,Truck,Zimbabwe,SCMS from RDC,N/A - From RDC,23176.0,17308.69,0.7468368139454608,121875.0,1
DN-3010,Truck,Côte d'Ivoire,SCMS from RDC,N/A - From RDC,1639.0,7690.06,4.691921903599757,174456.66,1
DN-3011,Air,Uganda,SCMS from RDC,N/A - From RDC,2089.0,17032.59,8.153465773097176,210311.44,1
DN-3012,Truck,Mozambique,SCMS from RDC,N/A - From RDC,3591.0,7733.77,2.1536535783904207,291333.54,1
DN-3014,Air,Haiti,SCMS from RDC,N/A - From RDC,119.0,1896.49,15.936890756302521,4248.8,1
DN-3015,Air,Haiti,SCMS from RDC,N/A - From RDC,16035.0,161712.87,10.084993451824134,1085643.96,1
DN-3016,Air,Haiti,SCMS from RDC,N/A - From RDC,1807.0,30844.1,17.069230769230767,192427.9,1
DN-3017,Air,"Congo, DRC",SCMS from RDC,N/A - From RDC,112.0,9687.69,86.49723214285714,42642.78,1
DN-3018,Truck,Côte d'Ivoire,SCMS from RDC,N/A - From RDC,941.0,3980.18,4.229734325185972,42455.1,1
DN-3019,Truck,Côte d'Ivoire,SCMS from RDC,N/A - From RDC,13509.0,36857.21,2.7283448071655934,861432.0,1
DN-3020,Air,Côte d'Ivoire,SCMS from RDC,N/A - From RDC,760.0,4880.14,6.421236842105263,50381.0,1
DN-3021,Truck,Côte d'Ivoire,SCMS from RDC,N/A - From RDC,1387.0,10680.14,7.700173035328046,70432.0,1
DN-3022,Truck,Côte d'Ivoire,SCMS from RDC,N/A - From RDC,677.0,3880.14,5.731373707533234,30550.0,1
DN-3023,Truck,Côte d'Ivoire,SCMS from RDC,N/A - From RDC,2732.0,10680.14,3.9092752562225472,123010.4,1
DN-3024,Air,Uganda,SCMS from RDC,N/A - From RDC,1887.0,12736.25,6.749470058293587,135839.49,1
DN-3025,Air,Uganda,SCMS from RDC,N/A - From RDC,6528.0,21806.84,3.3405085784313724,224794.08000000002,1
DN-3026,Air,South Sudan,SCMS from RDC,N/A - From RDC,1108.0,10754.0,9.705776173285198,5803.2,1
DN-3027,Air Charter,Nigeria,SCMS from RDC,N/A - From RDC,12046.0,37242.5,3.091690187614146,723823.22,1
DN-3028,Air Charter,Nigeria,SCMS from RDC,N/A - From RDC,12785.0,37242.5,2.9129839655846697,301868.2,1
DN-3029,Air Charter,Nigeria,SCMS from RDC,N/A - From RDC,11111.0,37242.5,3.351858518585186,907121.52,1
DN-303,Truck,Zimbabwe,SCMS from RDC,N/A - From RDC,12779.0,41772.09,3.268807418420846,925000.0,1
DN-3030,Truck,Zimbabwe,SCMS from RDC,N/A - From RDC,23677.0,9405.81,0.39725514212104573,950520.84,1
DN-3031,Truck,Zimbabwe,SCMS from RDC,N/A - From RDC,2268.0,9405.81,4.1471825396825395,244137.6,1
DN-3032,Truck,Zimbabwe,SCMS from RDC,N/A - From RDC,5453.0,9405.81,1.7248872180451127,244290.3,1
DN-3033,Truck,Zimbabwe,SCMS from RDC,N/A - From RDC,3082.0,9405.8,3.051849448410123,295017.6,1
DN-3034,Air,Uganda,SCMS from RDC,N/A - From RDC,3988.0,39037.7,9.788791374122367,366635.14,1
DN-3035,Air,Uganda,SCMS from RDC,N/A - From RDC,467.0,6637.16,14.212334047109207,69925.64,1
DN-3036,Truck,Zimbabwe,SCMS from RDC,N/A - From RDC,52.0,1600.0,30.76923076923077,11307.6,1
DN-3037,Truck,Zimbabwe,SCMS from RDC,N/A - From RDC,18.0,1100.0,61.111111111111114,3769.2,1
DN-3038,Truck,Tanzania,SCMS from RDC,N/A - From RDC,116.0,2035.84,17.550344827586205,7162.92,1
DN-3039,Air Charter,Nigeria,SCMS from RDC,N/A - From RDC,13392.0,37242.5,2.780951314217443,1437641.66,1
DN-304,Air,Mozambique,SCMS from RDC,N/A - From RDC,9006.0,9869.55,1.095886075949367,1312913.46,1
DN-3040,Truck,Uganda,SCMS from RDC,N/A - From RDC,5732.0,25118.88,4.38221912072575,366511.86,1
DN-3041,Truck,Uganda,SCMS from RDC,N/A - From RDC,76.0,936.81,12.326447368421052,3912.06,1
DN-3042,Air,Uganda,SCMS from RDC,N/A - From RDC,1366.0,8507.01,6.227679355783309,81701.97,1
DN-3043,Air,Haiti,SCMS from RDC,N/A - From RDC,165.0,3048.08,18.47321212121212,7119.36,1
DN-3044,Air,Haiti,SCMS from RDC,N/A - From RDC,107.0,1779.74,16.633084112149533,2985.5,1
DN-3045,Truck,Zambia,SCMS from RDC,N/A - From RDC,10442.0,11520.85,1.1033183298218732,1369000.0,1
DN-3046,Truck,Côte d'Ivoire,SCMS from RDC,N/A - From RDC,3264.0,14368.65,4.402159926470588,315300.0,1
DN-3048,Truck,Zimbabwe,SCMS from RDC,N/A - From RDC,8615.0,49580.17,5.755098084735925,366130.95999999996,1
DN-3049,Truck,Zimbabwe,SCMS from RDC,N/A - From RDC,2520.0,15000.0,5.9523809523809526,92363.94,1
DN-3050,Truck,Zimbabwe,SCMS from RDC,N/A - From RDC,120.0,1800.0,15.0,11955.4,1
DN-3051,Truck,Zambia,SCMS from RDC,N/A - From RDC,2462.0,16295.56,6.618830219333875,87979.54,1
DN-3052,Truck,Zambia,SCMS from RDC,N/A - From RDC,2504.0,12315.5,4.918330670926518,58739.66,1
DN-3053,Truck,Zambia,SCMS from RDC,N/A - From RDC,2452.0,5520.86,2.251574225122349,92400.0,1
DN-3055,Truck,Zimbabwe,SCMS from RDC,N/A - From RDC,2268.0,9405.8,4.147178130511463,244137.6,1
DN-3056,Truck,Zimbabwe,SCMS from RDC,N/A - From RDC,2266.0,9405.81,4.1508428949691085,244137.6,1
DN-3057,Truck,Zimbabwe,SCMS from RDC,N/A - From RDC,12328.0,9405.81,0.7629631732641142,621904.0,1
DN-3058,Air,Guyana,SCMS from RDC,N/A - From RDC,76.0,2180.0,28.68421052631579,440.3,1
DN-3059,Truck,Guyana,SCMS from RDC,N/A - From RDC,110.0,3178.0,28.89090909090909,1826.66,1
DN-306,(blank),Côte d'Ivoire,SCMS from RDC,N/A - From RDC,1436.0,5911.5,4.116643454038997,39319.0,0
DN-3060,Air,Guyana,SCMS from RDC,N/A - From RDC,1283.0,12862.56,10.025378020265004,108355.63,1
DN-3061,Air,Haiti,SCMS from RDC,N/A - From RDC,682.0,8118.08,11.903343108504398,3596.4,1
DN-3062,Truck,Tanzania,SCMS from RDC,N/A - From RDC,1248.0,4529.5,3.629407051282051,91213.89,1
DN-3063,Truck,Mozambique,SCMS from RDC,N/A - From RDC,11667.0,4120.7,0.35319276592097365,1215016.61,1
DN-3064,Air,Zimbabwe,SCMS from RDC,N/A - From RDC,533.0,5623.52,10.550694183864916,56762.5,1
DN-3065,Truck,Uganda,SCMS from RDC,N/A - From RDC,610.0,6585.03,10.795131147540983,85212.1,1
DN-3069,Air,Uganda,SCMS from RDC,N/A - From RDC,1600.0,8699.8,5.437374999999999,121280.56,1
DN-307,Air,Mozambique,SCMS from RDC,N/A - From RDC,1020.0,1998.5,1.959313725490196,102600.0,1
DN-3072,Truck,Côte d'Ivoire,SCMS from RDC,N/A - From RDC,1159.0,5405.25,4.663718723037101,6300.0,1
DN-3073,Truck,Côte d'Ivoire,SCMS from RDC,N/A - From RDC,335.0,2527.41,7.544507462686567,23659.15,1
DN-3075,Truck,Côte d'Ivoire,SCMS from RDC,N/A - From RDC,22043.0,41802.56,1.8964097445901191,1781650.0,1
DN-3078,Truck,Mozambique,SCMS from RDC,N/A - From RDC,168.0,4120.69,24.527916666666663,5751.1,1
DN-308,Air,Mozambique,SCMS from RDC,N/A - From RDC,36.0,1998.5,55.513888888888886,957.6,1
DN-3080,Air,South Sudan,SCMS from RDC,N/A - From RDC,37.0,1198.68,32.39675675675676,2760.15,1
DN-3083,Truck,Zimbabwe,SCMS from RDC,N/A - From RDC,14845.0,14451.68,0.973504883799259,653177.8,1
DN-3084,Truck,Zimbabwe,SCMS from RDC,N/A - From RDC,19248.0,14451.69,0.7508151496259352,813667.9,1
DN-3085,Truck,Zimbabwe,SCMS from RDC,N/A - From RDC,3133.0,14451.69,4.612732205553782,138678.2,1
DN-3086,Truck,Mozambique,SCMS from RDC,N/A - From RDC,2503.0,4120.69,1.6463004394726326,266420.0,1
DN-3088,Air,Burundi,SCMS from RDC,N/A - From RDC,210.0,1551.32,7.387238095238095,1099.8,1
DN-3089,Air,Guyana,SCMS from RDC,N/A - From RDC,214.0,3066.05,14.327336448598132,7876.1,1
DN-309,Air,Zambia,SCMS from RDC,N/A - From RDC,3785.0,13116.0,3.4652575957727874,65868.8,1
DN-3091,Air,Haiti,SCMS from RDC,N/A - From RDC,2435.0,25984.75,10.67135523613963,266420.0,1
DN-3092,Truck,Zimbabwe,SCMS from RDC,N/A - From RDC,13288.0,14451.69,1.0875745033112583,811419.18,1
DN-3093,Truck,Zimbabwe,SCMS from RDC,N/A - From RDC,118.0,8600.0,72.88135593220339,5339.36,1
DN-3094,Truck,Zimbabwe,SCMS from RDC,N/A - From RDC,4536.0,29733.53,6.5550110229276894,488275.2,1
DN-3095,Truck,Zambia,SCMS from RDC,N/A - From RDC,25504.0,33770.41,1.324122098494354,3080729.15,1
DN-3096,Air,Burundi,SCMS from RDC,N/A - From RDC,422.0,5384.96,12.760568720379148,2226.6000000000004,1
DN-3097,Air,Dominican Republic,SCMS from RDC,N/A - From RDC,78.0,1342.44,17.21076923076923,4780.8,1
DN-3098,Air,"Congo, DRC",SCMS from RDC,N/A - From RDC,315.0,2030.96,6.447492063492064,43007.12,1
DN-3099,Air,Guyana,SCMS from RDC,N/A - From RDC,466.0,5724.4,12.28412017167382,14997.07,1
DN-310,Air,Mozambique,SCMS from RDC,N/A - From RDC,841.0,3818.4,4.540309155766944,80000.0,1
DN-3100,Air,South Sudan,SCMS from RDC,N/A - From RDC,230.0,1740.47,7.567260869565217,30825.6,1
DN-3101,Truck,Tanzania,SCMS from RDC,N/A - From RDC,4613.0,3592.8,0.7788424019076523,604839.58,1
DN-3102,Truck,Mozambique,SCMS from RDC,N/A - From RDC,36920.0,29935.05,0.8108085048754062,2208744.3,1
DN-3103,Truck,Tanzania,SCMS from RDC,N/A - From RDC,2006.0,3300.95,1.6455383848454634,145934.94,1
DN-3104,Truck,Tanzania,SCMS from RDC,N/A - From RDC,2635.0,3300.95,1.2527324478178368,191277.84,1
DN-3105,Truck,Uganda,SCMS from RDC,N/A - From RDC,13310.0,12203.29,0.9168512396694215,70646.55,1
DN-3107,Air,Mozambique,SCMS from RDC,N/A - From RDC,4122.0,28602.94,6.939092673459485,145064.79,1
DN-3108,Air,Mozambique,SCMS from RDC,N/A - From RDC,1750.0,9758.5,5.5762857142857145,79631.41,1
DN-3109,Air,Mozambique,SCMS from RDC,N/A - From RDC,108.0,832.5,7.708333333333333,7272.0,1
DN-3110,Truck,Mozambique,SCMS from RDC,N/A - From RDC,36920.0,7852.98,0.21270260021668472,750777.28,1
DN-3111,Truck,Tanzania,SCMS from RDC,N/A - From RDC,126.0,1382.0,10.968253968253968,7999.2,1
DN-3112,Truck,Mozambique,SCMS from RDC,N/A - From RDC,7141.0,5496.08,0.7696513093404285,39053.7,1
DN-3113,Truck,Zimbabwe,SCMS from RDC,N/A - From RDC,394.0,8600.0,21.82741116751269,9347.36,1
DN-3115,Air,Zambia,SCMS from RDC,N/A - From RDC,1500.0,7513.5,5.009,110571.12,1
DN-3116,Air,Zambia,SCMS from RDC,N/A - From RDC,7632.0,50626.6,6.633464360587002,548412.36,1
DN-3117,Air,Dominican Republic,SCMS from RDC,N/A - From RDC,1230.0,8281.7,6.733089430894309,46007.0,1
DN-3118,Air,Burundi,SCMS from RDC,N/A - From RDC,652.0,3763.2,5.771779141104294,47277.84,1
DN-3119,Truck,Uganda,SCMS from RDC,N/A - From RDC,2234.0,6582.95,2.9467099373321397,135521.1,1
DN-3120,Air,Uganda,SCMS from RDC,N/A - From RDC,722.0,3483.79,4.825193905817175,25967.4,1
DN-3121,Air,Uganda,SCMS from RDC,N/A - From RDC,5426.0,6506.75,1.1991798746774789,224794.08000000002,1
DN-3122,Truck,Uganda,SCMS from RDC,N/A - From RDC,11337.0,23809.39,2.1001490694187175,683493.72,1
DN-3123,Air,Uganda,SCMS from RDC,N/A - From RDC,6874.0,16177.09,2.353373581611871,548376.04,1
DN-3124,Air,Uganda,SCMS from RDC,N/A - From RDC,2291.0,10542.15,4.601549541684854,182101.2,1
DN-3125,Air,South Sudan,SCMS from RDC,N/A - From RDC,1309.0,12356.0,9.439266615737203,85458.6,1
DN-3126,Air,South Sudan,SCMS from RDC,N/A - From RDC,83.0,2089.0,25.16867469879518,9910.16,1
DN-3127,Truck,Uganda,SCMS from RDC,N/A - From RDC,2517.0,11803.13,4.689364322606277,126618.0,1
DN-3128,Air,Uganda,SCMS from RDC,N/A - From RDC,29934.0,34003.7,1.135955769359257,2412078.2,1
DN-3129,Air,Burundi,SCMS from RDC,N/A - From RDC,123.0,1501.4,12.20650406504065,8888.400000000001,1
DN-3130,Air Charter,Nigeria,SCMS from RDC,N/A - From RDC,16376.0,14547.55,0.88834574987787,1256205.06,1
DN-3131,Truck,Zimbabwe,SCMS from RDC,N/A - From RDC,20226.0,21173.75,1.046858004548601,776701.0,1
DN-3132,Truck,Zimbabwe,SCMS from RDC,N/A - From RDC,22001.0,21173.75,0.9623994363892551,724869.4,1
DN-3133,Truck,Mozambique,SCMS from RDC,N/A - From RDC,7908.0,5496.08,0.6950025290844715,141501.0,1
DN-3134,Air,South Sudan,SCMS from RDC,N/A - From RDC,15.0,735.24,49.016,537.3,1
DN-3135,Truck,Côte d'Ivoire,SCMS from RDC,N/A - From RDC,122.0,1799.58,14.750655737704918,11960.0,1
DN-3136,Truck,Mozambique,SCMS from RDC,N/A - From RDC,149.0,1815.67,12.185704697986578,5174.0,1
DN-3137,Truck,Uganda,SCMS from RDC,N/A - From RDC,345.0,3426.68,9.932405797101449,24323.15,1
DN-3138,Air Charter,Nigeria,SCMS from RDC,N/A - From RDC,7722.0,14547.55,1.8839096089096088,772610.4,1
DN-3139,Air Charter,Nigeria,SCMS from RDC,N/A - From RDC,7515.0,14547.55,1.9358017298735861,525000.0,1
DN-314,(blank),Côte d'Ivoire,SCMS from RDC,N/A - From RDC,285.0,1786.0,6.266666666666667,19910.86,0
DN-3140,Air Charter,Nigeria,SCMS from RDC,N/A - From RDC,486.0,14547.55,29.933230452674895,21757.02,1
DN-3141,Air Charter,Nigeria,SCMS from RDC,N/A - From RDC,73.0,14547.55,199.28150684931506,6190.4,1
DN-3142,Air Charter,Nigeria,SCMS from RDC,N/A - From RDC,4943.0,14547.55,2.9430608941938092,311265.24,1
DN-3143,Air Charter,Nigeria,SCMS from RDC,N/A - From RDC,4847.0,14547.55,3.0013513513513512,266400.0,1
DN-3144,Air Charter,Nigeria,SCMS from RDC,N/A - From RDC,3917.0,14547.55,3.7139520040847587,55657.4,1
DN-3145,Truck,Zimbabwe,SCMS from RDC,N/A - From RDC,3749.0,9708.48,2.5896185649506536,190509.8,1
DN-3146,Truck,Mozambique,SCMS from RDC,N/A - From RDC,315.0,1981.6,6.290793650793651,47464.0,1
DN-3147,Air,Uganda,SCMS from RDC,N/A - From RDC,31473.0,24816.73,0.78850856289518,2510135.12,1
DN-3148,Air Charter,Nigeria,SCMS from RDC,N/A - From RDC,4844.0,21591.1,4.457287365813377,161750.46,1
DN-315,(blank),Côte d'Ivoire,SCMS from RDC,N/A - From RDC,3673.0,12438.0,3.3863326980669752,110064.0,0
DN-3151,Air,Nigeria,SCMS from RDC,N/A - From RDC,218.0,1941.82,8.90743119266055,8716.1,1
DN-3152,Air,Uganda,SCMS from RDC,N/A - From RDC,8115.0,13817.65,1.7027295132470732,645864.88,1
DN-3153,Truck,Uganda,SCMS from RDC,N/A - From RDC,1982.0,8163.74,4.118940464177598,153132.5,1
DN-3155,Truck,Tanzania,SCMS from RDC,N/A - From RDC,2461.0,3592.8,1.4598943518894758,81764.9,1
DN-3156,Truck,Uganda,SCMS from RDC,N/A - From RDC,142.0,1034.64,7.286197183098592,6486.0,1
DN-3159,Air,Rwanda,SCMS from RDC,N/A - From RDC,1151.0,7086.88,6.157150304083406,6300.0,1
DN-3160,Air,Rwanda,SCMS from RDC,N/A - From RDC,575.0,4095.24,7.1221565217391305,3150.0,1
DN-3161,Truck,Zambia,SCMS from RDC,N/A - From RDC,28182.0,17650.15,0.6262916045702931,3239546.4,1
DN-3162,Air Charter,Nigeria,SCMS from RDC,N/A - From RDC,6528.0,14547.55,2.228484987745098,214700.0,1
DN-3163,Air Charter,Nigeria,SCMS from RDC,N/A - From RDC,14783.0,14547.55,0.9840729215991341,1052000.0,1
DN-3166,Truck,Zambia,SCMS from RDC,N/A - From RDC,424.0,11941.65,28.164268867924527,7864.8,1
DN-317,(blank),Zimbabwe,SCMS from RDC,N/A - From RDC,152.0,912.45,6.00296052631579,5978.43,0
DN-3170,Air Charter,Nigeria,SCMS from RDC,N/A - From RDC,5041.0,20666.08,4.099599285855981,267112.56,1
DN-3171,Air Charter,Nigeria,SCMS from RDC,N/A - From RDC,12877.0,20666.07,1.6048823483730683,911589.0,1
DN-3172,Air Charter,Nigeria,SCMS from RDC,N/A - From RDC,17470.0,20666.07,1.1829461934745278,1262400.0,1
DN-3173,Air Charter,Nigeria,SCMS from RDC,N/A - From RDC,17455.0,20666.07,1.1839627613864223,677591.73,1
DN-3174,Air Charter,Nigeria,SCMS from RDC,N/A - From RDC,56.0,20666.07,369.0369642857143,3509.8,1
DN-3175,Air Charter,Nigeria,SCMS from RDC,N/A - From RDC,104.0,20666.07,198.71221153846153,4393.0,1
DN-3176,Air Charter,Nigeria,SCMS from RDC,N/A - From RDC,12686.0,41332.14,3.2580908087655684,214700.0,1
DN-3177,Truck,Tanzania,SCMS from RDC,N/A - From RDC,1946.0,12382.0,6.362795477903392,174131.1,1
DN-318,(blank),Côte d'Ivoire,SCMS from RDC,N/A - From RDC,2213.0,18101.32,8.17953908721193,407101.62,0
DN-3180,Truck,Mozambique,SCMS from RDC,N/A - From RDC,5810.0,13649.6,2.349328743545611,704377.12,1
DN-3181,Truck,Mozambique,SCMS from RDC,N/A - From RDC,1033.0,7951.22,7.697212003872217,129600.0,1
DN-3184,Truck,Zambia,SCMS from RDC,N/A - From RDC,11808.0,17650.15,1.4947620257452576,223608.0,1
DN-3185,Truck,Tanzania,SCMS from RDC,N/A - From RDC,9174.0,7185.6,0.7832570307390452,48705.15,1
DN-3186,Truck,Zambia,SCMS from RDC,N/A - From RDC,22497.0,11941.65,0.5308107747699693,1784419.0,1
DN-3189,Air Charter,Nigeria,SCMS from RDC,N/A - From RDC,11763.0,20761.0,1.7649409164328829,246877.88,1
DN-319,Air,Zambia,SCMS from RDC,N/A - From RDC,1581.0,5663.0,3.58191018342821,93158.25,1
DN-3190,Air Charter,Nigeria,SCMS from RDC,N/A - From RDC,748.0,20761.0,27.755347593582886,78423.9,1
DN-3194,Air,Tanzania,SCMS from RDC,N/A - From RDC,3637.0,22904.02,6.297503436898543,396550.08,1
DN-3196,Truck,Tanzania,SCMS from RDC,N/A - From RDC,3674.0,22904.03,6.234085465432771,401760.0,1
DN-3197,Air Charter,Nigeria,SCMS from RDC,N/A - From RDC,7733.0,20761.0,2.684727789990948,566584.92,1
DN-3198,Air Charter,Nigeria,SCMS from RDC,N/A - From RDC,26361.0,20761.0,0.7875649633928911,1893600.0,1
DN-3199,Air Charter,Nigeria,SCMS from RDC,N/A - From RDC,16966.0,20761.0,1.22368265943652,566226.54,1
DN-32,(blank),Zimbabwe,SCMS from RDC,N/A - From RDC,581.0,1886.21,3.246488812392427,113750.0,0
DN-320,(blank),Côte d'Ivoire,SCMS from RDC,N/A - From RDC,5880.0,14656.0,2.492517006802721,752832.0900000001,0
DN-3200,Truck,Côte d'Ivoire,SCMS from RDC,N/A - From RDC,6107.0,23753.64,3.889575896512199,490232.0,1
DN-3202,Truck,Zambia,SCMS from RDC,N/A - From RDC,11419.0,11941.65,1.0457702075488222,271200.0,1
DN-3203,Truck,Zambia,SCMS from RDC,N/A - From RDC,19962.0,31401.08,1.5730427812844405,2283720.48,1
DN-3204,Truck,Zambia,SCMS from RDC,N/A - From RDC,6342.0,42040.3,6.628871018606119,697079.52,1
DN-3205,Air Charter,Nigeria,SCMS from RDC,N/A - From RDC,1296.0,20761.0,16.01929012345679,44891.73,1
DN-3206,Air Charter,Nigeria,SCMS from RDC,N/A - From RDC,1094.0,20761.0,18.977148080438756,83439.18,1
DN-3207,Truck,Tanzania,SCMS from RDC,N/A - From RDC,1064.0,4203.0,3.950187969924812,134097.12,1
DN-3208,Truck,Tanzania,SCMS from RDC,N/A - From RDC,7819.0,7108.78,0.909167412712623,906720.48,1
DN-3210,Truck,Zambia,SCMS from RDC,N/A - From RDC,8744.0,12651.44,1.446870997255261,754824.0,1
DN-3211,Truck,Zambia,SCMS from RDC,N/A - From RDC,2270.0,4356.75,1.919273127753304,96666.98,1
DN-3212,Truck,Zimbabwe,SCMS from RDC,N/A - From RDC,396.0,11133.66,28.11530303030303,15984.0,1
DN-3213,Truck,Mozambique,SCMS from RDC,N/A - From RDC,273.0,5496.08,20.132161172161172,34101.2,1
DN-3214,Truck,Uganda,SCMS from RDC,N/A - From RDC,2444.0,8800.81,3.600986088379705,122726.4,1
DN-3215,Truck,Côte d'Ivoire,SCMS from RDC,N/A - From RDC,3893.0,17548.41,4.507683020806576,336000.0,1
DN-3216,Truck,Côte d'Ivoire,SCMS from RDC,N/A - From RDC,5633.0,17548.42,3.1152884786082016,424200.0,1
DN-3218,Air,Uganda,SCMS from RDC,N/A - From RDC,4811.0,2486.5,0.5168364165454168,377983.6,1
DN-3219,Air,Uganda,SCMS from RDC,N/A - From RDC,1400.0,5718.69,4.084778571428571,109565.8,1
DN-322,(blank),Namibia,SCMS from RDC,N/A - From RDC,172.0,688.84,4.004883720930232,33600.0,0
DN-3220,Air,Uganda,SCMS from RDC,N/A - From RDC,770.0,2871.0,3.7285714285714286,60258.56,1
DN-3221,Truck,Uganda,SCMS from RDC,N/A - From RDC,4846.0,13743.46,2.836042096574494,381591.96,1
DN-3227,Air Charter,Cameroon,SCMS from RDC,N/A - From RDC,18808.0,123945.0,6.590014887282008,1227612.0,1
DN-3228,Air Charter,Cameroon,SCMS from RDC,N/A - From RDC,1733.0,20893.21,12.05609347951529,71743.58,1
DN-3229,Truck,Tanzania,SCMS from RDC,N/A - From RDC,9886.0,44300.9,4.481175399554926,632260.2,1
DN-323,(blank),Côte d'Ivoire,SCMS from RDC,N/A - From RDC,1286.0,7629.94,5.93307931570762,96687.2,0
DN-3231,Truck,Zimbabwe,SCMS from RDC,N/A - From RDC,394.0,11133.66,28.25802030456853,915379.2,1
DN-3232,Truck,Zimbabwe,SCMS from RDC,N/A - From RDC,3573.0,11133.66,3.1160537363560032,262350.55,1
DN-3234,Air,Burundi,SCMS from RDC,N/A - From RDC,891.0,4674.58,5.246442199775533,4822.95,1
DN-3235,Air,Burundi,SCMS from RDC,N/A - From RDC,336.0,4385.44,13.05190476190476,13426.56,1
DN-3236,Truck,Tanzania,SCMS from RDC,N/A - From RDC,6560.0,8057.2,1.2282317073170732,505533.6,1
DN-3237,Truck,Uganda,SCMS from RDC,N/A - From RDC,8057.0,10734.13,1.3322737991808364,488446.83999999997,1
DN-324,(blank),Côte d'Ivoire,SCMS from RDC,N/A - From RDC,1468.0,4602.4,3.1351498637602178,15039.16,0
DN-3245,Truck,Côte d'Ivoire,SCMS from RDC,N/A - From RDC,162.0,1478.34,9.125555555555556,24187.28,1
DN-3246,Truck,Côte d'Ivoire,SCMS from RDC,N/A - From RDC,188.0,1478.35,7.863563829787234,12120.0,1
DN-3247,Truck,Côte d'Ivoire,SCMS from RDC,N/A - From RDC,167.0,1478.35,8.852395209580838,10730.24,1
DN-3248,Truck,Côte d'Ivoire,SCMS from RDC,N/A - From RDC,97.0,1620.19,16.70298969072165,6641.76,1
DN-3255,Truck,Tanzania,SCMS from RDC,N/A - From RDC,24.0,1506.5,62.770833333333336,2312.0,1
DN-3256,Air,Uganda,SCMS from RDC,N/A - From RDC,14143.0,100654.61,7.116920738174362,757707.4,1
DN-3257,Air,Burundi,SCMS from RDC,N/A - From RDC,928.0,4323.44,4.658879310344827,60919.14,1
DN-3258,Truck,Zambia,SCMS from RDC,N/A - From RDC,645.0,5213.01,8.082186046511628,84395.52,1
DN-3259,Truck,South Sudan,SCMS from RDC,N/A - From RDC,81.0,1641.0,20.25925925925926,2253.3,1
DN-326,(blank),Côte d'Ivoire,SCMS from RDC,N/A - From RDC,497.0,2650.36,5.33271629778672,34200.0,0
DN-3261,Air,Burundi,SCMS from RDC,N/A - From RDC,111.0,1047.34,9.435495495495495,7958.4,1
DN-3263,Air,Uganda,SCMS from RDC,N/A - From RDC,11594.0,85414.3,7.367112299465241,607879.0,1
DN-3264,Air,Uganda,SCMS from RDC,N/A - From RDC,33.0,951.75,28.84090909090909,706.8,1
DN-3266,Air,Tanzania,SCMS from RDC,N/A - From RDC,7857.0,40857.69,5.20016418480336,495600.0,1
DN-3267,Air,Uganda,SCMS from RDC,N/A - From RDC,19158.0,106022.37,5.534104290635765,1245506.94,1
DN-3268,Air,"Congo, DRC",SCMS from RDC,N/A - From RDC,5426.0,20499.33,3.7779819388131224,345999.69,1
DN-3269,Air,"Congo, DRC",SCMS from RDC,N/A - From RDC,758.0,20499.33,27.043970976253302,40406.58,1
DN-327,(blank),Côte d'Ivoire,SCMS from RDC,N/A - From RDC,1736.0,14182.54,8.169665898617511,29032.18,0
DN-3270,Air,Uganda,SCMS from RDC,N/A - From RDC,6481.0,36226.26,5.589609628143806,413000.0,1
DN-3271,Air,Uganda,SCMS from RDC,N/A - From RDC,9886.0,58707.0,5.938397734169532,632260.2000000001,1
DN-3273,Truck,Uganda,SCMS from RDC,N/A - From RDC,3984.0,20074.74,5.038840361445784,316631.0,1
DN-3278,Truck,Tanzania,SCMS from RDC,N/A - From RDC,428.0,2376.0,5.5514018691588785,49807.9,1
DN-3279,Truck,Côte d'Ivoire,SCMS from RDC,N/A - From RDC,462.0,3033.26,6.565497835497836,56940.0,1
DN-328,(blank),Zambia,SCMS from RDC,N/A - From RDC,821.0,4068.44,4.955468940316687,154905.9,0
DN-3281,Truck,Mozambique,SCMS from RDC,N/A - From RDC,4223.0,4044.33,0.9576912147762254,195602.5,1
DN-3282,Truck,Côte d'Ivoire,SCMS from RDC,N/A - From RDC,315.0,10807.98,34.31104761904762,37600.0,1
DN-3284,Air,Burundi,SCMS from RDC,N/A - From RDC,240.0,1634.38,6.809916666666667,15551.34,1
DN-3285,Truck,Uganda,SCMS from RDC,N/A - From RDC,25.0,759.79,30.391599999999997,2467.4,1
DN-3286,Truck,Mozambique,SCMS from RDC,N/A - From RDC,16498.0,10825.06,0.6561437750030307,1318366.4,1
DN-3287,Truck,Zimbabwe,SCMS from RDC,N/A - From RDC,7831.0,4529.65,0.578425488443366,627833.6,1
DN-3288,Truck,Mozambique,SCMS from RDC,N/A - From RDC,5291.0,4044.33,0.7643791343791344,27510.0,1
DN-3289,Truck,Mozambique,SCMS from RDC,N/A - From RDC,6535.0,5950.16,0.9105065034429992,589917.8200000001,1
DN-329,(blank),Zambia,SCMS from RDC,N/A - From RDC,885.0,4119.6,4.654915254237289,167605.8,0
DN-3290,Air,Uganda,SCMS from RDC,N/A - From RDC,2933.0,20719.01,7.064101602454824,108310.5,1
DN-3291,Truck,Zimbabwe,SCMS from RDC,N/A - From RDC,2293.0,4529.67,1.9754339293501963,187286.22,1
DN-3293,Truck,Zimbabwe,SCMS from RDC,N/A - From RDC,2641.0,4529.65,1.7151268458917075,255602.65,1
DN-3294,Truck,Côte d'Ivoire,SCMS from RDC,N/A - From RDC,415.0,2751.09,6.629132530120482,29564.0,1
DN-3295,Truck,Tanzania,SCMS from RDC,N/A - From RDC,3888.0,8057.19,2.0723225308641973,302954.14,1
DN-3296,Truck,Uganda,SCMS from RDC,N/A - From RDC,703.0,4234.12,6.022930298719772,53698.9,1
DN-3297,Truck,Zambia,SCMS from RDC,N/A - From RDC,2004.0,4356.75,2.1740269461077846,198017.7,1
DN-3298,Truck,Zambia,SCMS from RDC,N/A - From RDC,2764.0,4356.75,1.5762481910274964,95320.02,1
DN-3299,Truck,Zambia,SCMS from RDC,N/A - From RDC,684.0,1026.49,1.500716374269006,73000.0,1
DN-330,(blank),Côte d'Ivoire,SCMS from RDC,N/A - From RDC,2518.0,6667.0,2.647736298649722,501348.9,0
DN-3300,Truck,Tanzania,SCMS from RDC,N/A - From RDC,1482.0,5474.0,3.6936572199730096,156333.5,1
DN-3301,Truck,Tanzania,SCMS from RDC,N/A - From RDC,7596.0,3567.19,0.46961427066877304,829339.8,1
DN-3302,Truck,Mozambique,SCMS from RDC,N/A - From RDC,63.0,569.0,9.031746031746032,4040.0,1
DN-3303,Truck,Mozambique,SCMS from RDC,N/A - From RDC,52.0,504.5,9.701923076923077,2908.8,1
DN-3304,Truck,Tanzania,SCMS from RDC,N/A - From RDC,285.0,1883.0,6.607017543859649,31950.48,1
DN-3305,Air,Uganda,SCMS from RDC,N/A - From RDC,45.0,747.76,16.616888888888887,1212.2,1
DN-3308,Truck,Tanzania,SCMS from RDC,N/A - From RDC,823.0,3524.0,4.281895504252734,4272.45,1
DN-3309,Truck,Tanzania,SCMS from RDC,N/A - From RDC,5475.0,17114.5,3.1259360730593606,27584.7,1
DN-3310,Air,Burundi,SCMS from RDC,N/A - From RDC,845.0,5435.44,6.432473372781065,4446.0,1
DN-3311,Air,"Congo, DRC",SCMS from RDC,N/A - From RDC,2357.0,24505.0,10.396690708527789,12361.05,1
DN-3312,Truck,Côte d'Ivoire,SCMS from RDC,N/A - From RDC,487.0,3738.53,7.676652977412731,23030.0,1
DN-3313,Truck,Côte d'Ivoire,SCMS from RDC,N/A - From RDC,1208.0,3738.52,3.0948013245033112,57246.0,1
DN-3314,Truck,Tanzania,SCMS from RDC,N/A - From RDC,3547.0,6052.1,1.7062588102621936,347116.74,1
DN-3315,Air,Cameroon,SCMS from RDC,N/A - From RDC,1353.0,13924.23,10.291374722838137,117859.0,1
DN-3316,Truck,Tanzania,SCMS from RDC,N/A - From RDC,5467.0,3567.2,0.6524967989756721,367999.98000000004,1
DN-3317,Truck,Zambia,SCMS from RDC,N/A - From RDC,3832.0,4356.74,1.1369363256784968,174643.14,1
DN-3318,Truck,Mozambique,SCMS from RDC,N/A - From RDC,12264.0,5902.4,0.4812785388127854,645294.24,1
DN-3319,Truck,Zimbabwe,SCMS from RDC,N/A - From RDC,116.0,3100.0,26.724137931034484,5254.8,1
DN-332,(blank),Ethiopia,SCMS from RDC,N/A - From RDC,35216.0,88801.0,2.52160949568378,651892.47,0
DN-3320,Air Charter,Nigeria,SCMS from RDC,N/A - From RDC,36448.0,34218.36,0.9388268217734855,2153983.26,1
DN-3321,Air Charter,Nigeria,SCMS from RDC,N/A - From RDC,48.0,34218.36,712.8825,3839.68,1
DN-3322,Air Charter,Nigeria,SCMS from RDC,N/A - From RDC,857.0,34218.36,39.92807467911319,29693.61,1
DN-3323,Air Charter,Nigeria,SCMS from RDC,N/A - From RDC,2847.0,5703.06,2.0031822971549,179134.5,1
DN-3326,Truck,Tanzania,SCMS from RDC,N/A - From RDC,1337.0,10540.22,7.883485415108451,153220.2,1
DN-3327,Truck,Zambia,SCMS from RDC,N/A - From RDC,6795.0,14316.94,2.1069816041206773,755305.68,1
DN-3329,Truck,Côte d'Ivoire,SCMS from RDC,N/A - From RDC,3653.0,15614.89,4.274538735286066,327150.0,1
DN-3330,Truck,Côte d'Ivoire,SCMS from RDC,N/A - From RDC,8750.0,28864.27,3.2987737142857143,495600.0,1
DN-3331,Air,Guyana,SCMS from RDC,N/A - From RDC,395.0,1303.0,3.2987341772151897,34035.780000000006,1
DN-3332,Air,Guyana,SCMS from RDC,N/A - From RDC,7.0,4317.96,616.8514285714285,911.4,1
DN-3333,Air,Uganda,SCMS from RDC,N/A - From RDC,2638.0,13508.98,5.120917361637604,263668.8,1
DN-3334,Air,Guyana,SCMS from RDC,N/A - From RDC,9.0,1118.22,124.24666666666667,278.6,1
DN-3335,Air,Burundi,SCMS from RDC,N/A - From RDC,741.0,3810.39,5.142226720647773,54088.44,1
DN-3336,Air,Burundi,SCMS from RDC,N/A - From RDC,342.0,3325.77,9.724473684210526,18541.44,1
DN-3337,Truck,Zimbabwe,SCMS from RDC,N/A - From RDC,2277.0,12000.0,5.270092226613966,936422.3999999999,1
DN-3339,Truck,Mozambique,SCMS from RDC,N/A - From RDC,1722.0,5950.17,3.4553832752613243,472666.32,1
DN-3340,Truck,Zambia,SCMS from RDC,N/A - From RDC,6041.0,10651.44,1.7631915245820229,470897.0,1
DN-3341,Truck,Rwanda,SCMS from RDC,N/A - From RDC,2295.0,4390.98,1.9132810457516338,93225.0,1
DN-3342,Truck,Zimbabwe,SCMS from RDC,N/A - From RDC,22074.0,21108.57,0.9562639304158739,224784.0,1
DN-3344,Air,Guyana,SCMS from RDC,N/A - From RDC,77.0,1149.07,14.922987012987011,8333.0,1
DN-3345,Truck,Rwanda,SCMS from RDC,N/A - From RDC,1960.0,4390.98,2.2402959183673468,7967.75,1
DN-3346,Truck,Tanzania,SCMS from RDC,N/A - From RDC,333.0,1956.0,5.873873873873874,47588.1,1
DN-3347,Truck,Tanzania,SCMS from RDC,N/A - From RDC,12213.0,7607.2,0.6228772619340047,108636.56,1
DN-3348,Air,Uganda,SCMS from RDC,N/A - From RDC,2722.0,8604.7,3.1611682586333583,266176.08,1
DN-3349,Air,Dominican Republic,SCMS from RDC,N/A - From RDC,29.0,594.4,20.49655172413793,876.48,1
DN-3350,Truck,Mozambique,SCMS from RDC,N/A - From RDC,3132.0,7700.0,2.458492975734355,318724.1,1
DN-3351,Air,Rwanda,SCMS from RDC,N/A - From RDC,292.0,2593.56,8.882054794520547,44832.32,1
DN-3353,Truck,Uganda,SCMS from RDC,N/A - From RDC,1713.0,5591.3,3.264039696438996,102032.3,1
DN-3355,Air,Dominican Republic,SCMS from RDC,N/A - From RDC,7791.0,90360.12,11.598013092029264,478281.98,1
DN-3356,Air,Dominican Republic,SCMS from RDC,N/A - From RDC,1212.0,15181.0,12.525577557755776,105560.0,1
DN-3359,Truck,Côte d'Ivoire,SCMS from RDC,N/A - From RDC,243.0,2180.32,8.972510288065845,24000.0,1
DN-336,(blank),Côte d'Ivoire,SCMS from RDC,N/A - From RDC,1148.0,2762.0,2.4059233449477353,126056.04,0
DN-3360,Truck,Zambia,SCMS from RDC,N/A - From RDC,47387.0,30981.39,0.653795133686454,5065890.300000001,1
DN-3361,Truck,Zambia,SCMS from RDC,N/A - From RDC,6502.0,34400.04,5.290685942786835,612179.76,1
DN-3362,Truck,Zambia,SCMS from RDC,N/A - From RDC,6502.0,13300.01,2.0455259920024607,180800.0,1
DN-3363,Truck,Zimbabwe,SCMS from RDC,N/A - From RDC,68.0,1004.86,14.77735294117647,9300.0,1
DN-3364,Air Charter,Nigeria,SCMS from RDC,N/A - From RDC,12427.0,20225.08,1.6275110646173656,1137577.2,1
DN-3365,Air Charter,Nigeria,SCMS from RDC,N/A - From RDC,290.0,20225.07,69.74162068965518,24000.0,1
DN-3366,Air Charter,Nigeria,SCMS from RDC,N/A - From RDC,22700.0,20225.07,0.8909722466960353,1287000.0,1
DN-3368,Air Charter,Nigeria,SCMS from RDC,N/A - From RDC,21510.0,20225.07,0.9402635983263599,1895500.0,1
DN-3369,Air Charter,Nigeria,SCMS from RDC,N/A - From RDC,18882.0,20225.07,1.0711296472831269,1061346.0,1
DN-3370,Air Charter,Nigeria,SCMS from RDC,N/A - From RDC,1749.0,20225.07,11.563790737564322,102960.0,1
DN-3371,Truck,Côte d'Ivoire,SCMS from RDC,N/A - From RDC,7541.0,27875.36,3.6965070945497946,564461.1799999999,1
DN-3372,Truck,Côte d'Ivoire,SCMS from RDC,N/A - From RDC,247.0,2414.89,9.776882591093116,45968.0,1
DN-3373,Air,"Congo, DRC",SCMS from RDC,N/A - From RDC,652.0,8242.72,12.642208588957054,73787.64,1
DN-3374,Air Charter,Nigeria,SCMS from RDC,N/A - From RDC,268.0,20225.07,75.4666791044776,25425.0,1
DN-3375,Truck,Mozambique,SCMS from RDC,N/A - From RDC,15105.0,5846.08,0.38702946044356173,1252178.45,1
DN-3376,Truck,Mozambique,SCMS from RDC,N/A - From RDC,7482.0,5846.08,0.7813525795241913,440974.08,1
DN-3378,Truck,Uganda,SCMS from RDC,N/A - From RDC,2818.0,6976.78,2.475791341376863,102886.5,1
DN-338,Truck,Zimbabwe,SCMS from RDC,N/A - From RDC,5467.0,18941.31,3.4646625205780137,396240.4,1
DN-3380,Truck,Zambia,SCMS from RDC,N/A - From RDC,117.0,5900.0,50.427350427350426,77800.0,1
DN-3381,Air,Burundi,SCMS from RDC,N/A - From RDC,95.0,771.9,8.125263157894736,3967.62,1
DN-3382,Air,Burundi,SCMS from RDC,N/A - From RDC,160.0,1527.29,9.545562499999999,9024.0,1
DN-3383,Air,Burundi,SCMS from RDC,N/A - From RDC,820.0,4581.26,5.58690243902439,68238.0,1
DN-3384,Air,Burundi,SCMS from RDC,N/A - From RDC,105.0,1456.4,13.870476190476191,8232.0,1
DN-3385,Truck,Uganda,SCMS from RDC,N/A - From RDC,597.0,2279.5,3.818257956448911,86070.9,1
DN-3386,Truck,Uganda,SCMS from RDC,N/A - From RDC,1798.0,5856.65,3.2573136818687427,177127.2,1
DN-3395,Air,Zambia,SCMS from RDC,N/A - From RDC,2875.0,14275.5,4.965391304347826,192783.2,1
DN-3396,Truck,Zambia,SCMS from RDC,N/A - From RDC,22534.0,30981.39,1.3748730806780864,1866540.74,1
DN-3397,Truck,Côte d'Ivoire,SCMS from RDC,N/A - From RDC,4873.0,18002.87,3.6944120664888156,344442.0,1
DN-3399,Truck,Rwanda,SCMS from RDC,N/A - From RDC,10238.0,13380.52,1.306946669271342,768081.6,1
DN-340,(blank),Zambia,SCMS from RDC,N/A - From RDC,603.0,2839.2,4.708457711442786,27331.5,0
DN-3401,Truck,Tanzania,SCMS from RDC,N/A - From RDC,10109.0,7134.39,0.7057463646255812,368741.6,1
DN-3402,Truck,Uganda,SCMS from RDC,N/A - From RDC,426.0,1761.5,4.134976525821596,26981.93,1
DN-3404,Truck,Zimbabwe,SCMS from RDC,N/A - From RDC,2277.0,10942.88,4.805832235397452,224784.0,1
DN-3405,Truck,Zimbabwe,SCMS from RDC,N/A - From RDC,5093.0,10942.89,2.1486137836245827,420310.4,1
DN-3407,Truck,Tanzania,SCMS from RDC,N/A - From RDC,2791.0,10167.54,3.6429738445001796,194500.0,1
DN-3408,Air,Guyana,SCMS from RDC,N/A - From RDC,32.0,728.3,22.759375,117.45,1
DN-3409,Air,Guyana,SCMS from RDC,N/A - From RDC,392.0,4523.0,11.53826530612245,20582.480000000003,1
DN-3413,Truck,Zimbabwe,SCMS from RDC,N/A - From RDC,19991.0,10942.88,0.5473903256465409,705691.51,1
DN-3414,Air,Uganda,SCMS from RDC,N/A - From RDC,128.0,1611.43,12.589296875,8857.53,1
DN-3416,Truck,Uganda,SCMS from RDC,N/A - From RDC,4067.0,6976.78,1.7154610277846079,222657.12,1
DN-3418,Air,Côte d'Ivoire,SCMS from RDC,N/A - From RDC,1784.0,4017.69,2.252068385650224,111057.3,1
DN-3419,Truck,Côte d'Ivoire,SCMS from RDC,N/A - From RDC,216.0,4017.7,18.60046296296296,10704.0,1
DN-3420,Truck,Côte d'Ivoire,SCMS from RDC,N/A - From RDC,75.0,1556.99,20.759866666666667,3791.0,1
DN-3421,Truck,Rwanda,SCMS from RDC,N/A - From RDC,9404.0,14088.22,1.4981093151850275,284282.14,1
DN-3423,Air,Burundi,SCMS from RDC,N/A - From RDC,201.0,1530.81,7.615970149253731,796.05,1
DN-3424,Truck,Rwanda,SCMS from RDC,N/A - From RDC,1855.0,6638.3,3.5785983827493264,7587.85,1
DN-3425,Air,Guyana,SCMS from RDC,N/A - From RDC,615.0,8420.68,13.692162601626016,39022.07,1
DN-3426,Air,"Congo, DRC",SCMS from RDC,N/A - From RDC,2572.0,16754.32,6.514121306376361,11762.4,1
DN-3427,Truck,Mozambique,SCMS from RDC,N/A - From RDC,5065.0,5419.21,1.0699328726554789,499966.0,1
DN-3428,Truck,Mozambique,SCMS from RDC,N/A - From RDC,4395.0,5816.47,1.3234288964732652,424623.3,1
DN-3429,Truck,Mozambique,SCMS from RDC,N/A - From RDC,272.0,5419.22,19.923602941176473,12102.5,1
DN-343,(blank),Zambia,SCMS from RDC,N/A - From RDC,355.0,1886.39,5.313774647887324,16500.0,0
DN-3430,Truck,Côte d'Ivoire,SCMS from RDC,N/A - From RDC,475.0,3332.73,7.016273684210526,37464.0,1
DN-3431,Truck,Côte d'Ivoire,SCMS from RDC,N/A - From RDC,736.0,4747.87,6.450910326086956,3900.0,1
DN-3432,Truck,Zambia,SCMS from RDC,N/A - From RDC,30923.0,34019.61,1.1001393784561653,3338884.2,1
DN-3433,Truck,Côte d'Ivoire,SCMS from RDC,N/A - From RDC,3930.0,9378.14,2.386295165394402,15950.0,1
DN-3434,Air Charter,Nigeria,SCMS from RDC,N/A - From RDC,8716.0,26340.0,3.0220284534189994,577725.72,1
DN-3435,Air Charter,Nigeria,SCMS from RDC,N/A - From RDC,394.0,26340.0,66.8527918781726,14459.48,1
DN-3436,Air Charter,Nigeria,SCMS from RDC,N/A - From RDC,18633.0,26340.0,1.4136209950088552,1454372.55,1
DN-3437,Air Charter,Nigeria,SCMS from RDC,N/A - From RDC,22942.0,26340.0,1.1481126318542412,1295245.38,1
DN-3438,Air Charter,Nigeria,SCMS from RDC,N/A - From RDC,28992.0,26340.0,0.9085264900662252,2230000.0,1
DN-3439,Truck,Mozambique,SCMS from RDC,N/A - From RDC,6904.0,5816.46,0.8424768250289687,354267.0,1
DN-344,Air,Mozambique,SCMS from RDC,N/A - From RDC,4241.0,25442.0,5.999056826220231,140608.0,1
DN-3444,Air Charter,Nigeria,SCMS from RDC,N/A - From RDC,3922.0,26340.0,6.715961244263131,272300.0,1
DN-3445,Truck,Rwanda,SCMS from RDC,N/A - From RDC,2518.0,33986.07,13.497247815726768,226322.46,1
DN-3446,Air,Côte d'Ivoire,SCMS from RDC,N/A - From RDC,242.0,3128.55,12.927892561983471,15590.36,1
DN-3447,Truck,Côte d'Ivoire,SCMS from RDC,N/A - From RDC,180.0,1965.57,10.919833333333333,16338.0,1
DN-3448,Truck,Zambia,SCMS from RDC,N/A - From RDC,1628.0,3526.69,2.166271498771499,147738.31,1
DN-3453,Truck,Rwanda,SCMS from RDC,N/A - From RDC,7248.0,11571.94,1.5965700883002207,719175.0,1
DN-3454,Truck,Tanzania,SCMS from RDC,N/A - From RDC,8456.0,7134.39,0.843707426679281,828366.9500000001,1
DN-3456,Truck,Côte d'Ivoire,SCMS from RDC,N/A - From RDC,80.0,1532.73,19.159125,0.0,1
DN-3457,Truck,Zimbabwe,SCMS from RDC,N/A - From RDC,5103.0,11604.57,2.2740681951793063,703970.99,1
DN-3458,Truck,Tanzania,SCMS from RDC,N/A - From RDC,2304.0,5989.25,2.5995008680555554,122988.65,1
DN-3459,Truck,Mozambique,SCMS from RDC,N/A - From RDC,6959.0,7150.25,1.0274823968961058,512002.92,1
DN-3460,Truck,Zimbabwe,SCMS from RDC,N/A - From RDC,4174.0,10900.0,2.6114039290848106,189321.6,1
DN-3462,Air,Haiti,SCMS from RDC,N/A - From RDC,497.0,5819.7,11.709657947686116,38195.2,1
DN-3468,Truck,Zimbabwe,SCMS from RDC,N/A - From RDC,64.0,7300.0,114.0625,2050.91,1
DN-3469,Air,Côte d'Ivoire,SCMS from RDC,N/A - From RDC,669.0,2431.39,3.634364723467862,33511.0,1
DN-3470,Air,Côte d'Ivoire,SCMS from RDC,N/A - From RDC,248.0,2431.36,9.803870967741936,22562.0,1
DN-3471,Air,Côte d'Ivoire,SCMS from RDC,N/A - From RDC,989.0,12924.8,13.0685540950455,45796.8,1
DN-3472,Air,Côte d'Ivoire,SCMS from RDC,N/A - From RDC,192.0,3649.76,19.00916666666667,8250.0,1
DN-3475,Air Charter,Nigeria,SCMS from RDC,N/A - From RDC,9966.0,49199.75,4.936759983945414,817595.7,1
DN-3476,Air Charter,Nigeria,SCMS from RDC,N/A - From RDC,38992.0,49199.75,1.2617908801805497,2076360.0,1
DN-3477,Truck,Tanzania,SCMS from RDC,N/A - From RDC,1221.0,4847.8,3.9703521703521707,38097.3,1
DN-3479,Truck,Rwanda,SCMS from RDC,N/A - From RDC,10998.0,75824.42,6.894382615020913,925450.0,1
DN-3480,Truck,Rwanda,SCMS from RDC,N/A - From RDC,3887.0,21032.82,5.411067661435554,144640.0,1
DN-3481,Truck,Rwanda,SCMS from RDC,N/A - From RDC,1412.0,20049.08,14.199065155807366,112000.0,1
DN-3483,Truck,Mozambique,SCMS from RDC,N/A - From RDC,17181.0,15814.01,0.9204359466852919,1296133.06,1
DN-3484,Truck,Mozambique,SCMS from RDC,N/A - From RDC,18838.0,7928.11,0.42085730969317336,892791.65,1
DN-3485,Truck,Mozambique,SCMS from RDC,N/A - From RDC,18957.0,16813.62,0.8869346415572084,780500.0,1
DN-3486,Truck,Zimbabwe,SCMS from RDC,N/A - From RDC,73.0,1500.0,20.54794520547945,3153.75,1
DN-3487,Truck,Zimbabwe,SCMS from RDC,N/A - From RDC,873.0,15000.0,17.18213058419244,41409.29,1
DN-3488,Truck,Zimbabwe,SCMS from RDC,N/A - From RDC,6428.0,15847.19,2.4653375855631614,432041.25,1
DN-3489,Air Charter,Nigeria,SCMS from RDC,N/A - From RDC,935.0,49199.75,52.620053475935826,24950.75,1
DN-349,(blank),Côte d'Ivoire,SCMS from RDC,N/A - From RDC,295.0,1737.0,5.888135593220339,43173.36,0
DN-3491,Truck,Zambia,SCMS from RDC,N/A - From RDC,320.0,1300.0,4.0625,35433.0,1
DN-3492,Truck,Rwanda,SCMS from RDC,N/A - From RDC,164.0,2737.75,16.69359756097561,24049.8,1
DN-3493,Air,South Sudan,SCMS from RDC,N/A - From RDC,613.0,6333.0,10.33115823817292,39403.04,1
DN-3494,Air Charter,Nigeria,SCMS from RDC,N/A - From RDC,38142.0,49199.75,1.289910072885533,2787500.0,1
DN-3496,Truck,Zimbabwe,SCMS from RDC,N/A - From RDC,24375.0,15847.18,0.650140717948718,946800.0,1
DN-3497,Truck,Rwanda,SCMS from RDC,N/A - From RDC,4883.0,7708.3,1.5785992217898832,366311.6,1
DN-3499,Truck,Tanzania,SCMS from RDC,N/A - From RDC,3920.0,6010.2,1.5332142857142856,26000.0,1
DN-350,(blank),Côte d'Ivoire,SCMS from RDC,N/A - From RDC,749.0,2717.0,3.6275033377837116,131520.0,0
DN-3500,Truck,Tanzania,SCMS from RDC,N/A - From RDC,1336.0,5033.8,3.767814371257485,200842.8,1
DN-3502,Truck,Uganda,SCMS from RDC,N/A - From RDC,8998.0,5458.45,0.6066292509446544,58870.5,1
DN-3503,Truck,Uganda,SCMS from RDC,N/A - From RDC,2978.0,5458.46,1.832928139691068,19500.0,1
DN-3504,Air,Côte d'Ivoire,SCMS from RDC,N/A - From RDC,1928.0,8050.55,4.175596473029046,34560.0,1
DN-3505,Truck,Tanzania,SCMS from RDC,N/A - From RDC,8820.0,3541.59,0.4015408163265306,688525.12,1
DN-3509,Truck,Côte d'Ivoire,SCMS from RDC,N/A - From RDC,105.0,2151.95,20.4947619047619,8800.0,1
DN-351,(blank),Zambia,SCMS from RDC,N/A - From RDC,128.0,944.21,7.376640625,17024.0,0
DN-3510,Truck,Côte d'Ivoire,SCMS from RDC,N/A - From RDC,5450.0,23701.58,4.34891376146789,418611.2,1
DN-3511,Air,Côte d'Ivoire,SCMS from RDC,N/A - From RDC,449.0,3051.95,6.797216035634744,38000.0,1
DN-3512,Truck,Côte d'Ivoire,SCMS from RDC,N/A - From RDC,6766.0,18278.07,2.7014587644102868,549043.7,1
DN-3514,Air,"Congo, DRC",SCMS from RDC,N/A - From RDC,613.0,4676.4,7.628711256117454,47104.0,1
DN-3515,Air,Uganda,SCMS from RDC,N/A - From RDC,68.0,790.29,11.621911764705882,5784.0,1
DN-3516,Air,Uganda,SCMS from RDC,N/A - From RDC,89.0,790.29,8.879662921348315,7456.0,1
DN-3517,Truck,Côte d'Ivoire,SCMS from RDC,N/A - From RDC,12220.0,42859.56,3.507328968903437,773962.0,1
DN-3518,Truck,Rwanda,SCMS from RDC,N/A - From RDC,13429.0,13380.52,0.9963899024499219,1297551.9,1
DN-352,Air,Rwanda,SCMS from RDC,N/A - From RDC,752.0,4436.76,5.899946808510639,31069.5,1
DN-3520,Truck,Rwanda,SCMS from RDC,N/A - From RDC,770.0,9828.73,12.764584415584414,57878.0,1
DN-3521,Air,Zimbabwe,SCMS from RDC,N/A - From RDC,102.0,2021.95,19.823039215686276,8352.0,1
DN-3525,Truck,Mozambique,SCMS from RDC,N/A - From RDC,7654.0,7928.11,1.0358126469819702,357428.16000000003,1
DN-3526,Truck,Mozambique,SCMS from RDC,N/A - From RDC,36903.0,7928.11,0.21483646316017668,1848715.25,1
DN-3527,Air,Uganda,SCMS from RDC,N/A - From RDC,1447.0,8854.24,6.119032480995163,53830.94,1
DN-353,(blank),Zambia,SCMS from RDC,N/A - From RDC,1084.0,5181.0,4.779520295202952,13122.5,0
DN-3530,Air,Côte d'Ivoire,SCMS from RDC,N/A - From RDC,2845.0,10943.15,3.8464499121265376,82402.0,1
DN-3531,Truck,Tanzania,SCMS from RDC,N/A - From RDC,7393.0,7083.18,0.9580927904774788,377132.22,1
DN-3532,Truck,Tanzania,SCMS from RDC,N/A - From RDC,5175.0,3541.59,0.6843652173913044,500737.42,1
DN-3533,Truck,Tanzania,SCMS from RDC,N/A - From RDC,1635.0,6007.2,3.6741284403669723,185815.52,1
DN-3534,Truck,Uganda,SCMS from RDC,N/A - From RDC,5412.0,6951.84,1.2845232815964525,248160.0,1
DN-3535,Truck,Mozambique,SCMS from RDC,N/A - From RDC,10673.0,15392.43,1.442184015740654,1247532.0,1
DN-3536,Truck,Rwanda,SCMS from RDC,N/A - From RDC,1382.0,8456.96,6.119363241678726,107458.56,1
DN-3537,Truck,Mozambique,SCMS from RDC,N/A - From RDC,19164.0,14509.09,0.7571013358380296,1409265.0,1
DN-3538,Truck,Uganda,SCMS from RDC,N/A - From RDC,4187.0,16821.66,4.017592548363984,191760.0,1
DN-3539,Air Charter,Nigeria,SCMS from RDC,N/A - From RDC,8039.0,30936.1,3.8482522701828583,635426.25,1
DN-354,Truck,Zimbabwe,SCMS from RDC,N/A - From RDC,143.0,2099.0,14.678321678321678,4274.0,1
DN-3540,Air Charter,Nigeria,SCMS from RDC,N/A - From RDC,122.0,30936.1,253.5745901639344,8340.0,1
DN-3541,Air Charter,Nigeria,SCMS from RDC,N/A - From RDC,11280.0,30936.1,2.7425620567375883,972756.3,1
DN-3542,Air Charter,Nigeria,SCMS from RDC,N/A - From RDC,576.0,30936.1,53.708506944444444,43600.0,1
DN-3543,Truck,Tanzania,SCMS from RDC,N/A - From RDC,2266.0,2352.52,1.038181818181818,157500.0,1
DN-3544,Air,Côte d'Ivoire,SCMS from RDC,N/A - From RDC,574.0,4063.81,7.079808362369338,39375.0,1
DN-3545,Air,Côte d'Ivoire,SCMS from RDC,N/A - From RDC,753.0,4063.81,5.396826029216467,34902.2,1
DN-3546,Air,Côte d'Ivoire,SCMS from RDC,N/A - From RDC,2699.0,4063.81,1.5056724712856613,139824.75,1
DN-3547,Truck,Côte d'Ivoire,SCMS from RDC,N/A - From RDC,699.0,8127.62,11.62749642346209,40313.1,1
DN-3549,Truck,Zimbabwe,SCMS from RDC,N/A - From RDC,17.0,1200.0,70.58823529411765,2473.8,1
DN-355,Truck,Zimbabwe,SCMS from RDC,N/A - From RDC,3951.0,13788.25,3.4898127056441406,298677.2,1
DN-3550,Truck,Zimbabwe,SCMS from RDC,N/A - From RDC,365.0,3481.29,9.537780821917808,55083.9,1
DN-3551,Air Charter,Nigeria,SCMS from RDC,N/A - From RDC,60779.0,30936.1,0.5089932377959492,3438638.0,1
DN-3553,Truck,Mozambique,SCMS from RDC,N/A - From RDC,3118.0,4768.06,1.5292046183450931,281850.0,1
DN-3554,Truck,Mozambique,SCMS from RDC,N/A - From RDC,1102.0,8406.81,7.628684210526315,117927.44,1
DN-3555,Truck,Côte d'Ivoire,SCMS from RDC,N/A - From RDC,1122.0,5520.83,4.920525846702318,6104.7,1
DN-3556,Truck,Côte d'Ivoire,SCMS from RDC,N/A - From RDC,55.0,1335.15,24.275454545454547,8260.72,1
DN-3557,Air,Côte d'Ivoire,SCMS from RDC,N/A - From RDC,285.0,1335.15,4.684736842105264,18749.64,1
DN-3558,Truck,Mozambique,SCMS from RDC,N/A - From RDC,5170.0,8406.81,1.6260754352030946,354738.16000000003,1
DN-356,(blank),Côte d'Ivoire,SCMS from RDC,N/A - From RDC,917.0,6056.76,6.604972737186478,64220.0,0
DN-3561,Air,"Congo, DRC",SCMS from RDC,N/A - From RDC,2045.0,16083.32,7.864704156479218,116661.1,1
DN-3565,Truck,Zambia,SCMS from RDC,N/A - From RDC,609.0,3526.69,5.790952380952381,24996.07,1
DN-3566,Truck,Côte d'Ivoire,SCMS from RDC,N/A - From RDC,5565.0,23776.42,4.272492362982929,473119.0,1
DN-3567,Air,Côte d'Ivoire,SCMS from RDC,N/A - From RDC,5752.0,18607.76,3.2350069541029205,24610.7,1
DN-3568,Truck,Côte d'Ivoire,SCMS from RDC,N/A - From RDC,16851.0,23776.41,1.4109791703756454,1156689.1,1
DN-3569,Truck,Côte d'Ivoire,SCMS from RDC,N/A - From RDC,4392.0,18607.76,4.236739526411657,240759.0,1
DN-357,Truck,Zimbabwe,SCMS from RDC,N/A - From RDC,90.0,1106.0,12.28888888888889,14820.0,1
DN-3570,Truck,Zambia,SCMS from RDC,N/A - From RDC,3041.0,3526.69,1.1597139098980598,303325.79,1
DN-3571,Truck,Zimbabwe,SCMS from RDC,N/A - From RDC,16192.0,18090.64,1.1172579051383398,1087500.0,1
DN-3572,Truck,Zimbabwe,SCMS from RDC,N/A - From RDC,236.0,7300.0,30.93220338983051,5063.45,1
DN-3574,Truck,Zambia,SCMS from RDC,N/A - From RDC,638.0,3526.7,5.527742946708464,45966.74,1
DN-3575,Truck,Côte d'Ivoire,SCMS from RDC,N/A - From RDC,2933.0,11961.04,4.078090692124105,11440.0,1
DN-3576,Truck,Ghana,SCMS from RDC,N/A - From RDC,8701.0,3975.7,0.45692449143776576,750634.14,1
DN-3577,Air,Guyana,SCMS from RDC,N/A - From RDC,274.0,4268.06,15.576861313868614,16911.47,1
DN-3578,Air,Rwanda,SCMS from RDC,N/A - From RDC,1643.0,12995.06,7.90934875228241,121140.0,1
DN-3579,Truck,Rwanda,SCMS from RDC,N/A - From RDC,22442.0,12995.06,0.579050886730238,1449621.58,1
DN-358,Air,Namibia,SCMS from RDC,N/A - From RDC,39.0,541.42,13.882564102564102,13600.0,1
DN-3580,Truck,Mozambique,SCMS from RDC,N/A - From RDC,28696.0,22890.82,0.7977007248396989,2188046.86,1
DN-3581,Air,South Sudan,SCMS from RDC,N/A - From RDC,592.0,6169.0,10.420608108108109,44381.46,1
DN-3582,Truck,Tanzania,SCMS from RDC,N/A - From RDC,6692.0,6010.2,0.8981171548117155,285781.27,1
DN-3585,Air,Guyana,SCMS from RDC,N/A - From RDC,552.0,7317.96,13.257173913043479,39582.369999999995,1
DN-3586,Air,Haiti,SCMS from RDC,N/A - From RDC,6528.0,63922.3,9.79201899509804,372252.4,1
DN-3587,Air,Haiti,SCMS from RDC,N/A - From RDC,2769.0,29216.84,10.551404839292163,115917.02,1
DN-3588,Truck,Zimbabwe,SCMS from RDC,N/A - From RDC,65471.0,64802.96,0.9897963984054009,5708800.0,1
DN-3589,Truck,Uganda,SCMS from RDC,N/A - From RDC,6909.0,4947.38,0.7160775799681575,490058.5,1
DN-3590,Air,Ghana,SCMS from RDC,N/A - From RDC,5447.0,38560.67,7.0792491279603444,343838.38,1
DN-3592,Truck,Tanzania,SCMS from RDC,N/A - From RDC,5687.0,6010.2,1.0568313697907508,386175.0,1
DN-3593,Truck,Tanzania,SCMS from RDC,N/A - From RDC,5065.0,2352.52,0.4644659427443238,664036.02,1
DN-3594,Truck,Tanzania,SCMS from RDC,N/A - From RDC,8.0,1231.6,153.95,1255.5,1
DN-3598,Truck,Côte d'Ivoire,SCMS from RDC,N/A - From RDC,833.0,4730.18,5.678487394957983,55659.9,1
DN-3599,Truck,Côte d'Ivoire,SCMS from RDC,N/A - From RDC,11043.0,39329.03,3.5614443538893417,773280.0,1
DN-360,(blank),Tanzania,SCMS from RDC,N/A - From RDC,238.0,2465.0,10.357142857142858,64418.54,0
DN-3601,Air,Côte d'Ivoire,SCMS from RDC,N/A - From RDC,141.0,1400.0,9.929078014184396,4300.0,1
DN-3603,Air,"Congo, DRC",SCMS from RDC,N/A - From RDC,211.0,3531.86,16.738672985781992,4897.42,1
DN-3607,Truck,Uganda,SCMS from RDC,N/A - From RDC,4009.0,4947.38,1.2340683462210027,281979.88,1
DN-3608,Truck,Uganda,SCMS from RDC,N/A - From RDC,4133.0,24362.92,5.894730220179047,344245.1,1
DN-361,Air,Rwanda,SCMS from RDC,N/A - From RDC,627.0,7670.04,12.232918660287082,60256.0,1
DN-3611,Truck,Rwanda,SCMS from RDC,N/A - From RDC,1412.0,4609.68,3.264645892351275,4121.76,1
DN-3612,Truck,Mozambique,SCMS from RDC,N/A - From RDC,5343.0,12803.35,2.396284858693618,48732.0,1
DN-3613,Truck,Tanzania,SCMS from RDC,N/A - From RDC,22895.0,13649.14,0.5961624808910242,2455380.12,1
DN-3614,Truck,Tanzania,SCMS from RDC,N/A - From RDC,2525.0,2352.53,0.9316950495049505,306500.39,1
DN-3615,Air,Zambia,SCMS from RDC,N/A - From RDC,1143.0,1876.35,1.6416010498687663,145268.64,1
DN-3616,Truck,Zambia,SCMS from RDC,N/A - From RDC,633.0,886.11,1.3998578199052132,23171.93,1
DN-3617,Truck,Rwanda,SCMS from RDC,N/A - From RDC,2342.0,5445.73,2.325247651579846,55225.36,1
DN-3618,Air Charter,Nigeria,SCMS from RDC,N/A - From RDC,59322.0,29674.92,0.500234651562658,4228629.72,1
DN-3619,Air Charter,Nigeria,SCMS from RDC,N/A - From RDC,5416.0,29674.92,5.479121122599704,312921.84,1
DN-362,Air,Uganda,SCMS from RDC,N/A - From RDC,283.0,1673.0,5.911660777385159,35777.34,1
DN-3620,Air Charter,Nigeria,SCMS from RDC,N/A - From RDC,5977.0,29674.92,4.964851932407562,439245.83,1
DN-3621,Air Charter,Nigeria,SCMS from RDC,N/A - From RDC,3814.0,29674.92,7.780524383848977,299111.4,1
DN-3622,Air Charter,Nigeria,SCMS from RDC,N/A - From RDC,411.0,29674.91,72.20172749391728,23260.85,1
DN-3623,Truck,Mozambique,SCMS from RDC,N/A - From RDC,358.0,3590.0,10.027932960893855,16243.2,1
DN-3625,Truck,Zambia,SCMS from RDC,N/A - From RDC,7140.0,47532.09,6.657155462184874,595578.88,1
DN-3626,Air,Guyana,SCMS from RDC,N/A - From RDC,282.0,5380.36,19.079290780141843,11115.130000000001,1
DN-3627,Truck,Mozambique,SCMS from RDC,N/A - From RDC,15942.0,4768.06,0.29908794379626147,1041199.98,1
DN-3628,Truck,Mozambique,SCMS from RDC,N/A - From RDC,88761.0,55287.91,0.6228851635290275,6558618.4,1
DN-3629,Truck,Tanzania,SCMS from RDC,N/A - From RDC,9400.0,43758.8,4.655191489361703,905233.26,1
DN-363,(blank),Uganda,SCMS from RDC,N/A - From RDC,80.0,739.0,9.2375,12825.0,0
DN-3630,Air,Côte d'Ivoire,SCMS from RDC,N/A - From RDC,259.0,1008.9,3.895366795366795,15120.0,1
DN-3631,Truck,Côte d'Ivoire,SCMS from RDC,N/A - From RDC,6705.0,27664.61,4.125967188665175,590779.2000000001,1
DN-3632,Truck,Côte d'Ivoire,SCMS from RDC,N/A - From RDC,8889.0,33073.6,3.7207334908313645,728378.6,1
DN-3633,Truck,Côte d'Ivoire,SCMS from RDC,N/A - From RDC,4919.0,17647.73,3.587666192315511,415456.5,1
DN-3634,Truck,Côte d'Ivoire,SCMS from RDC,N/A - From RDC,1385.0,6437.76,4.648202166064982,5944.51,1
DN-3635,Air,Guyana,SCMS from RDC,N/A - From RDC,4.0,660.44,165.11,341.0,1
DN-3636,Air,Guyana,SCMS from RDC,N/A - From RDC,5.0,660.43,132.08599999999998,550.27,1
DN-3637,Air,Rwanda,SCMS from RDC,N/A - From RDC,14.0,1284.7,91.76428571428572,746.0,1
DN-3638,Truck,Côte d'Ivoire,SCMS from RDC,N/A - From RDC,750.0,3138.81,4.18508,5200.0,1
DN-3639,Air,Guyana,SCMS from RDC,N/A - From RDC,11.0,871.8,79.25454545454545,251.4,1
DN-3640,Air,Guyana,SCMS from RDC,N/A - From RDC,22.0,892.96,40.58909090909091,301.68,1
DN-3641,Truck,Rwanda,SCMS from RDC,N/A - From RDC,1851.0,5445.73,2.9420475418692598,128640.82,1
DN-3642,Truck,Rwanda,SCMS from RDC,N/A - From RDC,3703.0,8469.67,2.2872454766405617,336657.74000000005,1
DN-3643,Truck,Tanzania,SCMS from RDC,N/A - From RDC,4874.0,12435.18,2.551329503487895,516965.31,1
DN-3644,Truck,Mozambique,SCMS from RDC,N/A - From RDC,39.0,3590.0,92.05128205128206,4548.15,1
DN-3645,Truck,Mozambique,SCMS from RDC,N/A - From RDC,40.0,4100.0,102.5,2116.8,1
DN-3646,Truck,Tanzania,SCMS from RDC,N/A - From RDC,9400.0,2317.16,0.24650638297872338,8851.08,1
DN-3647,Truck,Zambia,SCMS from RDC,N/A - From RDC,3360.0,9527.17,2.835467261904762,120378.7,1
DN-3648,Truck,Zambia,SCMS from RDC,N/A - From RDC,17018.0,19564.23,1.1496198143142555,899167.0399999999,1
DN-3649,Truck,Zimbabwe,SCMS from RDC,N/A - From RDC,58.0,1551.0,26.74137931034483,7616.7,1
DN-3650,Truck,Mozambique,SCMS from RDC,N/A - From RDC,39.0,30.49,0.7817948717948717,1127.52,1
DN-3651,Truck,Mozambique,SCMS from RDC,N/A - From RDC,27.0,800.0,29.62962962962963,765.6,1
DN-3652,Truck,Mozambique,SCMS from RDC,N/A - From RDC,48109.0,30202.86,0.6278006194267185,3027535.99,1
DN-3653,Air,Côte d'Ivoire,SCMS from RDC,N/A - From RDC,2666.0,11186.09,4.195832708177044,200844.15,1
DN-3654,Air,"Congo, DRC",SCMS from RDC,N/A - From RDC,204.0,3298.78,16.170490196078433,22000.0,1
DN-3655,Truck,Côte d'Ivoire,SCMS from RDC,N/A - From RDC,12199.0,46520.17,3.8134412656775143,917451.28,1
DN-3656,Truck,Côte d'Ivoire,SCMS from RDC,N/A - From RDC,9080.0,34551.83,3.8052676211453744,672085.85,1
DN-3657,Air,Zambia,SCMS from RDC,N/A - From RDC,825.0,6380.09,7.7334424242424245,4775.16,1
DN-3658,Truck,Rwanda,SCMS from RDC,N/A - From RDC,9905.0,5445.73,0.5497960625946491,452952.16,1
DN-3659,Truck,Tanzania,SCMS from RDC,N/A - From RDC,13280.0,7083.18,0.5333719879518073,1260516.18,1
DN-366,(blank),Zambia,SCMS from RDC,N/A - From RDC,14311.0,63886.29,4.464138774369366,1750991.5,0
DN-3660,Air,Haiti,SCMS from RDC,N/A - From RDC,1216.0,5698.48,4.686249999999999,91702.98,1
DN-3661,Truck,Uganda,SCMS from RDC,N/A - From RDC,10166.0,4909.97,0.48297953964194373,771459.9,1
DN-3662,Air Charter,Nigeria,SCMS from RDC,N/A - From RDC,3376.0,29674.91,8.789961492890995,272300.0,1
DN-367,(blank),Zambia,SCMS from RDC,N/A - From RDC,1732.0,7927.55,4.577107390300231,125607.6,0
DN-3674,Truck,Tanzania,SCMS from RDC,N/A - From RDC,5446.0,27804.65,5.105517811237606,594500.0,1
DN-3679,Truck,Côte d'Ivoire,SCMS from RDC,N/A - From RDC,802.0,4625.27,5.7671695760598505,70500.0,1
DN-368,(blank),Zambia,SCMS from RDC,N/A - From RDC,72.0,723.59,10.049861111111111,9664.0,0
DN-3680,Truck,Côte d'Ivoire,SCMS from RDC,N/A - From RDC,292.0,1672.7,5.728424657534247,25496.25,1
DN-3681,Truck,Côte d'Ivoire,SCMS from RDC,N/A - From RDC,166.0,1137.18,6.8504819277108435,12000.0,1
DN-3682,Air,Haiti,SCMS from RDC,N/A - From RDC,110.0,1955.22,17.774727272727272,9678.75,1
DN-3683,Air,Haiti,SCMS from RDC,N/A - From RDC,305.0,3282.33,10.761737704918033,26400.0,1
DN-3684,Air,Haiti,SCMS from RDC,N/A - From RDC,1777.0,15330.56,8.627214406302757,132000.0,1
DN-3685,Truck,Côte d'Ivoire,SCMS from RDC,N/A - From RDC,157.0,926.7,5.902547770700637,5568.0,1
DN-3688,Truck,Tanzania,SCMS from RDC,N/A - From RDC,20501.0,13765.17,0.6714389541973562,1590708.16,1
DN-3689,Truck,Rwanda,SCMS from RDC,N/A - From RDC,8281.0,14311.0,1.7281729259751237,658905.94,1
DN-3690,Truck,Tanzania,SCMS from RDC,N/A - From RDC,263.0,1811.6,6.888212927756654,30399.61,1
DN-3692,Truck,Côte d'Ivoire,SCMS from RDC,N/A - From RDC,11971.0,44448.75,3.713035669534709,1020600.0,1
DN-3693,Truck,Côte d'Ivoire,SCMS from RDC,N/A - From RDC,1041.0,5156.93,4.953823246878002,75000.0,1
DN-3694,Truck,Côte d'Ivoire,SCMS from RDC,N/A - From RDC,7355.0,28647.52,3.894972127804215,626931.9,1
DN-3695,Truck,Mozambique,SCMS from RDC,N/A - From RDC,10073.0,7048.57,0.699748833515338,605192.53,1
DN-3696,Truck,Mozambique,SCMS from RDC,N/A - From RDC,2844.0,4853.84,1.7066947960618848,241920.0,1
DN-3697,Truck,Mozambique,SCMS from RDC,N/A - From RDC,227.0,227.19,1.0008370044052863,34543.6,1
DN-3698,Truck,Mozambique,SCMS from RDC,N/A - From RDC,7041.0,4486.01,0.6371268285754864,382045.88,1
DN-3699,Truck,Rwanda,SCMS from RDC,N/A - From RDC,5565.0,34837.8,6.260161725067386,249191.2,1
DN-3700,Truck,Tanzania,SCMS from RDC,N/A - From RDC,825.0,5137.06,6.226739393939394,55458.75,1
DN-3701,Truck,Zambia,SCMS from RDC,N/A - From RDC,17177.0,29971.59,1.744867555452058,771608.8,1
DN-3702,Truck,Zimbabwe,SCMS from RDC,N/A - From RDC,37973.0,15873.95,0.4180325494430253,3141367.46,1
DN-3703,Truck,Zimbabwe,SCMS from RDC,N/A - From RDC,11717.0,74740.8,6.37883417256977,945050.26,1
DN-3704,Truck,Tanzania,SCMS from RDC,N/A - From RDC,816.0,3623.2,4.440196078431373,58932.58,1
DN-3705,Truck,Zimbabwe,SCMS from RDC,N/A - From RDC,17791.0,33707.41,1.8946326794446633,1482124.9,1
DN-3706,Truck,Côte d'Ivoire,SCMS from RDC,N/A - From RDC,3591.0,21593.88,6.013333333333334,166500.0,1
DN-3707,Truck,Côte d'Ivoire,SCMS from RDC,N/A - From RDC,3591.0,5153.54,1.4351267056530215,96929.16,1
DN-3708,Truck,Côte d'Ivoire,SCMS from RDC,N/A - From RDC,2720.0,32022.51,11.772981617647059,14149.8,1
DN-3709,Truck,Tanzania,SCMS from RDC,N/A - From RDC,2746.0,5989.25,2.181081573197378,199367.42,1
DN-371,(blank),Zambia,SCMS from RDC,N/A - From RDC,267.0,3094.0,11.588014981273409,4277.5,0
DN-3711,Truck,Côte d'Ivoire,SCMS from RDC,N/A - From RDC,347.0,3132.77,9.028155619596541,54312.0,1
DN-3712,Air,Burundi,SCMS from RDC,N/A - From RDC,546.0,4195.64,7.684322344322345,45391.62,1
DN-3713,Truck,Uganda,SCMS from RDC,N/A - From RDC,6061.0,6901.96,1.138749381290216,372654.5,1
DN-3714,Truck,Rwanda,SCMS from RDC,N/A - From RDC,1878.0,11085.83,5.902997870074548,67771.86,1
DN-3715,Air,"Congo, DRC",SCMS from RDC,N/A - From RDC,21.0,895.38,42.637142857142855,2120.4,1
DN-3716,Air,Guyana,SCMS from RDC,N/A - From RDC,5.0,908.65,181.73,697.5,1
DN-3718,Air Charter,Nigeria,SCMS from RDC,N/A - From RDC,7982.0,45180.63,5.660314457529441,608025.0,1
DN-3719,Air Charter,Nigeria,SCMS from RDC,N/A - From RDC,5605.0,45180.63,8.060772524531668,366075.0,1
DN-372,(blank),Haiti,SCMS from RDC,N/A - From RDC,137.0,1732.74,12.647737226277373,43200.0,0
DN-3720,Air Charter,Nigeria,SCMS from RDC,N/A - From RDC,2.0,45180.62,22590.31,97966.2,1
DN-3721,Air Charter,Nigeria,SCMS from RDC,N/A - From RDC,66966.0,45180.62,0.6746799868590031,3849938.65,1
DN-373,Air,Nigeria,SCMS from RDC,N/A - From RDC,2846.0,13873.0,4.874560787069571,239187.31,1
DN-3731,Truck,Côte d'Ivoire,SCMS from RDC,N/A - From RDC,2751.0,11438.93,4.158098873137041,200844.15,1
DN-3732,Truck,Uganda,SCMS from RDC,N/A - From RDC,18737.0,9857.35,0.5260900891284624,1240246.08,1
DN-3736,Truck,Uganda,SCMS from RDC,N/A - From RDC,27953.0,19248.7,0.688609451579437,1758834.84,1
DN-3737,Air,Guyana,SCMS from RDC,N/A - From RDC,298.0,4353.04,14.60751677852349,21319.769999999997,1
DN-3739,Air,Burundi,SCMS from RDC,N/A - From RDC,186.0,29.21,0.15704301075268817,9197.65,1
DN-3742,Truck,Mozambique,SCMS from RDC,N/A - From RDC,571.0,578.25,1.0126970227670753,24071.04,1
DN-3744,Truck,Mozambique,SCMS from RDC,N/A - From RDC,45740.0,31113.19,0.6802184083952776,4456635.26,1
DN-3745,Truck,Mozambique,SCMS from RDC,N/A - From RDC,4227.0,2259.81,0.5346132008516679,358344.0,1
DN-3747,Truck,Côte d'Ivoire,SCMS from RDC,N/A - From RDC,3522.0,14985.96,4.25495741056218,264685.59,1
DN-3748,Truck,Rwanda,SCMS from RDC,N/A - From RDC,185.0,2342.16,12.660324324324323,937.95,1
DN-375,Air,Mozambique,SCMS from RDC,N/A - From RDC,2526.0,1871.05,0.7407165479018211,288000.0,1
DN-3752,Truck,Mozambique,SCMS from RDC,N/A - From RDC,20019.0,11701.65,0.5845271991607972,232456.8,1
DN-3753,Air,Zambia,SCMS from RDC,N/A - From RDC,1358.0,3150.3,2.3198085419734906,8811.4,1
DN-3754,Truck,Zambia,SCMS from RDC,N/A - From RDC,2438.0,5236.92,2.1480393765381463,138368.0,1
DN-3755,Truck,Zambia,SCMS from RDC,N/A - From RDC,4800.0,10982.2,2.2879583333333335,168267.66,1
DN-3756,Truck,Zambia,SCMS from RDC,N/A - From RDC,414.0,770.14,1.8602415458937198,13027.68,1
DN-3757,Truck,Mozambique,SCMS from RDC,N/A - From RDC,1242.0,9384.0,7.555555555555555,65291.4,1
DN-3758,Truck,Tanzania,SCMS from RDC,N/A - From RDC,3030.0,2994.62,0.9883234323432343,278926.2,1
DN-3759,Truck,Tanzania,SCMS from RDC,N/A - From RDC,2209.0,2994.63,1.3556496152105026,202683.6,1
DN-376,Air,Côte d'Ivoire,SCMS from RDC,N/A - From RDC,476.0,2172.0,4.563025210084033,108000.0,1
DN-3760,Truck,Uganda,SCMS from RDC,N/A - From RDC,9014.0,52211.42,5.792258708675393,58500.0,1
DN-3761,Truck,Côte d'Ivoire,SCMS from RDC,N/A - From RDC,1485.0,6819.73,4.592410774410774,6067.49,1
DN-3762,Air,Tanzania,SCMS from RDC,N/A - From RDC,20132.0,97918.87,4.8638421418636995,703640.7,1
DN-3766,Air,Uganda,SCMS from RDC,N/A - From RDC,9014.0,892.92,0.09905924118038606,1587.6,1
DN-3771,Truck,Zimbabwe,SCMS from RDC,N/A - From RDC,18528.0,31514.85,1.7009310233160622,1124231.22,1
DN-3772,Air,Zimbabwe,SCMS from RDC,N/A - From RDC,8894.0,102.67,0.011543737351023162,7892.0,1
DN-3780,Truck,Zimbabwe,SCMS from RDC,N/A - From RDC,5925.0,13770.65,2.3241603375527427,218006.38,1
DN-3787,Truck,Rwanda,SCMS from RDC,N/A - From RDC,5621.0,10640.81,1.8930457214018857,224662.34,1
DN-3788,Truck,Rwanda,SCMS from RDC,N/A - From RDC,11117.0,15617.93,1.4048691193667358,697524.88,1
DN-3789,Truck,Côte d'Ivoire,SCMS from RDC,N/A - From RDC,365.0,2436.32,6.674849315068494,40900.0,1
DN-379,Air,Côte d'Ivoire,SCMS from RDC,N/A - From RDC,3023.0,13721.28,4.538961296725108,227050.18,1
DN-3790,Air Charter,Nigeria,SCMS from RDC,N/A - From RDC,1169.0,28812.58,24.64720273738238,110990.33,1
DN-3791,Air Charter,Nigeria,SCMS from RDC,N/A - From RDC,1947.0,28812.57,14.7984437596302,264626.96,1
DN-3792,Air Charter,Nigeria,SCMS from RDC,N/A - From RDC,5862.0,28812.57,4.91514329580348,415949.92000000004,1
DN-3793,Air Charter,Nigeria,SCMS from RDC,N/A - From RDC,3156.0,28812.57,9.129458174904943,245288.53,1
DN-3794,Air Charter,Nigeria,SCMS from RDC,N/A - From RDC,51698.0,28812.57,0.5573246547255213,3313097.2,1
DN-3797,Air,Burundi,SCMS from RDC,N/A - From RDC,53.0,1621.53,30.594905660377357,4008.0,1
DN-3798,Truck,Côte d'Ivoire,SCMS from RDC,N/A - From RDC,7.0,22.29,3.184285714285714,959.92,1
DN-3799,Truck,Côte d'Ivoire,SCMS from RDC,N/A - From RDC,277.0,2286.63,8.254981949458484,14532.97,1
DN-380,(blank),Zambia,SCMS from RDC,N/A - From RDC,629.0,2938.27,4.671335453100159,153024.0,0
DN-3800,Truck,Côte d'Ivoire,SCMS from RDC,N/A - From RDC,235.0,814.06,3.4640851063829783,35152.0,1
DN-3801,Air Charter,Nigeria,SCMS from RDC,N/A - From RDC,12823.0,28812.57,2.2469445527567653,786670.0,1
DN-3802,Truck,Rwanda,SCMS from RDC,N/A - From RDC,71.0,961.06,13.536056338028168,6385.5,1
DN-3803,Truck,Côte d'Ivoire,SCMS from RDC,N/A - From RDC,7295.0,28669.4,3.9300068540095956,565920.15,1
DN-3804,Air,Burundi,SCMS from RDC,N/A - From RDC,155.0,994.25,6.414516129032258,8564.16,1
DN-3805,Truck,Mozambique,SCMS from RDC,N/A - From RDC,64.0,166.96,2.60875,3024.0,1
DN-3806,Truck,Zambia,SCMS from RDC,N/A - From RDC,8487.0,8054.68,0.9490609166961235,686642.88,1
DN-3807,Air Charter,Nigeria,SCMS from RDC,N/A - From RDC,1447.0,28812.57,19.911935038009673,57322.56,1
DN-3809,Truck,Mozambique,SCMS from RDC,N/A - From RDC,9741.0,9360.14,0.9609013448311261,663579.3,1
DN-381,Air,Uganda,SCMS from RDC,N/A - From RDC,151.0,1157.58,7.6660927152317875,21325.14,1
DN-3810,Air,Rwanda,SCMS from RDC,N/A - From RDC,16.0,919.81,57.488125,720.38,1
DN-3811,Truck,Tanzania,SCMS from RDC,N/A - From RDC,2003.0,10010.15,4.997578632051922,126291.48,1
DN-3812,Truck,Tanzania,SCMS from RDC,N/A - From RDC,931.0,6002.0,6.446831364124598,63410.0,1
DN-3813,Truck,Tanzania,SCMS from RDC,N/A - From RDC,590.0,5399.25,9.151271186440677,31121.61,1
DN-3814,Truck,Rwanda,SCMS from RDC,N/A - From RDC,297.0,2282.79,7.686161616161616,6800.0,1
DN-3816,Air,Guyana,SCMS from RDC,N/A - From RDC,196.0,3009.33,15.353724489795917,12386.92,1
DN-3817,Air,Guyana,SCMS from RDC,N/A - From RDC,253.0,3519.7,13.911857707509881,13056.390000000001,1
DN-3818,Truck,Mozambique,SCMS from RDC,N/A - From RDC,592.0,598.91,1.0116722972972974,24917.76,1
DN-3819,Truck,Zambia,SCMS from RDC,N/A - From RDC,82137.0,67855.39,0.8261245236616872,6832148.4,1
DN-382,Truck,Zimbabwe,SCMS from RDC,N/A - From RDC,738.0,3085.84,4.181355013550136,49840.0,1
DN-3820,Truck,Zambia,SCMS from RDC,N/A - From RDC,14867.0,13627.76,0.916644918275375,1210960.52,1
DN-3821,Truck,Zambia,SCMS from RDC,N/A - From RDC,3324.0,4266.62,1.2835800240673887,240275.04,1
DN-3822,Truck,Zambia,SCMS from RDC,N/A - From RDC,1228.0,1765.18,1.437442996742671,112517.62999999999,1
DN-3823,Truck,Zimbabwe,SCMS from RDC,N/A - From RDC,5780.0,15789.2,2.731695501730104,246265.79,1
DN-3824,Truck,Zimbabwe,SCMS from RDC,N/A - From RDC,1069.0,7500.0,7.015902712815715,47758.01,1
DN-3825,Truck,Zimbabwe,SCMS from RDC,N/A - From RDC,64918.0,43218.07,0.6657332326935519,2290652.46,1
DN-3826,Truck,Mozambique,SCMS from RDC,N/A - From RDC,1307.0,1482.7,1.1344299923488905,66483.0,1
DN-3827,Truck,Mozambique,SCMS from RDC,N/A - From RDC,81836.0,47171.27,0.5764122146732489,5145600.36,1
DN-3828,Truck,Mozambique,SCMS from RDC,N/A - From RDC,9511.0,10217.02,1.0742319419619388,685255.22,1
DN-3829,Truck,Mozambique,SCMS from RDC,N/A - From RDC,884.0,684.86,0.7747285067873303,63791.68,1
DN-383,(blank),Zambia,SCMS from RDC,N/A - From RDC,159.0,1007.34,6.335471698113207,27279.2,0
DN-3830,Truck,Mozambique,SCMS from RDC,N/A - From RDC,1026.0,1138.29,1.1094444444444445,122047.64,1
DN-3832,Truck,Zambia,SCMS from RDC,N/A - From RDC,8528.0,8635.96,1.0126594746716697,652000.0,1
DN-3833,Truck,Zambia,SCMS from RDC,N/A - From RDC,9530.0,16468.54,1.7280734522560337,778222.1000000001,1
DN-3836,Air,"Congo, DRC",SCMS from RDC,N/A - From RDC,416.0,5347.37,12.854254807692307,7669.5,1
DN-3837,Air,South Sudan,SCMS from RDC,N/A - From RDC,759.0,9664.79,12.733583662714098,3463.75,1
DN-3838,Truck,Zambia,SCMS from RDC,N/A - From RDC,1413.0,1325.68,0.938202406227884,96709.8,1
DN-3839,Truck,Zambia,SCMS from RDC,N/A - From RDC,2426.0,2413.89,0.9950082440230832,86481.72,1
DN-384,(blank),Zambia,SCMS from RDC,N/A - From RDC,6230.0,25739.49,4.131539325842697,451721.29,0
DN-3841,Truck,Uganda,SCMS from RDC,N/A - From RDC,698.0,2676.0,3.833810888252149,69273.72,1
DN-3842,Air,South Sudan,SCMS from RDC,N/A - From RDC,410.0,4708.0,11.482926829268292,30463.339999999997,1
DN-3843,Air,"Congo, DRC",SCMS from RDC,N/A - From RDC,1630.0,18387.8,11.28085889570552,128975.58,1
DN-3844,Air,Guyana,SCMS from RDC,N/A - From RDC,516.0,7663.16,14.85108527131783,37178.86,1
DN-3845,Truck,Rwanda,SCMS from RDC,N/A - From RDC,44.0,1171.2,26.61818181818182,2888.6,1
DN-385,Air,Côte d'Ivoire,SCMS from RDC,N/A - From RDC,200.0,1642.0,8.21,42840.0,1
DN-3850,Truck,Côte d'Ivoire,SCMS from RDC,N/A - From RDC,1766.0,7481.81,4.23658550396376,95670.84,1
DN-3851,Truck,Côte d'Ivoire,SCMS from RDC,N/A - From RDC,248.0,1933.72,7.79725806451613,37261.12,1
DN-3852,Air,Burundi,SCMS from RDC,N/A - From RDC,75.0,1855.34,24.737866666666665,5518.8,1
DN-3853,Air,Burundi,SCMS from RDC,N/A - From RDC,35.0,638.65,18.247142857142858,1160.25,1
DN-3855,Truck,Mozambique,SCMS from RDC,N/A - From RDC,150.0,118.16,0.7877333333333333,7976.8,1
DN-3857,Air,Rwanda,SCMS from RDC,N/A - From RDC,100.0,1511.4,15.114,8527.5,1
DN-3860,Truck,Zambia,SCMS from RDC,N/A - From RDC,506.0,635.95,1.2568181818181818,61001.36,1
DN-3861,Truck,Zambia,SCMS from RDC,N/A - From RDC,80.0,87.87,1.098375,6149.52,1
DN-3862,Truck,Zambia,SCMS from RDC,N/A - From RDC,458.0,4130.15,9.017794759825327,52664.96,1
DN-3863,Truck,Uganda,SCMS from RDC,N/A - From RDC,2630.0,6926.9,2.6338022813688213,240275.7,1
DN-3864,Truck,Mozambique,SCMS from RDC,N/A - From RDC,15659.0,10925.34,0.6977035570598378,1024967.64,1
DN-3865,Truck,Mozambique,SCMS from RDC,N/A - From RDC,6342.0,3290.58,0.5188552507095553,272781.4,1
DN-3866,Truck,Mozambique,SCMS from RDC,N/A - From RDC,16611.0,11223.8,0.6756847871892119,1113762.52,1
DN-3867,Truck,Tanzania,SCMS from RDC,N/A - From RDC,3431.0,19379.94,5.648481492276304,231785.93,1
DN-3868,Truck,Tanzania,SCMS from RDC,N/A - From RDC,3090.0,17858.3,5.779385113268608,215814.07,1
DN-3869,Truck,Zambia,SCMS from RDC,N/A - From RDC,5111.0,10944.73,2.141406769712385,648557.55,1
DN-387,(blank),Zambia,SCMS from RDC,N/A - From RDC,4221.0,17549.81,4.157737502961384,435327.48,0
DN-3870,Air,Ethiopia,SCMS from RDC,N/A - From RDC,115.0,630.0,5.478260869565218,12560.39,1
DN-3871,Air,South Sudan,SCMS from RDC,N/A - From RDC,565.0,11705.87,20.718353982300886,0.0,1
DN-3872,Truck,Mozambique,SCMS from RDC,N/A - From RDC,28111.0,18448.52,0.6562740564191953,1748191.6,1
DN-3873,Truck,Mozambique,SCMS from RDC,N/A - From RDC,2381.0,5073.25,2.1307223855522888,172858.24,1
DN-3874,Truck,Mozambique,SCMS from RDC,N/A - From RDC,9100.0,6507.33,0.7150912087912088,607682.3,1
DN-3875,Truck,Mozambique,SCMS from RDC,N/A - From RDC,19965.0,14767.58,0.7396734284998748,1542482.5899999999,1
DN-3876,Truck,Zambia,SCMS from RDC,N/A - From RDC,1406.0,1335.02,0.9495163584637268,65074.65,1
DN-3877,Truck,Zambia,SCMS from RDC,N/A - From RDC,3704.0,4562.72,1.2318358531317495,316448.2,1
DN-388,(blank),Zambia,SCMS from RDC,N/A - From RDC,5989.0,19590.04,3.2710035064284524,371714.52,0
DN-3880,Truck,Uganda,SCMS from RDC,N/A - From RDC,1089.0,3730.8,3.4258953168044077,100869.3,1
DN-3885,Air,"Congo, DRC",SCMS from RDC,N/A - From RDC,1278.0,12197.44,9.5441627543036,83385.0,1
DN-3886,Truck,Mozambique,SCMS from RDC,N/A - From RDC,11107.0,5982.43,0.5386179886558027,936303.36,1
DN-3887,Truck,Zambia,SCMS from RDC,N/A - From RDC,35.0,42.35,1.21,3627.29,1
DN-3888,Truck,Zambia,SCMS from RDC,N/A - From RDC,1667.0,1966.09,1.1794181163767246,82418.63,1
DN-3889,Truck,Zambia,SCMS from RDC,N/A - From RDC,2484.0,3613.05,1.4545289855072465,237000.0,1
DN-389,(blank),Ethiopia,SCMS from RDC,N/A - From RDC,162.0,810.86,5.005308641975309,9560.8,0
DN-3890,Truck,Zimbabwe,SCMS from RDC,N/A - From RDC,952.0,1521.08,1.5977731092436973,90850.0,1
DN-3891,Air,South Sudan,SCMS from RDC,N/A - From RDC,1347.0,14522.43,10.7813140311804,98102.4,1
DN-3892,Air,Ethiopia,SCMS from RDC,N/A - From RDC,39.0,792.12,20.310769230769232,2415.27,1
DN-3897,Truck,Côte d'Ivoire,SCMS from RDC,N/A - From RDC,47.0,270.74,5.760425531914894,1387.03,1
DN-3898,Truck,Côte d'Ivoire,SCMS from RDC,N/A - From RDC,1273.0,4783.36,3.757549096622152,7125.3,1
DN-3899,Air,Côte d'Ivoire,SCMS from RDC,N/A - From RDC,2625.0,9868.54,3.75944380952381,14700.0,1
DN-39,(blank),Zambia,SCMS from RDC,N/A - From RDC,536.0,3807.29,7.103152985074627,260536.25,0
DN-390,Air,Tanzania,SCMS from RDC,N/A - From RDC,3327.0,13606.4,4.089690411782386,184000.0,1
DN-3900,Truck,Côte d'Ivoire,SCMS from RDC,N/A - From RDC,100.0,396.32,3.9632,550.2,1
DN-3901,Air,"Congo, DRC",SCMS from RDC,N/A - From RDC,408.0,5580.44,13.677549019607842,2289.0,1
DN-3902,Air,Rwanda,SCMS from RDC,N/A - From RDC,796.0,5603.78,7.039924623115578,4462.5,1
DN-3903,Truck,Mozambique,SCMS from RDC,N/A - From RDC,7039.0,5192.68,0.7377013780366529,465312.16,1
DN-3906,Air,Namibia,SCMS from RDC,N/A - From RDC,4688.0,32063.3,6.839441126279863,208350.0,1
DN-3907,Truck,Namibia,SCMS from RDC,N/A - From RDC,9632.0,15571.48,1.6166403654485049,505631.73,1
DN-3908,Truck,Uganda,SCMS from RDC,N/A - From RDC,516.0,2042.9,3.959108527131783,43092.69,1
DN-3909,Air,"Congo, DRC",SCMS from RDC,N/A - From RDC,155.0,3028.36,19.537806451612905,14421.44,1
DN-3910,Truck,Tanzania,SCMS from RDC,N/A - From RDC,2356.0,2151.27,0.9131027164685909,206160.0,1
DN-3912,Air Charter,Nigeria,SCMS from RDC,N/A - From RDC,767.0,3963.0,5.166883963494133,19727.7,1
DN-3913,Air Charter,Nigeria,SCMS from RDC,N/A - From RDC,6589.0,26731.0,4.0569130368796475,369215.86,1
DN-3914,Air Charter,Nigeria,SCMS from RDC,N/A - From RDC,1505.0,10060.0,6.6843853820598005,56265.0,1
DN-3915,Air Charter,Nigeria,SCMS from RDC,N/A - From RDC,65.0,177.0,2.723076923076923,5905.5,1
DN-3916,Air Charter,Nigeria,SCMS from RDC,N/A - From RDC,828.0,3773.0,4.556763285024155,39293.61,1
DN-3917,Air Charter,Nigeria,SCMS from RDC,N/A - From RDC,10622.0,61850.0,5.822820561099604,708965.12,1
DN-3918,Air Charter,Nigeria,SCMS from RDC,N/A - From RDC,19976.0,67504.0,3.379255106127353,1411617.5,1
DN-392,(blank),Zimbabwe,SCMS from RDC,N/A - From RDC,47.0,707.4,15.051063829787234,1835.0,0
DN-3923,Air,Namibia,SCMS from RDC,N/A - From RDC,6425.0,35476.0,5.521556420233463,643807.83,1
DN-3925,Truck,Tanzania,SCMS from RDC,N/A - From RDC,2345.0,2456.74,1.0476503198294242,285078.96,1
DN-3926,Truck,Tanzania,SCMS from RDC,N/A - From RDC,230.0,1163.2,5.057391304347826,27726.87,1
DN-3927,Air,"Congo, DRC",SCMS from RDC,N/A - From RDC,116.0,891.0,7.681034482758621,14653.75,1
DN-3928,Air,South Sudan,SCMS from RDC,N/A - From RDC,23.0,1651.0,71.78260869565217,262.68,1
DN-3929,Truck,Tanzania,SCMS from RDC,N/A - From RDC,2152.0,837.59,0.3892146840148699,38657.0,1
DN-393,Air,Côte d'Ivoire,SCMS from RDC,N/A - From RDC,2510.0,23907.05,9.524721115537849,14570.55,1
DN-3930,Truck,Uganda,SCMS from RDC,N/A - From RDC,474.0,1332.7,2.8116033755274263,8600.0,1
DN-3931,Air,Rwanda,SCMS from RDC,N/A - From RDC,98.0,993.2,10.13469387755102,8235.0,1
DN-3932,Truck,Tanzania,SCMS from RDC,N/A - From RDC,1673.0,5364.61,3.2065809922295276,25129.2,1
DN-3933,Truck,Tanzania,SCMS from RDC,N/A - From RDC,2117.0,1663.18,0.7856306093528579,212248.39,1
DN-3934,Truck,Mozambique,SCMS from RDC,N/A - From RDC,383.0,123.7,0.32297650130548305,51281.36,1
DN-3935,Truck,Mozambique,SCMS from RDC,N/A - From RDC,195.0,63.07,0.32343589743589746,26147.68,1
DN-3936,Air,Uganda,SCMS from RDC,N/A - From RDC,389.0,2786.61,7.163521850899743,49690.96,1
DN-3937,Truck,Zambia,SCMS from RDC,N/A - From RDC,19661.0,21149.81,1.0757240221758813,705321.5,1
DN-3938,Air,Guyana,SCMS from RDC,N/A - From RDC,21.0,973.48,46.35619047619048,1504.8,1
DN-3939,Truck,Mozambique,SCMS from RDC,N/A - From RDC,28021.0,19662.09,0.7016912315763177,1881006.76,1
DN-3941,Truck,Zambia,SCMS from RDC,N/A - From RDC,1046.0,1157.78,1.1068642447418737,54219.2,1
DN-3942,Truck,Zambia,SCMS from RDC,N/A - From RDC,73.0,4937.65,67.6390410958904,6919.2,1
DN-3943,Truck,Zambia,SCMS from RDC,N/A - From RDC,3731.0,4329.61,1.160442240686143,13000.0,1
DN-3944,Truck,Mozambique,SCMS from RDC,N/A - From RDC,10191.0,8520.87,0.836117162201943,42302.64,1
DN-3945,Air,Guyana,SCMS from RDC,N/A - From RDC,44.0,863.24,19.61909090909091,838.0,1
DN-3948,Air,Rwanda,SCMS from RDC,N/A - From RDC,805.0,6220.48,7.727304347826086,45570.77,1
DN-395,(blank),Zambia,SCMS from RDC,N/A - From RDC,395.0,3478.0,8.805063291139241,59310.5,0
DN-3950,Truck,Zambia,SCMS from RDC,N/A - From RDC,7194.0,9410.57,1.3081137058659995,527432.4,1
DN-3951,Truck,Zambia,SCMS from RDC,N/A - From RDC,3237.0,4208.35,1.300077232004943,287892.0,1
DN-3952,Air,Burundi,SCMS from RDC,N/A - From RDC,331.0,4218.74,12.745438066465256,26136.0,1
DN-3954,Air,"Congo, DRC",SCMS from RDC,N/A - From RDC,1165.0,13290.31,11.407991416309013,26447.75,1
DN-3957,Truck,Mozambique,SCMS from RDC,N/A - From RDC,56314.0,53110.46,0.9431129026529815,5265288.460000001,1
DN-396,(blank),Zambia,SCMS from RDC,N/A - From RDC,3967.0,13094.92,3.300962944290396,68175.2,0
DN-3964,Truck,Tanzania,SCMS from RDC,N/A - From RDC,2346.0,1462.81,0.623533674339301,73904.1,1
DN-3965,Truck,Côte d'Ivoire,SCMS from RDC,N/A - From RDC,21.0,22007.39,1047.9709523809524,422631.02,1
DN-3966,Truck,Côte d'Ivoire,SCMS from RDC,N/A - From RDC,599.0,2440.19,4.073772954924875,28960.0,1
DN-3967,Truck,Tanzania,SCMS from RDC,N/A - From RDC,581.0,6311.88,10.863820998278829,71253.13,1
DN-3968,Air,Tanzania,SCMS from RDC,N/A - From RDC,1739.0,10506.44,6.041656124209316,116823.75,1
DN-3969,Truck,Rwanda,SCMS from RDC,N/A - From RDC,17140.0,23340.84,1.3617759626604433,402863.08,1
DN-397,(blank),Zambia,SCMS from RDC,N/A - From RDC,4082.0,13484.72,3.3034590886820183,548156.7,0
DN-3970,Truck,Zimbabwe,SCMS from RDC,N/A - From RDC,1153.0,1489.8,1.292107545533391,109995.65,1
DN-3971,Truck,Zimbabwe,SCMS from RDC,N/A - From RDC,2372.0,2599.36,1.0958516020236089,200845.65,1
DN-3972,Truck,Zimbabwe,SCMS from RDC,N/A - From RDC,3919.0,4083.5,1.0419749936208216,174834.0,1
DN-3973,Truck,Zimbabwe,SCMS from RDC,N/A - From RDC,1037.0,891.65,0.8598360655737705,29850.0,1
DN-3974,Truck,Zimbabwe,SCMS from RDC,N/A - From RDC,21570.0,24309.72,1.1270152990264257,1795595.0,1
DN-3975,Air,"Congo, DRC",SCMS from RDC,N/A - From RDC,2187.0,24532.28,11.21732053040695,118231.0,1
DN-3977,Air,Guyana,SCMS from RDC,N/A - From RDC,473.0,6001.52,12.688202959830868,35761.54,1
DN-3978,Truck,Zambia,SCMS from RDC,N/A - From RDC,2130.0,6700.42,3.145737089201878,93910.74,1
DN-3979,Truck,Zambia,SCMS from RDC,N/A - From RDC,797.0,3340.5,4.1913425345043915,74439.87,1
DN-3981,Truck,Côte d'Ivoire,SCMS from RDC,N/A - From RDC,288.0,1922.75,6.676215277777778,43761.56,1
DN-3982,Truck,Côte d'Ivoire,SCMS from RDC,N/A - From RDC,213.0,1422.54,6.678591549295774,32376.0,1
DN-3984,Truck,Zambia,SCMS from RDC,N/A - From RDC,2599.0,3427.33,1.318711042708734,92307.28,1
DN-399,Air,Mozambique,SCMS from RDC,N/A - From RDC,186.0,549.44,2.953978494623656,57470.0,1
DN-3993,Air Charter,Nigeria,SCMS from RDC,N/A - From RDC,27094.0,70210.0,2.5913486380748507,1550875.3,1
DN-3994,Air Charter,Nigeria,SCMS from RDC,N/A - From RDC,514.0,898.0,1.7470817120622568,21141.12,1
DN-3995,Air Charter,Nigeria,SCMS from RDC,N/A - From RDC,6780.0,14251.0,2.1019174041297934,500944.64,1
DN-3996,Air Charter,Nigeria,SCMS from RDC,N/A - From RDC,5735.0,20138.0,3.511421098517873,263340.0,1
DN-3997,Air Charter,Nigeria,SCMS from RDC,N/A - From RDC,1960.0,7009.0,3.576020408163265,261112.44,1
DN-3998,Air Charter,Nigeria,SCMS from RDC,N/A - From RDC,6702.0,20526.0,3.062667860340197,529200.0,1
DN-3999,Air Charter,Nigeria,SCMS from RDC,N/A - From RDC,20329.0,49570.0,2.438388509026514,1178439.77,1
DN-4,(blank),Zambia,SCMS from RDC,N/A - From RDC,60.0,1218.91,20.315166666666666,17948.16,0
DN-40,(blank),Zambia,SCMS from RDC,N/A - From RDC,191.0,1200.12,6.283350785340313,11220.0,0
DN-400,(blank),Zambia,SCMS from RDC,N/A - From RDC,232.0,1320.08,5.6899999999999995,2416.75,0
DN-4000,Air Charter,Nigeria,SCMS from RDC,N/A - From RDC,507.0,1263.0,2.4911242603550297,41393.0,1
DN-4003,Air,Burundi,SCMS from RDC,N/A - From RDC,614.0,4373.84,7.123517915309447,45666.96,1
DN-4004,Truck,Zimbabwe,SCMS from RDC,N/A - From RDC,735.0,6331.93,8.614870748299321,21677.07,1
DN-4006,Truck,Tanzania,SCMS from RDC,N/A - From RDC,1371.0,7585.82,5.533056163384391,151989.87,1
DN-4007,Truck,Uganda,SCMS from RDC,N/A - From RDC,490.0,2016.1,4.1144897959183675,73048.56,1
DN-4008,Truck,Uganda,SCMS from RDC,N/A - From RDC,7043.0,6852.08,0.9728922334232571,234988.25,1
DN-4009,Truck,Rwanda,SCMS from RDC,N/A - From RDC,1755.0,4328.9,2.4666096866096865,113629.21,1
DN-401,Air,Zimbabwe,SCMS from RDC,N/A - From RDC,4256.0,5145.86,1.2090836466165413,134101.2,1
DN-4011,Truck,Rwanda,SCMS from RDC,N/A - From RDC,152.0,1330.99,8.756513157894737,4427.75,1
DN-4012,Truck,Rwanda,SCMS from RDC,N/A - From RDC,17317.0,26620.36,1.5372385517121903,1165430.08,1
DN-4015,Truck,Côte d'Ivoire,SCMS from RDC,N/A - From RDC,4899.0,19497.24,3.9798407838334358,365087.4,1
DN-4016,Truck,Côte d'Ivoire,SCMS from RDC,N/A - From RDC,2014.0,7726.12,3.836206554121152,108589.33,1
DN-4017,Truck,Côte d'Ivoire,SCMS from RDC,N/A - From RDC,5678.0,20052.11,3.531544557942938,288900.0,1
DN-4018,Truck,Zambia,SCMS from RDC,N/A - From RDC,312.0,401.82,1.2878846153846153,29045.5,1
DN-4019,Truck,Uganda,SCMS from RDC,N/A - From RDC,10119.0,6852.08,0.6771499159996047,240750.0,1
DN-402,Air,Côte d'Ivoire,SCMS from RDC,N/A - From RDC,186.0,2056.98,11.059032258064516,50813.0,1
DN-4020,Air,Zimbabwe,SCMS from RDC,N/A - From RDC,1920.0,5055.8,2.6332291666666667,75000.0,1
DN-4024,Truck,Côte d'Ivoire,SCMS from RDC,N/A - From RDC,10413.0,39599.1,3.8028522039757995,613084.0,1
DN-4027,Truck,Côte d'Ivoire,SCMS from RDC,N/A - From RDC,11283.0,42947.44,3.8063848267304796,853633.2,1
DN-4032,Truck,Mozambique,SCMS from RDC,N/A - From RDC,12408.0,15645.33,1.2609066731141199,952999.8,1
DN-4034,Truck,Uganda,SCMS from RDC,N/A - From RDC,5083.0,6948.04,1.3669171748967146,485100.0,1
DN-4039,Truck,Côte d'Ivoire,SCMS from RDC,N/A - From RDC,1023.0,5942.68,5.809071358748779,59417.0,1
DN-4040,Truck,Rwanda,SCMS from RDC,N/A - From RDC,367.0,3783.24,10.308555858310626,25930.219999999998,1
DN-4041,Truck,Uganda,SCMS from RDC,N/A - From RDC,5324.0,8248.28,1.5492637114951167,419402.31999999995,1
DN-4042,Air,Rwanda,SCMS from RDC,N/A - From RDC,3880.0,28001.97,7.217002577319588,15705.51,1
DN-4043,Truck,Rwanda,SCMS from RDC,N/A - From RDC,542.0,4649.71,8.57880073800738,30692.7,1
DN-4044,Truck,Rwanda,SCMS from RDC,N/A - From RDC,192.0,2232.42,11.6271875,7905.6,1
DN-4045,Truck,Zambia,SCMS from RDC,N/A - From RDC,1906.0,2201.74,1.155162644281217,85225.14,1
DN-4050,Truck,Mozambique,SCMS from RDC,N/A - From RDC,12307.0,8191.96,0.6656341919232956,935470.0,1
DN-4052,Air Charter,Nigeria,SCMS from RDC,N/A - From RDC,87076.0,194623.44,2.2350985346134413,4842694.24,1
DN-4053,Air Charter,Nigeria,SCMS from RDC,N/A - From RDC,49.0,181.92,3.7126530612244895,7544.16,1
DN-4054,Air Charter,Nigeria,SCMS from RDC,N/A - From RDC,32.0,5798.14,181.191875,218770.2,1
DN-4055,Air,Rwanda,SCMS from RDC,N/A - From RDC,15.0,925.6,61.70666666666667,691.74,1
DN-4056,Air,Guyana,SCMS from RDC,N/A - From RDC,6.0,865.15,144.19166666666666,687.58,1
DN-4057,Air,Guyana,SCMS from RDC,N/A - From RDC,251.0,3247.35,12.937649402390438,22377.6,1
DN-4061,Truck,Uganda,SCMS from RDC,N/A - From RDC,41041.0,40616.15,0.9896481567213274,3542880.0,1
DN-4063,Truck,Côte d'Ivoire,SCMS from RDC,N/A - From RDC,4114.0,9264.13,2.2518546426835195,320947.84,1
DN-4064,Truck,Côte d'Ivoire,SCMS from RDC,N/A - From RDC,24636.0,46181.17,1.8745401039129728,1128637.8,1
DN-4070,Truck,Uganda,SCMS from RDC,N/A - From RDC,3961.0,3562.44,0.8993789447109316,120375.0,1
DN-4071,Truck,Uganda,SCMS from RDC,N/A - From RDC,1467.0,1319.21,0.8992569870483981,66764.6,1
DN-4072,Truck,Zimbabwe,SCMS from RDC,N/A - From RDC,2375.0,6819.95,2.871557894736842,60609.43,1
DN-4081,Truck,Mozambique,SCMS from RDC,N/A - From RDC,4076.0,4834.6,1.1861138370951914,316323.1,1
DN-4082,Truck,Zambia,SCMS from RDC,N/A - From RDC,10615.0,22520.71,2.121593028732925,883383.6,1
DN-4085,Truck,Rwanda,SCMS from RDC,N/A - From RDC,173.0,2124.48,12.280231213872833,14669.04,1
DN-4088,Truck,Rwanda,SCMS from RDC,N/A - From RDC,15302.0,12757.0,0.8336818716507646,347107.02,1
DN-4089,Truck,Tanzania,SCMS from RDC,N/A - From RDC,1386.0,7061.2,5.094660894660895,40000.0,1
DN-409,Air,Nigeria,SCMS from RDC,N/A - From RDC,118.0,1616.04,13.695254237288136,15128.0,1
DN-4090,Air,Haiti,SCMS from RDC,N/A - From RDC,457.0,5413.7,11.84617067833698,37800.0,1
DN-4092,Truck,Côte d'Ivoire,SCMS from RDC,N/A - From RDC,2932.0,8936.06,3.047769440654843,227054.08,1
DN-4093,Truck,Côte d'Ivoire,SCMS from RDC,N/A - From RDC,2000.0,8499.16,4.24958,92600.0,1
DN-4094,Truck,Côte d'Ivoire,SCMS from RDC,N/A - From RDC,3000.0,12748.74,4.24958,138900.0,1
DN-4095,Air,Uganda,SCMS from RDC,N/A - From RDC,2653.0,14056.46,5.298326422917452,219372.3,1
DN-4096,Truck,Mozambique,SCMS from RDC,N/A - From RDC,112027.0,79514.44,0.7097792496451748,8140454.88,1
DN-4097,Air Charter,Nigeria,SCMS from RDC,N/A - From RDC,34119.0,69737.0,2.0439344646677804,1369170.0,1
DN-4098,Air Charter,Nigeria,SCMS from RDC,N/A - From RDC,47693.0,116593.0,2.4446564485354245,2779200.0,1
DN-4099,Air Charter,Nigeria,SCMS from RDC,N/A - From RDC,15735.0,37929.0,2.4104861773117254,1143013.12,1
DN-41,(blank),Zambia,SCMS from RDC,N/A - From RDC,161.0,7441.23,46.2188198757764,118357.0,0
DN-410,Air,Nigeria,SCMS from RDC,N/A - From RDC,38.0,1161.13,30.55605263157895,6400.0,1
DN-4100,Truck,Uganda,SCMS from RDC,N/A - From RDC,297.0,1326.0,4.4646464646464645,18650.0,1
DN-4101,Truck,Uganda,SCMS from RDC,N/A - From RDC,2389.0,10011.25,4.190560904143993,133791.72,1
DN-4102,Truck,Uganda,SCMS from RDC,N/A - From RDC,1255.0,4438.0,3.5362549800796814,163456.25,1
DN-4103,Truck,Uganda,SCMS from RDC,N/A - From RDC,404.0,2055.25,5.087252475247524,11940.0,1
DN-4104,Truck,Tanzania,SCMS from RDC,N/A - From RDC,1293.0,4916.0,3.8020108275328695,38778.0,1
DN-4105,Truck,Uganda,SCMS from RDC,N/A - From RDC,2033.0,9482.19,4.664136743728481,185843.7,1
DN-4106,Truck,Uganda,SCMS from RDC,N/A - From RDC,632.0,2643.5,4.182753164556962,21928.62,1
DN-4107,Air,"Congo, DRC",SCMS from RDC,N/A - From RDC,6247.0,61201.46,9.796936129342084,539728.0,1
DN-4108,Truck,Mozambique,SCMS from RDC,N/A - From RDC,1519.0,1932.67,1.2723304805793285,116065.58,1
DN-4109,Air,Uganda,SCMS from RDC,N/A - From RDC,7183.0,41735.0,5.8102464151468745,163273.28,1
DN-411,Air,Nigeria,SCMS from RDC,N/A - From RDC,178.0,1621.0,9.106741573033707,25680.0,1
DN-4110,Truck,Zambia,SCMS from RDC,N/A - From RDC,312.0,274.51,0.8798397435897436,7960.0,1
DN-4111,Truck,Zambia,SCMS from RDC,N/A - From RDC,7521.0,8265.26,1.0989575854274698,341595.36,1
DN-4112,Truck,Zimbabwe,SCMS from RDC,N/A - From RDC,75284.0,77960.08,1.0355464640561076,6098184.64,1
DN-4113,Truck,Zimbabwe,SCMS from RDC,N/A - From RDC,1828.0,1955.17,1.0695678336980308,268626.37,1
DN-4114,Truck,Zimbabwe,SCMS from RDC,N/A - From RDC,561.0,251.42,0.4481639928698752,17542.98,1
DN-4115,Truck,Mozambique,SCMS from RDC,N/A - From RDC,6842.0,8689.22,1.2699824612686348,530382.6,1
DN-4116,Truck,Zimbabwe,SCMS from RDC,N/A - From RDC,11353.0,12654.78,1.1146639654716815,761850.0,1
DN-4117,Truck,Zambia,SCMS from RDC,N/A - From RDC,11342.0,15715.08,1.3855651560571327,607633.94,1
DN-4121,Air Charter,Nigeria,SCMS from RDC,N/A - From RDC,31271.0,62693.85,2.0048559368104635,1648235.44,1
DN-4122,Air Charter,Nigeria,SCMS from RDC,N/A - From RDC,23220.0,51645.79,2.224194229112834,1445099.0799999998,1
DN-4123,Air Charter,Nigeria,SCMS from RDC,N/A - From RDC,14794.0,34099.18,2.3049330809787754,1088122.2,1
DN-4125,Truck,Rwanda,SCMS from RDC,N/A - From RDC,132.0,1142.0,8.651515151515152,18795.3,1
DN-4128,Air Charter,Nigeria,SCMS from RDC,N/A - From RDC,6229.0,12045.84,1.9338320757746026,328100.0,1
DN-4129,Truck,Zimbabwe,SCMS from RDC,N/A - From RDC,45186.0,47401.47,1.0490300092949143,3904000.0,1
DN-413,Air,Mozambique,SCMS from RDC,N/A - From RDC,1482.0,1566.19,1.056808367071525,144000.0,1
DN-4132,Air Charter,Nigeria,SCMS from RDC,N/A - From RDC,10656.0,20992.67,1.9700328453453453,443570.08,1
DN-4133,Air Charter,Nigeria,SCMS from RDC,N/A - From RDC,2924.0,5668.63,1.938655950752394,154400.0,1
DN-4134,Air Charter,Nigeria,SCMS from RDC,N/A - From RDC,1023.0,2244.2,2.1937438905180837,80564.0,1
DN-4137,Truck,Côte d'Ivoire,SCMS from RDC,N/A - From RDC,1683.0,6443.5,3.828579916815211,123912.6,1
DN-4138,Truck,Côte d'Ivoire,SCMS from RDC,N/A - From RDC,8855.0,33900.99,3.828457368718238,652000.0,1
DN-4139,Truck,Côte d'Ivoire,SCMS from RDC,N/A - From RDC,9208.0,35832.12,3.8914118158123374,699920.0,1
DN-414,Air,Zambia,SCMS from RDC,N/A - From RDC,5309.0,17358.74,3.269681672631381,25854.28,1
DN-4141,Air,Rwanda,SCMS from RDC,N/A - From RDC,558.0,3989.81,7.150197132616487,36000.0,1
DN-4144,Air,Burundi,SCMS from RDC,N/A - From RDC,1744.0,10363.49,5.942368119266055,114104.35,1
DN-4149,Truck,Rwanda,SCMS from RDC,N/A - From RDC,4326.0,9426.33,2.178994452149792,175471.99,1
DN-415,Air,Mozambique,SCMS from RDC,N/A - From RDC,2766.0,10698.63,3.8679067245119305,271360.0,1
DN-4150,Air,Rwanda,SCMS from RDC,N/A - From RDC,268.0,1061.37,3.960335820895522,3315.0,1
DN-4151,Truck,Uganda,SCMS from RDC,N/A - From RDC,382.0,1587.3,4.1552356020942405,23965.2,1
DN-4152,Truck,Mozambique,SCMS from RDC,N/A - From RDC,4355.0,3644.18,0.8367807118254879,3052.0,1
DN-4153,Truck,Mozambique,SCMS from RDC,N/A - From RDC,9674.0,7921.0,0.8187926400661567,41828.01,1
DN-4154,Truck,Zambia,SCMS from RDC,N/A - From RDC,28276.0,46157.86,1.6324041590041025,939895.2,1
DN-4155,Truck,Zimbabwe,SCMS from RDC,N/A - From RDC,37955.0,42077.59,1.1086178369121327,3225600.0,1
DN-4156,Truck,Zimbabwe,SCMS from RDC,N/A - From RDC,21668.0,23559.93,1.0873144729555104,1692000.0,1
DN-4157,Truck,Zimbabwe,SCMS from RDC,N/A - From RDC,15222.0,18513.23,1.2162153462094336,224474.4,1
DN-4158,Truck,Zimbabwe,SCMS from RDC,N/A - From RDC,1790.0,2042.6,1.1411173184357541,130400.0,1
DN-4159,Truck,Zimbabwe,SCMS from RDC,N/A - From RDC,1119.0,1417.12,1.2664164432529044,103395.2,1
DN-416,Air,Guyana,SCMS from RDC,N/A - From RDC,402.0,4807.0,11.957711442786069,98605.2,1
DN-4160,Truck,Zimbabwe,SCMS from RDC,N/A - From RDC,10314.0,12867.46,1.2475722319177815,23556.0,1
DN-4162,Truck,Rwanda,SCMS from RDC,N/A - From RDC,12079.0,16971.93,1.4050774070701217,955413.66,1
DN-4163,Truck,Uganda,SCMS from RDC,N/A - From RDC,2885.0,2564.94,0.8890606585788562,125605.35,1
DN-4164,Truck,Zimbabwe,SCMS from RDC,N/A - From RDC,102.0,129.75,1.2720588235294117,14294.05,1
DN-417,Air,Zambia,SCMS from RDC,N/A - From RDC,3254.0,13267.3,4.077228027043638,382327.5,1
DN-4170,Air Charter,Nigeria,SCMS from RDC,N/A - From RDC,19196.0,43055.82,2.2429579078974786,1304000.0,1
DN-4172,Air Charter,Nigeria,SCMS from RDC,N/A - From RDC,72975.0,129843.24,1.7792838643371018,4395086.68,1
DN-4174,Truck,Côte d'Ivoire,SCMS from RDC,N/A - From RDC,110.0,707.7,6.4336363636363645,6262.2,1
DN-4175,Truck,Côte d'Ivoire,SCMS from RDC,N/A - From RDC,904.0,5012.88,5.545221238938053,59400.0,1
DN-4176,Air,Rwanda,SCMS from RDC,N/A - From RDC,12.0,1301.94,108.495,710.0,1
DN-4177,Truck,Côte d'Ivoire,SCMS from RDC,N/A - From RDC,17769.0,36897.57,2.0765135910855985,877425.0,1
DN-4178,Air,Burundi,SCMS from RDC,N/A - From RDC,1115.0,7006.47,6.283829596412557,83159.45999999999,1
DN-418,Air,Zambia,SCMS from RDC,N/A - From RDC,281.0,1532.41,5.453416370106762,88200.0,1
DN-4182,Truck,Zambia,SCMS from RDC,N/A - From RDC,6431.0,43219.06,6.720426061265743,339630.72,1
DN-4184,Air,Togo,SCMS from RDC,N/A - From RDC,1591.0,8834.07,5.552526712759271,123207.04,1
DN-4186,Air Charter,Nigeria,SCMS from RDC,N/A - From RDC,10322.0,14266.13,1.3821090873861654,781817.52,1
DN-4187,Air Charter,Nigeria,SCMS from RDC,N/A - From RDC,3232.0,4495.29,1.3908694306930693,244743.2,1
DN-4188,Air Charter,Nigeria,SCMS from RDC,N/A - From RDC,32219.0,50569.84,1.5695657841646233,1918381.4,1
DN-419,Air,Zambia,SCMS from RDC,N/A - From RDC,2678.0,9008.48,3.363883495145631,503064.0,1
DN-4190,Air Charter,Nigeria,SCMS from RDC,N/A - From RDC,38799.0,65310.33,1.683299311837934,2735913.6,1
DN-4191,Truck,Mozambique,SCMS from RDC,N/A - From RDC,90446.0,68874.85,0.7615024434469186,7127500.800000001,1
DN-4192,Truck,Zambia,SCMS from RDC,N/A - From RDC,67880.0,78454.01,1.1557750441956394,5768697.6,1
DN-4193,Truck,Mozambique,SCMS from RDC,N/A - From RDC,6697.0,3995.94,0.5966761236374496,569268.0,1
DN-4194,Truck,Swaziland,SCMS from RDC,N/A - From RDC,7403.0,4971.05,0.671491287315953,649350.0,1
DN-4195,Air,"Congo, DRC",SCMS from RDC,N/A - From RDC,71.0,1334.92,18.80169014084507,1187.7,1
DN-4196,Air,"Congo, DRC",SCMS from RDC,N/A - From RDC,139.0,973.2,7.001438848920864,5130.0,1
DN-4197,Air,"Congo, DRC",SCMS from RDC,N/A - From RDC,266.0,4147.79,15.593195488721804,18468.0,1
DN-42,Air,Guyana,SCMS from RDC,N/A - From RDC,60.0,6012.0,100.2,16800.0,1
DN-4200,Truck,Rwanda,SCMS from RDC,N/A - From RDC,1067.0,6310.4,5.914151827553889,20257.78,1
DN-421,Air,Côte d'Ivoire,SCMS from RDC,N/A - From RDC,421.0,5947.88,14.127980997624704,45795.380000000005,1
DN-4210,Air,Burundi,SCMS from RDC,N/A - From RDC,1208.0,7564.47,6.261978476821192,88192.8,1
DN-4211,Truck,Côte d'Ivoire,SCMS from RDC,N/A - From RDC,821.0,6695.9,8.1557856272838,37867.5,1
DN-4212,Truck,Côte d'Ivoire,SCMS from RDC,N/A - From RDC,121.0,1076.5,8.896694214876034,14912.1,1
DN-4218,Truck,Uganda,SCMS from RDC,N/A - From RDC,21710.0,18500.5,0.8521649009672961,963501.86,1
DN-422,Air,Nigeria,SCMS from RDC,N/A - From RDC,962.0,5180.0,5.384615384615385,109948.0,1
DN-4224,Truck,Zimbabwe,SCMS from RDC,N/A - From RDC,6368.0,225.79,0.035456972361809044,26204.3,1
DN-4225,Truck,Zimbabwe,SCMS from RDC,N/A - From RDC,6368.0,2592.56,0.40712311557788944,91647.36,1
DN-4226,Air Charter,Nigeria,SCMS from RDC,N/A - From RDC,24904.0,51677.0,2.0750481850305174,1462113.96,1
DN-4227,Air Charter,Nigeria,SCMS from RDC,N/A - From RDC,1554.0,3583.0,2.3056628056628057,118006.2,1
DN-4228,Air Charter,Nigeria,SCMS from RDC,N/A - From RDC,8799.0,15880.0,1.804750539834072,653491.2,1
DN-4229,Air Charter,Nigeria,SCMS from RDC,N/A - From RDC,18750.0,36027.0,1.92144,1046886.04,1
DN-423,Air,Côte d'Ivoire,SCMS from RDC,N/A - From RDC,2143.0,10137.04,4.73030331311246,194739.62,1
DN-4230,Air Charter,Nigeria,SCMS from RDC,N/A - From RDC,71.0,134.0,1.8873239436619718,3283.2,1
DN-4231,Truck,Mozambique,SCMS from RDC,N/A - From RDC,26603.0,19194.37,0.7215114836672555,1920000.0,1
DN-4233,Truck,Mozambique,SCMS from RDC,N/A - From RDC,6237.0,5443.53,0.8727801827801828,492488.2,1
DN-4234,Truck,Mozambique,SCMS from RDC,N/A - From RDC,3772.0,3567.08,0.9456733828207847,220143.52,1
DN-4235,Truck,Mozambique,SCMS from RDC,N/A - From RDC,39688.0,28277.42,0.712492944970772,2316000.0,1
DN-4236,Truck,Mozambique,SCMS from RDC,N/A - From RDC,1504.0,1653.9,1.0996675531914895,73467.54,1
DN-4237,Truck,Mozambique,SCMS from RDC,N/A - From RDC,76.0,137.4,1.8078947368421054,3408.0,1
DN-424,Air,Zimbabwe,SCMS from RDC,N/A - From RDC,63.0,598.08,9.493333333333334,2126.0,1
DN-4243,Truck,Zimbabwe,SCMS from RDC,N/A - From RDC,13469.0,16679.87,1.2383896354592026,765471.6000000001,1
DN-4244,Air Charter,Nigeria,SCMS from RDC,N/A - From RDC,37701.0,68046.0,1.8048858120474258,2802508.8,1
DN-4245,Air Charter,Nigeria,SCMS from RDC,N/A - From RDC,6201.0,12082.0,1.9483954200935334,386000.0,1
DN-4247,Truck,Mozambique,SCMS from RDC,N/A - From RDC,517.0,708.23,1.3698839458413927,69580.0,1
DN-4248,Truck,Mozambique,SCMS from RDC,N/A - From RDC,5358.0,5894.11,1.100057857409481,263312.28,1
DN-4249,Truck,Uganda,SCMS from RDC,N/A - From RDC,4055.0,4112.56,1.014194821208385,297774.92,1
DN-425,Air,Zimbabwe,SCMS from RDC,N/A - From RDC,2262.0,7364.52,3.2557559681697614,164738.8,1
DN-4250,Truck,Zambia,SCMS from RDC,N/A - From RDC,2803.0,4040.64,1.441541205850874,227046.44,1
DN-4251,Truck,Zambia,SCMS from RDC,N/A - From RDC,6221.0,9341.81,1.5016572898247869,215742.6,1
DN-4253,Truck,Côte d'Ivoire,SCMS from RDC,N/A - From RDC,13107.0,20816.42,1.5881910429541466,982455.84,1
DN-4254,Truck,Côte d'Ivoire,SCMS from RDC,N/A - From RDC,16614.0,24788.37,1.492016973636692,1119400.0,1
DN-4255,Truck,Côte d'Ivoire,SCMS from RDC,N/A - From RDC,33428.0,49314.37,1.4752414143831518,2305824.0,1
DN-4256,Truck,Zambia,SCMS from RDC,N/A - From RDC,477.0,535.52,1.1226834381551363,8558.68,1
DN-4257,Truck,Zambia,SCMS from RDC,N/A - From RDC,68951.0,80039.1,1.1608113007788141,5742691.2,1
DN-4258,Air Charter,Nigeria,SCMS from RDC,N/A - From RDC,4285.0,34216.25,7.98512252042007,198618.48,1
DN-4259,Truck,Uganda,SCMS from RDC,N/A - From RDC,2253.0,3785.72,1.6803018197958277,170233.2,1
DN-426,Air,Mozambique,SCMS from RDC,N/A - From RDC,7341.0,10879.28,1.4819888298596922,886384.0,1
DN-4260,Air Charter,Nigeria,SCMS from RDC,N/A - From RDC,51833.0,107573.94,2.0753948256901973,2968486.6799999997,1
DN-4261,Air Charter,Nigeria,SCMS from RDC,N/A - From RDC,37449.0,69097.98,1.8451221661459585,2784000.0,1
DN-4263,Air Charter,Nigeria,SCMS from RDC,N/A - From RDC,849.0,1871.34,2.2041696113074205,49176.0,1
DN-4264,Truck,Mozambique,SCMS from RDC,N/A - From RDC,599.0,3610.0,6.026711185308848,26625.06,1
DN-4265,Truck,Uganda,SCMS from RDC,N/A - From RDC,4964.0,6126.12,1.2341095890410958,225327.96,1
DN-4269,Air Charter,Nigeria,SCMS from RDC,N/A - From RDC,4710.0,8228.24,1.746972399150743,360990.0,1
DN-427,Air,Mozambique,SCMS from RDC,N/A - From RDC,1434.0,3682.34,2.5678800557880055,48280.0,1
DN-4273,Air Charter,Nigeria,SCMS from RDC,N/A - From RDC,26861.0,53937.0,2.0080041696139386,1867113.6,1
DN-4274,Air Charter,Nigeria,SCMS from RDC,N/A - From RDC,6295.0,16941.0,2.6911834789515487,440424.0,1
DN-4275,Air Charter,Nigeria,SCMS from RDC,N/A - From RDC,42830.0,79132.0,1.8475834695307027,2457499.88,1
DN-4276,Air Charter,Nigeria,SCMS from RDC,N/A - From RDC,15198.0,26180.0,1.7225950782997763,1304800.0,1
DN-4278,Air Charter,Nigeria,SCMS from RDC,N/A - From RDC,2300.0,5613.0,2.440434782608696,187722.6,1
DN-4279,Air Charter,Nigeria,SCMS from RDC,N/A - From RDC,1547.0,3410.0,2.204266321913381,97800.0,1
DN-4280,Air Charter,Nigeria,SCMS from RDC,N/A - From RDC,1983.0,4065.0,2.049924357034796,108080.0,1
DN-4281,Air,Nigeria,SCMS from RDC,N/A - From RDC,3322.0,21533.88,6.482203491872366,246077.84,1
DN-4282,Air,Nigeria,SCMS from RDC,N/A - From RDC,6183.0,47281.56,7.647025715672004,277334.97,1
DN-4285,Air,"Congo, DRC",SCMS from RDC,N/A - From RDC,731.0,9041.74,12.369001367989055,63248.6,1
DN-4288,Truck,Zambia,SCMS from RDC,N/A - From RDC,4875.0,23688.4,4.859158974358975,410995.2,1
DN-4290,Air Charter,Nigeria,SCMS from RDC,N/A - From RDC,41904.0,84944.83,2.027129390988927,2416167.0,1
DN-4291,Air Charter,Nigeria,SCMS from RDC,N/A - From RDC,35884.0,68103.71,1.8978851298628918,2801088.0,1
DN-4292,Air Charter,Nigeria,SCMS from RDC,N/A - From RDC,1636.0,5852.71,3.577451100244499,59382.0,1
DN-4293,Air,Senegal,SCMS from RDC,N/A - From RDC,21.0,632.63,30.125238095238096,1864.0,1
DN-4294,Air,Guyana,SCMS from RDC,N/A - From RDC,473.0,5769.34,12.197336152219874,33802.56,1
DN-4297,Truck,Rwanda,SCMS from RDC,N/A - From RDC,1043.0,8819.61,8.456001917545542,58962.56,1
DN-4298,Truck,Uganda,SCMS from RDC,N/A - From RDC,839.0,8402.24,10.014588796185935,57180.2,1
DN-43,Air,Rwanda,SCMS from RDC,N/A - From RDC,265.0,11931.0,45.02264150943396,68000.0,1
DN-430,Air,Uganda,SCMS from RDC,N/A - From RDC,197.0,1637.0,8.309644670050762,22275.0,1
DN-4305,Air,Cameroon,SCMS from RDC,N/A - From RDC,195.0,4257.91,21.835435897435897,28839.3,1
DN-4306,Air,Burundi,SCMS from RDC,N/A - From RDC,58.0,1289.48,22.232413793103447,4646.4,1
DN-4307,Truck,Zimbabwe,SCMS from RDC,N/A - From RDC,25880.0,46111.55,1.7817445904173108,1404206.37,1
DN-4313,Truck,Côte d'Ivoire,SCMS from RDC,N/A - From RDC,4426.0,14734.92,3.3291730682331675,291985.0,1
DN-4314,Truck,Côte d'Ivoire,SCMS from RDC,N/A - From RDC,7041.0,28406.4,4.034426927993183,515610.56,1
DN-4320,Air,Cameroon,SCMS from RDC,N/A - From RDC,2912.0,32165.56,11.045865384615386,232320.0,1
DN-4323,Air,Rwanda,SCMS from RDC,N/A - From RDC,25.0,149.65,5.986000000000001,1366.75,1
DN-4326,Truck,Côte d'Ivoire,SCMS from RDC,N/A - From RDC,622.0,4958.0,7.971061093247588,31262.0,1
DN-434,Air,Côte d'Ivoire,SCMS from RDC,N/A - From RDC,9248.0,25563.0,2.7641652249134947,1027229.6200000001,1
DN-435,Air,Uganda,SCMS from RDC,N/A - From RDC,464.0,3393.0,7.3125,82808.5,1
DN-438,(blank),Zambia,SCMS from RDC,N/A - From RDC,1928.0,7194.3,3.731483402489627,140407.6,0
DN-439,Air,Côte d'Ivoire,SCMS from RDC,N/A - From RDC,39.0,1278.0,32.76923076923077,3698.04,1
DN-440,Air,Côte d'Ivoire,SCMS from RDC,N/A - From RDC,989.0,3452.0,3.4903943377148634,31493.0,1
DN-441,Air,Côte d'Ivoire,SCMS from RDC,N/A - From RDC,3681.0,10666.0,2.8975821787557727,212800.0,1
DN-442,Air,Côte d'Ivoire,SCMS from RDC,N/A - From RDC,1554.0,4963.0,3.1936936936936937,297386.69,1
DN-443,Air,Côte d'Ivoire,SCMS from RDC,N/A - From RDC,1271.0,10722.75,8.436467348544452,44679.4,1
DN-444,Air,Haiti,SCMS from RDC,N/A - From RDC,6.0,2219.44,369.9066666666667,2520.0,1
DN-445,Air,Haiti,SCMS from RDC,N/A - From RDC,4213.0,38515.8,9.142131497745076,340259.0,1
DN-446,Air,Côte d'Ivoire,SCMS from RDC,N/A - From RDC,219.0,1392.0,6.3561643835616435,103810.0,1
DN-447,(blank),Zambia,SCMS from RDC,N/A - From RDC,1620.0,6785.1,4.1883333333333335,472342.5,0
DN-448,Air,Côte d'Ivoire,SCMS from RDC,N/A - From RDC,354.0,4147.9,11.717231638418077,10850.0,1
DN-449,Air,Côte d'Ivoire,SCMS from RDC,N/A - From RDC,88.0,1603.44,18.220909090909092,16563.3,1
DN-451,Air,Côte d'Ivoire,SCMS from RDC,N/A - From RDC,217.0,3499.1,16.124884792626727,40976.700000000004,1
DN-453,(blank),Zambia,SCMS from RDC,N/A - From RDC,5.0,636.52,127.304,1872.0,0
DN-454,Air,Zambia,SCMS from RDC,N/A - From RDC,2662.0,9736.5,3.657588279489106,503064.0,1
DN-457,Air,Zambia,SCMS from RDC,N/A - From RDC,1594.0,6035.4,3.786323713927227,464782.5,1
DN-458,Air,Haiti,SCMS from RDC,N/A - From RDC,285.0,2523.6,8.854736842105263,19305.2,1
DN-459,Air,Ethiopia,SCMS from RDC,N/A - From RDC,753.0,8004.0,10.629482071713147,10211.6,1
DN-46,(blank),Côte d'Ivoire,SCMS from RDC,N/A - From RDC,716.0,2601.0,3.63268156424581,124158.25,0
DN-461,(blank),Zambia,SCMS from RDC,N/A - From RDC,3801.0,13715.55,3.608405682715075,548156.7,0
DN-464,(blank),Zambia,SCMS from RDC,N/A - From RDC,128.0,845.0,6.6015625,10752.0,0
DN-465,(blank),Zambia,SCMS from RDC,N/A - From RDC,236.0,1448.2,6.136440677966102,33056.0,0
DN-466,(blank),Zambia,SCMS from RDC,N/A - From RDC,5725.0,15671.53,2.737385152838428,205496.0,0
DN-469,Truck,Zimbabwe,SCMS from RDC,N/A - From RDC,147.0,1671.84,11.373061224489796,14820.0,1
DN-475,Air,Nigeria,SCMS from RDC,N/A - From RDC,3286.0,18208.0,5.541083384053561,309799.48,1
DN-477,Air,Zimbabwe,SCMS from RDC,N/A - From RDC,1052.0,4641.85,4.41240494296578,70160.0,1
DN-478,Air,Côte d'Ivoire,SCMS from RDC,N/A - From RDC,1013.0,3646.0,3.5992102665350445,149700.0,1
DN-479,Air,Zimbabwe,SCMS from RDC,N/A - From RDC,2425.0,13356.65,5.5078969072164945,301877.2,1
DN-480,Air,Uganda,SCMS from RDC,N/A - From RDC,196.0,1381.7,7.049489795918368,26185.2,1
DN-481,(blank),Zambia,SCMS from RDC,N/A - From RDC,498.0,2292.6,4.603614457831325,151200.0,0
DN-482,(blank),Zambia,SCMS from RDC,N/A - From RDC,9386.0,33363.16,3.5545663754528025,909869.5,0
DN-483,Air,Zambia,SCMS from RDC,N/A - From RDC,5253.0,18856.33,3.589630687226347,828004.14,1
DN-484,(blank),Zambia,SCMS from RDC,N/A - From RDC,1420.0,5780.2,4.07056338028169,103984.8,0
DN-485,(blank),Zambia,SCMS from RDC,N/A - From RDC,3454.0,12492.0,3.61667631731326,548156.7,0
DN-486,(blank),Zambia,SCMS from RDC,N/A - From RDC,226.0,1370.28,6.063185840707964,10147.5,0
DN-487,Air,Mozambique,SCMS from RDC,N/A - From RDC,63.0,740.16,11.748571428571427,8055.6,1
DN-488,Air,Zimbabwe,SCMS from RDC,N/A - From RDC,4091.0,12130.9,2.965265216328526,337307.74,1
DN-489,Air,Uganda,SCMS from RDC,N/A - From RDC,237.0,1154.5,4.871308016877637,27348.0,1
DN-490,Air,Namibia,SCMS from RDC,N/A - From RDC,43.0,1542.15,35.8639534883721,5250.0,1
DN-491,Air,Namibia,SCMS from RDC,N/A - From RDC,122.0,1100.4,9.019672131147543,15000.0,1
DN-492,Air,Namibia,SCMS from RDC,N/A - From RDC,61.0,870.4,14.268852459016394,7500.0,1
DN-493,(blank),Zambia,SCMS from RDC,N/A - From RDC,88.0,1566.21,17.797840909090908,30660.6,0
DN-494,(blank),Zambia,SCMS from RDC,N/A - From RDC,83.0,4522.03,54.4822891566265,25893.0,0
DN-495,(blank),Ethiopia,SCMS from RDC,N/A - From RDC,4583.0,14554.5,3.175758236962688,111923.20000000001,0
DN-498,Air,Haiti,SCMS from RDC,N/A - From RDC,3957.0,32483.5,8.209123073035128,142800.0,1
DN-5,(blank),Zimbabwe,SCMS from RDC,N/A - From RDC,90.0,1428.67,15.874111111111112,17062.5,0
DN-500,Air,Rwanda,SCMS from RDC,N/A - From RDC,130.0,3187.18,24.516769230769228,29160.0,1
DN-501,Air,Côte d'Ivoire,SCMS from RDC,N/A - From RDC,4026.0,13325.0,3.309736711376056,296000.0,1
DN-502,Air,Haiti,SCMS from RDC,N/A - From RDC,2153.0,24448.0,11.355318160705991,434700.0,1
DN-503,Air,Côte d'Ivoire,SCMS from RDC,N/A - From RDC,271.0,1700.0,6.273062730627307,129290.0,1
DN-504,Air,Côte d'Ivoire,SCMS from RDC,N/A - From RDC,1088.0,2951.94,2.7131801470588237,0.0,1
DN-505,Air,Nigeria,SCMS from RDC,N/A - From RDC,48.0,1260.1,26.25208333333333,6400.0,1
DN-506,Truck,Zambia,SCMS from RDC,N/A - From RDC,8554.0,24405.0,2.853051204115034,264261.6,1
DN-507,(blank),Zambia,SCMS from RDC,N/A - From RDC,3946.0,14199.3,3.5984034465281294,976189.5,0
DN-508,(blank),Zambia,SCMS from RDC,N/A - From RDC,5557.0,15245.25,2.7434317077559833,199512.0,0
DN-51,(blank),Côte d'Ivoire,SCMS from RDC,N/A - From RDC,898.0,3002.0,3.3429844097995547,162500.0,0
DN-510,Air,Zambia,SCMS from RDC,N/A - From RDC,822.0,3303.52,4.018880778588808,227150.03,1
DN-511,Air,Rwanda,SCMS from RDC,N/A - From RDC,3195.0,36417.89,11.398400625978091,462744.36,1
DN-515,Air,Nigeria,SCMS from RDC,N/A - From RDC,411.0,3147.0,7.656934306569343,28500.0,1
DN-516,Air,Ethiopia,SCMS from RDC,N/A - From RDC,37.0,504.0,13.621621621621621,10047.0,1
DN-517,Air,Ethiopia,SCMS from RDC,N/A - From RDC,33.0,755.5,22.893939393939394,9095.0,1
DN-518,Air,Ethiopia,SCMS from RDC,N/A - From RDC,49.0,639.75,13.056122448979592,20128.0,1
DN-519,Air,Ethiopia,SCMS from RDC,N/A - From RDC,5840.0,20222.4,3.4627397260273973,839890.08,1
DN-52,(blank),Côte d'Ivoire,SCMS from RDC,N/A - From RDC,910.0,3026.0,3.3252747252747255,162500.0,0
DN-520,Air,Ethiopia,SCMS from RDC,N/A - From RDC,899.0,6483.0,7.211345939933259,92064.5,1
DN-521,Air,Ethiopia,SCMS from RDC,N/A - From RDC,170.0,892.0,5.247058823529412,17071.5,1
DN-522,Air,Ethiopia,SCMS from RDC,N/A - From RDC,16.0,472.5,29.53125,383.25,1
DN-524,Air,Ethiopia,SCMS from RDC,N/A - From RDC,1225.0,4485.25,3.6614285714285715,7150.9,1
DN-525,Air,Ethiopia,SCMS from RDC,N/A - From RDC,120.0,1318.0,10.983333333333333,4267.0,1
DN-526,Air,Ethiopia,SCMS from RDC,N/A - From RDC,1215.0,8586.0,7.066666666666666,7064.9,1
DN-528,Air,Ethiopia,SCMS from RDC,N/A - From RDC,807.0,2511.67,3.1123543990086744,4140.9,1
DN-529,Air,Ethiopia,SCMS from RDC,N/A - From RDC,1215.0,6346.22,5.22322633744856,92074.0,1
DN-53,(blank),Côte d'Ivoire,SCMS from RDC,N/A - From RDC,901.0,3006.0,3.3362930077691453,162500.0,0
DN-530,Air,Ethiopia,SCMS from RDC,N/A - From RDC,182.0,1722.0,9.461538461538462,27072.0,1
DN-534,Air,Uganda,SCMS from RDC,N/A - From RDC,667.0,3609.2,5.411094452773613,48100.0,1
DN-535,Air,Nigeria,SCMS from RDC,N/A - From RDC,447.0,2230.0,4.988814317673378,38105.85,1
DN-537,Air,Ethiopia,SCMS from RDC,N/A - From RDC,1197.0,8332.0,6.960735171261487,43333.0,1
DN-538,Air,Côte d'Ivoire,SCMS from RDC,N/A - From RDC,170.0,1301.0,7.652941176470589,912.0,1
DN-539,Air,Côte d'Ivoire,SCMS from RDC,N/A - From RDC,170.0,1301.0,7.652941176470589,912.0,1
DN-54,(blank),Côte d'Ivoire,SCMS from RDC,N/A - From RDC,410.0,1931.0,4.709756097560976,73125.0,0
DN-540,Air,Ethiopia,SCMS from RDC,N/A - From RDC,1650.0,11339.5,6.872424242424242,89680.0,1
DN-541,Air,Ethiopia,SCMS from RDC,N/A - From RDC,1640.0,11273.0,6.873780487804878,89680.0,1
DN-542,Air,Ethiopia,SCMS from RDC,N/A - From RDC,5181.0,17975.21,3.4694479830148617,188904.0,1
DN-545,Air,Côte d'Ivoire,SCMS from RDC,N/A - From RDC,296.0,2372.8,8.016216216216216,90000.0,1
DN-547,Air,Côte d'Ivoire,SCMS from RDC,N/A - From RDC,344.0,1729.0,5.026162790697675,1852.8,1
DN-549,Air,Côte d'Ivoire,SCMS from RDC,N/A - From RDC,1988.0,6146.0,3.091549295774648,10715.52,1
DN-550,Air,Uganda,SCMS from RDC,N/A - From RDC,369.0,1902.9,5.156910569105691,59000.88,1
DN-551,Air,Nigeria,SCMS from RDC,N/A - From RDC,272.0,2047.0,7.525735294117647,4920.759999999999,1
DN-552,(blank),Zambia,SCMS from RDC,N/A - From RDC,358.0,1778.7,4.968435754189945,6224.8,0
DN-553,(blank),Zambia,SCMS from RDC,N/A - From RDC,3483.0,12643.63,3.6300976169968417,548156.7,0
DN-554,(blank),Zambia,SCMS from RDC,N/A - From RDC,3462.0,12569.92,3.6308261120739456,548156.7,0
DN-555,(blank),Zambia,SCMS from RDC,N/A - From RDC,1135.0,4428.75,3.9019823788546257,179655.3,0
DN-556,Air,Tanzania,SCMS from RDC,N/A - From RDC,1008.0,4207.4,4.1740079365079366,121075.84,1
DN-557,Air,Guyana,SCMS from RDC,N/A - From RDC,441.0,6141.25,13.925736961451246,79997.4,1
DN-559,Air,Tanzania,SCMS from RDC,N/A - From RDC,2749.0,10654.94,3.875933066569662,372053.75,1
DN-56,(blank),Zambia,SCMS from RDC,N/A - From RDC,179.0,1170.16,6.537206703910615,11035.54,0
DN-560,(blank),Côte d'Ivoire,SCMS from RDC,N/A - From RDC,771.0,3256.0,4.223086900129702,53960.0,0
DN-561,Air,Côte d'Ivoire,SCMS from RDC,N/A - From RDC,13.0,1148.0,88.3076923076923,2773.53,1
DN-565,Air,Côte d'Ivoire,SCMS from RDC,N/A - From RDC,2647.0,9307.0,3.516055912353608,497597.7,1
DN-567,Air,Nigeria,SCMS from RDC,N/A - From RDC,531.0,3228.0,6.0790960451977405,99138.0,1
DN-568,Air,Côte d'Ivoire,SCMS from RDC,N/A - From RDC,465.0,2206.0,4.744086021505376,87173.1,1
DN-569,Air,Côte d'Ivoire,SCMS from RDC,N/A - From RDC,10877.0,30167.0,2.773466948607153,477183.5,1
DN-570,Air,Rwanda,SCMS from RDC,N/A - From RDC,165.0,2559.28,15.51078787878788,9576.0,1
DN-571,Air,Rwanda,SCMS from RDC,N/A - From RDC,609.0,12977.28,21.309162561576354,150696.0,1
DN-572,Air,Rwanda,SCMS from RDC,N/A - From RDC,362.0,8143.19,22.494999999999997,90000.0,1
DN-574,Air,Ethiopia,SCMS from RDC,N/A - From RDC,732.0,2724.27,3.7216803278688526,25537.4,1
DN-576,Air,Ethiopia,SCMS from RDC,N/A - From RDC,2533.0,9187.8,3.6272404263718907,147959.84,1
DN-577,Air,Ethiopia,SCMS from RDC,N/A - From RDC,317.0,1628.18,5.136214511041009,74698.0,1
DN-579,(blank),Zambia,SCMS from RDC,N/A - From RDC,4082.0,17600.24,4.311670749632533,548156.7,0
DN-580,Air,Rwanda,SCMS from RDC,N/A - From RDC,29.0,1372.38,47.32344827586207,842.8,1
DN-581,Air,Côte d'Ivoire,SCMS from RDC,N/A - From RDC,2093.0,5962.31,2.8486908743430486,174132.12,1
DN-582,Air,Côte d'Ivoire,SCMS from RDC,N/A - From RDC,232.0,1704.79,7.348232758620689,3535.52,1
DN-583,Air,Namibia,SCMS from RDC,N/A - From RDC,1485.0,3016.95,2.0316161616161614,228190.0,1
DN-586,Air,Côte d'Ivoire,SCMS from RDC,N/A - From RDC,345.0,1888.48,5.473855072463768,77500.0,1
DN-587,Air,Côte d'Ivoire,SCMS from RDC,N/A - From RDC,1230.0,4680.1,3.804959349593496,276900.0,1
DN-588,(blank),Uganda,SCMS from RDC,N/A - From RDC,58.0,794.22,13.69344827586207,17220.0,0
DN-589,(blank),Uganda,SCMS from RDC,N/A - From RDC,311.0,1430.22,4.5987781350482315,29191.9,0
DN-590,Air,Rwanda,SCMS from RDC,N/A - From RDC,859.0,5531.4,6.439348079161816,28600.0,1
DN-593,Air,Ethiopia,SCMS from RDC,N/A - From RDC,574.0,3787.32,6.598118466898955,81500.0,1
DN-595,Truck,Kenya,SCMS from RDC,N/A - From RDC,662.0,261.86,0.395558912386707,36840.0,1
DN-597,Air,Mozambique,SCMS from RDC,N/A - From RDC,1017.0,519.71,0.5110226155358899,309600.0,1
DN-599,Air,Mozambique,SCMS from RDC,N/A - From RDC,113.0,919.2,8.134513274336284,6402.24,1
DN-6,Air,Rwanda,SCMS from RDC,N/A - From RDC,55.0,913.15,16.60272727272727,21480.0,1
DN-60,(blank),Côte d'Ivoire,SCMS from RDC,N/A - From RDC,114.0,1470.0,12.894736842105264,10250.0,0
DN-600,Air,Mozambique,SCMS from RDC,N/A - From RDC,998.0,3894.6,3.9024048096192385,6695.36,1
DN-601,Air,Mozambique,SCMS from RDC,N/A - From RDC,5092.0,8118.64,1.5943912018853104,761860.8,1
DN-603,Air,Mozambique,SCMS from RDC,N/A - From RDC,3584.0,8405.91,2.345398995535714,167716.0,1
DN-604,Air,Zimbabwe,SCMS from RDC,N/A - From RDC,4303.0,12894.85,2.996711596560539,297335.2,1
DN-605,Truck,Zambia,SCMS from RDC,N/A - From RDC,4957.0,15220.18,3.070441799475489,279738.4,1
DN-606,Air,Zambia,SCMS from RDC,N/A - From RDC,109.0,919.66,8.437247706422019,14400.0,1
DN-607,Air,Zambia,SCMS from RDC,N/A - From RDC,2581.0,19832.46,7.68402169701666,262969.5,1
DN-608,Air,Zambia,SCMS from RDC,N/A - From RDC,1974.0,7836.6,3.9699088145896657,314697.96,1
DN-609,Air,Côte d'Ivoire,SCMS from RDC,N/A - From RDC,7191.0,12349.51,1.7173564177444027,827816.0,1
DN-61,(blank),Côte d'Ivoire,SCMS from RDC,N/A - From RDC,980.0,3179.0,3.2438775510204083,102500.0,0
DN-610,Air,Côte d'Ivoire,SCMS from RDC,N/A - From RDC,3731.0,6778.91,1.8169150361833288,263440.0,1
DN-611,Air,Côte d'Ivoire,SCMS from RDC,N/A - From RDC,4689.0,8321.29,1.7746406483258692,332084.5,1
DN-613,Air,Côte d'Ivoire,SCMS from RDC,N/A - From RDC,1897.0,3826.17,2.0169583552978385,192698.0,1
DN-614,Air,Haiti,SCMS from RDC,N/A - From RDC,2584.0,26877.3,10.401431888544892,104722.16,1
DN-616,Air,Namibia,SCMS from RDC,N/A - From RDC,231.0,5491.08,23.77090909090909,23584.0,1
DN-617,(blank),Guyana,SCMS from RDC,N/A - From RDC,45.0,798.59,17.746444444444446,10944.0,0
DN-618,(blank),Guyana,SCMS from RDC,N/A - From RDC,13.0,798.58,61.42923076923077,1215.0,0
DN-62,(blank),Côte d'Ivoire,SCMS from RDC,N/A - From RDC,963.0,3142.0,3.2627206645898235,102500.0,0
DN-620,Air,Nigeria,SCMS from RDC,N/A - From RDC,1054.0,2722.38,2.5829032258064517,121369.44,1
DN-621,Air,Botswana,SCMS from RDC,N/A - From RDC,35.0,861.0,24.6,3200.0,1
DN-622,(blank),Uganda,SCMS from RDC,N/A - From RDC,192.0,1617.52,8.424583333333333,13764.0,0
DN-623,Air,Zimbabwe,SCMS from RDC,N/A - From RDC,4080.0,13317.2,3.2640196078431374,278776.0,1
DN-624,Air,Mozambique,SCMS from RDC,N/A - From RDC,185.0,1214.2,6.563243243243243,6041.7,1
DN-625,(blank),Zambia,SCMS from RDC,N/A - From RDC,9344.0,35246.5,3.772099743150685,1321345.0,0
DN-626,Air,Côte d'Ivoire,SCMS from RDC,N/A - From RDC,1650.0,3428.5,2.0778787878787877,59911.4,1
DN-627,Air,Haiti,SCMS from RDC,N/A - From RDC,195.0,2587.9,13.271282051282052,26000.0,1
DN-628,Air,Mozambique,SCMS from RDC,N/A - From RDC,4230.0,8771.34,2.0736028368794326,293814.45999999996,1
DN-629,Air,Mozambique,SCMS from RDC,N/A - From RDC,14083.0,11053.53,0.784884612653554,540288.8,1
DN-630,Air,Ethiopia,SCMS from RDC,N/A - From RDC,1822.0,9742.0,5.346871569703622,93856.96,1
DN-631,Air,Ethiopia,SCMS from RDC,N/A - From RDC,3858.0,12047.8,3.1228097459823743,199120.0,1
DN-632,Air,Côte d'Ivoire,SCMS from RDC,N/A - From RDC,61.0,1225.42,20.088852459016394,18000.0,1
DN-634,Air,Ethiopia,SCMS from RDC,N/A - From RDC,14599.0,32146.52,2.201967258031372,964963.4,1
DN-635,Air,Namibia,SCMS from RDC,N/A - From RDC,1815.0,6074.62,3.3468980716253443,252210.0,1
DN-636,Air,Tanzania,SCMS from RDC,N/A - From RDC,1955.0,6923.3,3.5413299232736573,72594.25,1
DN-637,Air,Tanzania,SCMS from RDC,N/A - From RDC,6007.0,20395.6,3.3953054769435655,672935.0,1
DN-639,Truck,Zambia,SCMS from RDC,N/A - From RDC,4128.0,6539.8,1.5842538759689924,94050.8,1
DN-640,Air,Haiti,SCMS from RDC,N/A - From RDC,144.0,2504.44,17.391944444444444,8727.84,1
DN-641,(blank),Côte d'Ivoire,SCMS from RDC,N/A - From RDC,440.0,1759.4,3.998636363636364,108360.0,0
DN-642,(blank),Zambia,SCMS from RDC,N/A - From RDC,10621.0,37199.06,3.5024065530552675,60209.11,0
DN-643,Air,Côte d'Ivoire,SCMS from RDC,N/A - From RDC,1316.0,3056.96,2.3229179331306993,94964.2,1
DN-644,Truck,Zimbabwe,SCMS from RDC,N/A - From RDC,395.0,1746.3,4.421012658227848,55583.0,1
DN-645,Truck,Zimbabwe,SCMS from RDC,N/A - From RDC,182.0,1593.48,8.755384615384616,25917.0,1
DN-646,Truck,Kenya,SCMS from RDC,N/A - From RDC,97.0,98.08,1.0111340206185566,5400.0,1
DN-650,Air,Namibia,SCMS from RDC,N/A - From RDC,21.0,1730.41,82.4004761904762,6480.0,1
DN-651,Air,Namibia,SCMS from RDC,N/A - From RDC,441.0,6148.1,13.941269841269841,24416.0,1
DN-652,(blank),Uganda,SCMS from RDC,N/A - From RDC,167.0,1472.77,8.818982035928144,19575.0,0
DN-653,(blank),Tanzania,SCMS from RDC,N/A - From RDC,2867.0,10288.1,3.588454830833624,409822.74,0
DN-654,(blank),Tanzania,SCMS from RDC,N/A - From RDC,4345.0,14637.0,3.3686996547756043,620962.74,0
DN-657,Air,Haiti,SCMS from RDC,N/A - From RDC,7.0,774.84,110.69142857142857,2160.0,1
DN-658,Air,Haiti,SCMS from RDC,N/A - From RDC,60.0,1328.2,22.136666666666667,23115.0,1
DN-659,Air,Ethiopia,SCMS from RDC,N/A - From RDC,732.0,2963.8,4.048907103825137,42693.76,1
DN-66,Air,Tanzania,SCMS from RDC,N/A - From RDC,66.0,1004.6,15.22121212121212,3200.0,1
DN-663,(blank),Tanzania,SCMS from RDC,N/A - From RDC,5372.0,16430.72,3.0585852568875653,645704.9,0
DN-664,Air,Tanzania,SCMS from RDC,N/A - From RDC,2427.0,8381.22,3.4533250927070456,90210.0,1
DN-665,Air,Mozambique,SCMS from RDC,N/A - From RDC,6081.0,3316.9,0.5454530504851176,419634.54,1
DN-667,Truck,Kenya,SCMS from RDC,N/A - From RDC,751.0,190.06,0.25307589880159786,39600.0,1
DN-668,(blank),Ethiopia,SCMS from RDC,N/A - From RDC,3371.0,11862.2,3.5188964698902403,77965.36,0
DN-669,(blank),Ethiopia,SCMS from RDC,N/A - From RDC,5184.0,17910.0,3.454861111111111,119259.2,0
DN-673,Air,Côte d'Ivoire,SCMS from RDC,N/A - From RDC,1118.0,2810.58,2.5139355992844363,16071.579999999998,1
DN-674,(blank),Côte d'Ivoire,SCMS from RDC,N/A - From RDC,453.0,1606.93,3.5473068432671084,31540.0,0
DN-676,(blank),Zambia,SCMS from RDC,N/A - From RDC,3146.0,13332.0,4.2377622377622375,110017.2,0
DN-677,Air,Zambia,SCMS from RDC,N/A - From RDC,338.0,1890.76,5.59396449704142,53803.44,1
DN-678,Truck,Botswana,SCMS from RDC,N/A - From RDC,1693.0,1220.73,0.7210454813939752,46400.0,1
DN-68,Air,Mozambique,SCMS from RDC,N/A - From RDC,663.0,1824.11,2.7512971342383103,205288.4,1
DN-680,Air,Namibia,SCMS from RDC,N/A - From RDC,140.0,1286.7,9.190714285714286,17175.0,1
DN-682,Air,Haiti,SCMS from RDC,N/A - From RDC,938.0,11340.2,12.089765458422175,29499.2,1
DN-683,Air,Uganda,SCMS from RDC,N/A - From RDC,46.0,740.34,16.094347826086956,243.84,1
DN-684,Air,Côte d'Ivoire,SCMS from RDC,N/A - From RDC,608.0,1996.68,3.284013157894737,28250.280000000002,1
DN-685,Air,Haiti,SCMS from RDC,N/A - From RDC,2941.0,31051.3,10.558075484529072,244095.0,1
DN-686,Air,Haiti,SCMS from RDC,N/A - From RDC,12.0,785.88,65.49,5040.0,1
DN-687,Air,Zimbabwe,SCMS from RDC,N/A - From RDC,4252.0,15696.7,3.691603951081844,294089.86,1
DN-688,Air,Mozambique,SCMS from RDC,N/A - From RDC,16579.0,8654.7,0.5220278665782014,673067.0,1
DN-689,Air,Zambia,SCMS from RDC,N/A - From RDC,617.0,2891.6,4.686547811993517,62671.5,1
DN-69,(blank),Zambia,SCMS from RDC,N/A - From RDC,239.0,1684.15,7.046652719665272,177500.0,0
DN-690,Air,Haiti,SCMS from RDC,N/A - From RDC,4639.0,47525.69,10.244813537400303,268663.96,1
DN-691,Air,Haiti,SCMS from RDC,N/A - From RDC,519.0,5974.7,11.51194605009634,29923.53,1
DN-692,Air,Haiti,SCMS from RDC,N/A - From RDC,2166.0,20578.2,9.5005540166205,296730.7,1
DN-693,Air,Haiti,SCMS from RDC,N/A - From RDC,30.0,933.09,31.103,1712.96,1
DN-694,(blank),Zambia,SCMS from RDC,N/A - From RDC,3897.0,15007.8,3.851116243264049,600500.0,0
DN-695,Air,Haiti,SCMS from RDC,N/A - From RDC,14.0,896.55,64.03928571428571,576.64,1
DN-696,Air,Tanzania,SCMS from RDC,N/A - From RDC,1636.0,6195.24,3.7868215158924206,229161.42,1
DN-697,Truck,Kenya,SCMS from RDC,N/A - From RDC,490.0,405.97,0.8285102040816327,160000.0,1
DN-698,Air,Mozambique,SCMS from RDC,N/A - From RDC,2955.0,4551.52,1.5402774957698817,403757.4,1
DN-699,Air,Mozambique,SCMS from RDC,N/A - From RDC,168.0,1074.95,6.3985119047619055,10200.0,1
DN-70,Air,Rwanda,SCMS from RDC,N/A - From RDC,353.0,3684.6,10.437960339943343,24340.0,1
DN-700,(blank),Zambia,SCMS from RDC,N/A - From RDC,3788.0,1910.61,0.5043848996832101,1132792.5,0
DN-701,(blank),Zambia,SCMS from RDC,N/A - From RDC,3512.0,1772.4,0.5046697038724374,1050000.0,0
DN-703,Air,Ethiopia,SCMS from RDC,N/A - From RDC,773.0,3472.55,4.492302716688228,8864.9,1
DN-704,Air,Haiti,SCMS from RDC,N/A - From RDC,178.0,2599.0,14.601123595505618,25387.25,1
DN-705,Air,Côte d'Ivoire,SCMS from RDC,N/A - From RDC,490.0,1765.4,3.602857142857143,76831.28,1
DN-706,Truck,Kenya,SCMS from RDC,N/A - From RDC,965.0,838.83,0.8692538860103627,53760.0,1
DN-707,Air,Mozambique,SCMS from RDC,N/A - From RDC,7719.0,6260.71,0.8110778598264023,288600.0,1
DN-708,Truck,Zimbabwe,SCMS from RDC,N/A - From RDC,1740.0,8008.65,4.602672413793103,113860.0,1
DN-709,Air,Zimbabwe,SCMS from RDC,N/A - From RDC,2519.0,15252.7,6.0550615323541095,301877.2,1
DN-71,(blank),Côte d'Ivoire,SCMS from RDC,N/A - From RDC,206.0,1583.0,7.684466019417476,39492.200000000004,0
DN-710,Air,Namibia,SCMS from RDC,N/A - From RDC,181.0,690.39,3.8143093922651934,25221.0,1
DN-711,(blank),Zambia,SCMS from RDC,N/A - From RDC,4657.0,2348.92,0.504384797079665,472500.0,0
DN-712,(blank),Zambia,SCMS from RDC,N/A - From RDC,4655.0,2347.91,0.5043845327604726,472500.0,0
DN-714,Air,Uganda,SCMS from RDC,N/A - From RDC,75.0,935.8,12.477333333333332,7560.0,1
DN-715,Air,Uganda,SCMS from RDC,N/A - From RDC,76.0,675.0,8.881578947368421,10328.6,1
DN-717,Air,Nigeria,SCMS from RDC,N/A - From RDC,422.0,2812.3,6.664218009478674,43484.409999999996,1
DN-718,Air,Nigeria,SCMS from RDC,N/A - From RDC,199.0,1917.53,9.635829145728643,19566.4,1
DN-719,(blank),Zambia,SCMS from RDC,N/A - From RDC,3750.0,1891.44,0.504384,381024.0,0
DN-72,(blank),Nigeria,SCMS from RDC,N/A - From RDC,988.0,4251.0,4.302631578947368,7236.0,0
DN-720,Air,Ethiopia,SCMS from RDC,N/A - From RDC,342.0,1850.7,5.41140350877193,4200.0,1
DN-722,(blank),Tanzania,SCMS from RDC,N/A - From RDC,559.0,3562.4,6.372808586762075,106038.0,0
DN-727,Air,Guyana,SCMS from RDC,N/A - From RDC,34.0,1608.7,47.31470588235294,12330.0,1
DN-728,Air,Guyana,SCMS from RDC,N/A - From RDC,347.0,4220.15,12.161815561959653,125766.0,1
DN-729,Air,Nigeria,SCMS from RDC,N/A - From RDC,236.0,1651.16,6.996440677966102,18046.71,1
DN-73,(blank),Côte d'Ivoire,SCMS from RDC,N/A - From RDC,974.0,3166.0,3.2505133470225873,67500.0,0
DN-730,Air,Nigeria,SCMS from RDC,N/A - From RDC,273.0,2446.58,8.961831501831501,20964.15,1
DN-733,Air,Haiti,SCMS from RDC,N/A - From RDC,3820.0,35933.8,9.40675392670157,313051.2,1
DN-734,Air,Côte d'Ivoire,SCMS from RDC,N/A - From RDC,905.0,10451.25,11.548342541436464,31976.6,1
DN-735,Air,Côte d'Ivoire,SCMS from RDC,N/A - From RDC,408.0,1514.68,3.712450980392157,28467.8,1
DN-736,Air,Haiti,SCMS from RDC,N/A - From RDC,862.0,9711.2,11.265893271461717,12190.650000000001,1
DN-737,Air,Nigeria,SCMS from RDC,N/A - From RDC,2095.0,10098.25,4.820167064439141,247358.71999999997,1
DN-738,Air,Nigeria,SCMS from RDC,N/A - From RDC,359.0,2750.89,7.662646239554317,42841.28,1
DN-739,Air,Nigeria,SCMS from RDC,N/A - From RDC,300.0,2204.0,7.346666666666667,88173.75,1
DN-74,(blank),Côte d'Ivoire,SCMS from RDC,N/A - From RDC,682.0,2527.0,3.7052785923753664,78928.0,0
DN-740,Air,Nigeria,SCMS from RDC,N/A - From RDC,58.0,1110.5,19.146551724137932,16826.25,1
DN-741,Air,Pakistan,SCMS from RDC,N/A - From RDC,3.0,400.75,133.58333333333334,320.0,1
DN-742,Air,Haiti,SCMS from RDC,N/A - From RDC,77.0,991.49,12.876493506493507,4159.0,1
DN-743,Air,Haiti,SCMS from RDC,N/A - From RDC,2166.0,22956.0,10.598337950138504,31183.32,1
DN-744,Air,Haiti,SCMS from RDC,N/A - From RDC,1154.0,12508.65,10.839384748700173,15191.79,1
DN-745,Air,Haiti,SCMS from RDC,N/A - From RDC,111.0,1355.06,12.207747747747748,15688.75,1
DN-748,Truck,Tanzania,SCMS from RDC,N/A - From RDC,15566.0,9330.0,0.5993832712321727,1224783.75,1
DN-749,Air,Zambia,SCMS from RDC,N/A - From RDC,4733.0,6002.19,1.2681576167335726,170000.0,1
DN-75,(blank),Côte d'Ivoire,SCMS from RDC,N/A - From RDC,650.0,2457.0,3.78,71186.25,0
DN-750,Air,Nigeria,SCMS from RDC,N/A - From RDC,1832.0,11815.12,6.449301310043668,220580.8,1
DN-751,Air,Tanzania,SCMS from RDC,N/A - From RDC,5040.0,22965.4,4.556626984126985,114483.36,1
DN-756,Air,Zimbabwe,SCMS from RDC,N/A - From RDC,7806.0,45047.32,5.770858314117346,551152.0,1
DN-757,Air,Tanzania,SCMS from RDC,N/A - From RDC,634.0,1108.08,1.7477602523659306,63859.0,1
DN-758,Air,Tanzania,SCMS from RDC,N/A - From RDC,566.0,3594.6,6.350883392226148,32536.71,1
DN-759,Air,Namibia,SCMS from RDC,N/A - From RDC,2094.0,4528.5,2.1626074498567336,292083.2,1
DN-76,(blank),Côte d'Ivoire,SCMS from RDC,N/A - From RDC,741.0,2656.0,3.5843454790823213,132405.0,0
DN-761,Air,Côte d'Ivoire,SCMS from RDC,N/A - From RDC,4668.0,8787.28,1.882450728363325,27688.120000000003,1
DN-762,Air,Haiti,SCMS from RDC,N/A - From RDC,52.0,1422.32,27.35230769230769,9864.0,1
DN-763,Air,Tanzania,SCMS from RDC,N/A - From RDC,16778.0,9043.65,0.5390183573727501,1901973.9,1
DN-764,Truck,Tanzania,SCMS from RDC,N/A - From RDC,10453.0,8831.92,0.844917248636755,1060204.95,1
DN-765,Air,Tanzania,SCMS from RDC,N/A - From RDC,1156.0,6308.6,5.45726643598616,67599.3,1
DN-766,Air,Tanzania,SCMS from RDC,N/A - From RDC,572.0,4152.56,7.2597202797202804,33034.32,1
DN-767,Truck,Zambia,SCMS from RDC,N/A - From RDC,3224.0,4217.45,1.3081420595533497,188904.0,1
DN-768,Truck,Mozambique,SCMS from RDC,N/A - From RDC,387.0,2107.14,5.444806201550387,13023.22,1
DN-769,Truck,Zambia,SCMS from RDC,N/A - From RDC,2493.0,4887.18,1.960361010830325,85536.0,1
DN-77,(blank),Côte d'Ivoire,SCMS from RDC,N/A - From RDC,743.0,2660.0,3.5800807537012114,132405.0,0
DN-770,Air,Zimbabwe,SCMS from RDC,N/A - From RDC,422.0,3335.15,7.903199052132702,49402.4,1
DN-771,Truck,Zimbabwe,SCMS from RDC,N/A - From RDC,96.0,2145.17,22.345520833333335,3200.0,1
DN-773,Air,Zimbabwe,SCMS from RDC,N/A - From RDC,161.0,939.12,5.83304347826087,39600.0,1
DN-774,Truck,Zimbabwe,SCMS from RDC,N/A - From RDC,526.0,2185.82,4.155551330798479,129600.0,1
DN-775,Air,Haiti,SCMS from RDC,N/A - From RDC,181.0,2944.21,16.26635359116022,25672.5,1
DN-776,Truck,Nigeria,SCMS from RDC,N/A - From RDC,346.0,1988.9,5.748265895953757,1920.0,1
DN-777,Truck,Zambia,SCMS from RDC,N/A - From RDC,3422.0,5936.99,1.734947399181765,600500.0,1
DN-778,(blank),Zambia,SCMS from RDC,N/A - From RDC,1185.0,2350.53,1.9835696202531647,51786.0,0
DN-779,Air,Zambia,SCMS from RDC,N/A - From RDC,4678.0,30610.2,6.543437366395896,162396.0,1
DN-78,(blank),Côte d'Ivoire,SCMS from RDC,N/A - From RDC,742.0,2658.0,3.582210242587601,132405.0,0
DN-780,(blank),Zambia,SCMS from RDC,N/A - From RDC,404.0,2313.55,5.726608910891089,53280.0,0
DN-783,Air,Haiti,SCMS from RDC,N/A - From RDC,1667.0,19069.17,11.439214157168566,60666.2,1
DN-786,Air,Côte d'Ivoire,SCMS from RDC,N/A - From RDC,467.0,6299.56,13.489421841541757,62160.0,1
DN-787,Air,Nigeria,SCMS from RDC,N/A - From RDC,1365.0,9904.65,7.256153846153846,393750.0,1
DN-788,Air,Haiti,SCMS from RDC,N/A - From RDC,14.0,1015.24,72.51714285714286,1680.0,1
DN-789,Air,Uganda,SCMS from RDC,N/A - From RDC,33.0,578.24,17.522424242424243,775.0,1
DN-79,(blank),Côte d'Ivoire,SCMS from RDC,N/A - From RDC,104.0,1458.0,14.01923076923077,7500.0,0
DN-791,Air,Tanzania,SCMS from RDC,N/A - From RDC,28334.0,80239.66,2.831921366556081,1149360.6,1
DN-793,Air,Uganda,SCMS from RDC,N/A - From RDC,2253.0,15923.41,7.067647581003107,12675.6,1
DN-794,Air,Uganda,SCMS from RDC,N/A - From RDC,1600.0,10314.28,6.4464250000000005,9021.6,1
DN-797,Air,Uganda,SCMS from RDC,N/A - From RDC,106.0,1054.52,9.948301886792454,3975.4,1
DN-798,Truck,Zimbabwe,SCMS from RDC,N/A - From RDC,911.0,2705.71,2.9700439077936336,72016.8,1
DN-799,Air,Tanzania,SCMS from RDC,N/A - From RDC,569.0,886.35,1.5577328646748683,157746.9,1
DN-80,(blank),Côte d'Ivoire,SCMS from RDC,N/A - From RDC,974.0,3166.0,3.2505133470225873,67500.0,0
DN-800,Air,Nigeria,SCMS from RDC,N/A - From RDC,1024.0,5226.6,5.1041015625,72728.3,1
DN-801,Air,Nigeria,SCMS from RDC,N/A - From RDC,4.0,213.75,53.4375,816.0,1
DN-802,Air,Haiti,SCMS from RDC,N/A - From RDC,1586.0,17289.0,10.901008827238336,141702.75,1
DN-803,Air,Zimbabwe,SCMS from RDC,N/A - From RDC,2907.0,12781.58,4.396828345373237,194000.0,1
DN-806,Air,Nigeria,SCMS from RDC,N/A - From RDC,2173.0,9906.63,4.558964565117349,300250.0,1
DN-808,Truck,Zambia,SCMS from RDC,N/A - From RDC,3925.0,2196.18,0.559536305732484,660550.0,1
DN-81,(blank),Côte d'Ivoire,SCMS from RDC,N/A - From RDC,969.0,3155.0,3.25593395252838,67500.0,0
DN-810,Truck,Mozambique,SCMS from RDC,N/A - From RDC,2298.0,3733.57,1.62470409051349,282181.5,1
DN-812,Air,Uganda,SCMS from RDC,N/A - From RDC,156.0,1282.6,8.221794871794872,18900.0,1
DN-813,Truck,Zimbabwe,SCMS from RDC,N/A - From RDC,6606.0,22666.98,3.431271571298819,554423.2,1
DN-816,Air,Uganda,SCMS from RDC,N/A - From RDC,199.0,1476.8,7.421105527638191,19980.0,1
DN-817,Air,Mozambique,SCMS from RDC,N/A - From RDC,13123.0,9161.95,0.6981597195763164,1276560.0,1
DN-818,Air,Uganda,SCMS from RDC,N/A - From RDC,239.0,1277.22,5.344016736401674,28370.5,1
DN-82,(blank),Côte d'Ivoire,SCMS from RDC,N/A - From RDC,974.0,3166.0,3.2505133470225873,67500.0,0
DN-820,Truck,Zambia,SCMS from RDC,N/A - From RDC,700.0,954.13,1.3630428571428572,24000.0,1
DN-821,Truck,Zambia,SCMS from RDC,N/A - From RDC,3679.0,5014.65,1.3630470236477303,360000.0,1
DN-822,Truck,Zambia,SCMS from RDC,N/A - From RDC,3882.0,5468.93,1.4087918598660485,600500.0,1
DN-823,Truck,Zambia,SCMS from RDC,N/A - From RDC,12606.0,7053.51,0.5595359352689195,1224000.0,1
DN-824,Truck,Zambia,SCMS from RDC,N/A - From RDC,3457.0,1934.31,0.5595342782759618,540450.0,1
DN-826,Air,Tanzania,SCMS from RDC,N/A - From RDC,16709.0,15210.0,0.9102878688132144,1388769.75,1
DN-827,Air,Haiti,SCMS from RDC,N/A - From RDC,100.0,1651.0,16.51,3593.8,1
DN-828,Truck,Zambia,SCMS from RDC,N/A - From RDC,2115.0,2882.85,1.363049645390071,223001.09999999998,1
DN-829,Truck,Kenya,SCMS from RDC,N/A - From RDC,3.0,99.0,33.0,0.03,1
DN-83,(blank),Botswana,SCMS from RDC,N/A - From RDC,164.0,1225.37,7.471768292682926,16000.0,0
DN-830,Truck,Kenya,SCMS from RDC,N/A - From RDC,399.0,417.42,1.0461654135338345,9.97,1
DN-831,Air,Tanzania,SCMS from RDC,N/A - From RDC,4289.0,24594.29,5.734271391932852,296000.0,1
DN-833,Air,Nigeria,SCMS from RDC,N/A - From RDC,153.0,1280.91,8.371960784313726,8865.3,1
DN-834,Air,Nigeria,SCMS from RDC,N/A - From RDC,1994.0,10231.84,5.131313941825477,196384.94,1
DN-835,Air,Uganda,SCMS from RDC,N/A - From RDC,824.0,3182.52,3.8622815533980583,96890.88,1
DN-836,Air,Nigeria,SCMS from RDC,N/A - From RDC,2033.0,15307.62,7.529572060993606,173436.44999999998,1
DN-837,Air,Haiti,SCMS from RDC,N/A - From RDC,1580.0,11572.0,7.324050632911392,158306.4,1
DN-838,Truck,Zimbabwe,SCMS from RDC,N/A - From RDC,1368.0,5663.0,4.139619883040936,92980.0,1
DN-839,Truck,Zambia,SCMS from RDC,N/A - From RDC,7393.0,6051.02,0.8184796429054512,720000.0,1
DN-84,(blank),Botswana,SCMS from RDC,N/A - From RDC,72.0,947.05,13.153472222222222,12000.0,0
DN-840,Air,Nigeria,SCMS from RDC,N/A - From RDC,555.0,10575.63,19.05518918918919,36091.7,1
DN-841,Air,Guyana,SCMS from RDC,N/A - From RDC,377.0,5228.67,13.869151193633952,13863.9,1
DN-842,Air,Cameroon,SCMS from RDC,N/A - From RDC,643.0,7805.33,12.138926905132193,64000.0,1
DN-843,Air,Nigeria,SCMS from RDC,N/A - From RDC,1309.0,7463.74,5.701864018334606,393750.0,1
DN-844,Air,Nigeria,SCMS from RDC,N/A - From RDC,251.0,1960.81,7.81199203187251,17756.4,1
DN-845,Truck,Tanzania,SCMS from RDC,N/A - From RDC,1608.0,1700.32,1.057412935323383,94703.04,1
DN-846,Air,Nigeria,SCMS from RDC,N/A - From RDC,621.0,4099.51,6.6014653784219,85224.0,1
DN-849,Truck,Tanzania,SCMS from RDC,N/A - From RDC,4237.0,3482.59,0.8219471324050036,436240.35,1
DN-85,(blank),Côte d'Ivoire,SCMS from RDC,N/A - From RDC,972.0,3162.0,3.253086419753086,67500.0,0
DN-850,Air,Mozambique,SCMS from RDC,N/A - From RDC,4211.0,3227.48,0.7664402754690097,413869.18,1
DN-852,Air,Tanzania,SCMS from RDC,N/A - From RDC,7017.0,5367.09,0.7648696023941856,722235.15,1
DN-853,Air,Tanzania,SCMS from RDC,N/A - From RDC,6650.0,36855.6,5.542195488721804,461338.2,1
DN-854,Truck,Zambia,SCMS from RDC,N/A - From RDC,750.0,813.75,1.085,27900.0,1
DN-855,Truck,Zambia,SCMS from RDC,N/A - From RDC,3841.0,3558.49,0.9264488414475397,600500.0,1
DN-856,(blank),Zambia,SCMS from RDC,N/A - From RDC,3880.0,3817.12,0.9837938144329896,600500.0,0
DN-857,Truck,Zimbabwe,SCMS from RDC,N/A - From RDC,342.0,1648.64,4.820584795321638,48040.0,1
DN-859,Air,Haiti,SCMS from RDC,N/A - From RDC,702.0,8762.02,12.481509971509972,6240.0,1
DN-86,(blank),Côte d'Ivoire,SCMS from RDC,N/A - From RDC,992.0,3205.0,3.2308467741935485,67500.0,0
DN-860,Air,Haiti,SCMS from RDC,N/A - From RDC,235.0,3022.74,12.862723404255318,5460.0,1
DN-861,Truck,Zambia,SCMS from RDC,N/A - From RDC,4247.0,8231.95,1.9382976218507184,660550.0,1
DN-862,Air,Nigeria,SCMS from RDC,N/A - From RDC,1741.0,10665.71,6.126197587593337,525000.0,1
DN-863,Air,Zambia,SCMS from RDC,N/A - From RDC,2353.0,3210.18,1.3642923926901827,124866.3,1
DN-864,Air,Zambia,SCMS from RDC,N/A - From RDC,4510.0,3540.35,0.785,132831.2,1
DN-865,Truck,Zambia,SCMS from RDC,N/A - From RDC,8276.0,6120.06,0.7394949250845819,151096.0,1
DN-866,Air,Haiti,SCMS from RDC,N/A - From RDC,26.0,997.46,38.363846153846154,3360.0,1
DN-868,Air,Tanzania,SCMS from RDC,N/A - From RDC,11186.0,9330.0,0.8340783121759342,1741450.0,1
DN-87,(blank),Zambia,SCMS from RDC,N/A - From RDC,1109.0,9437.24,8.509684400360685,112000.0,0
DN-870,Air,Nigeria,SCMS from RDC,N/A - From RDC,925.0,9185.15,9.929891891891891,20739.0,1
DN-871,Air,Nigeria,SCMS from RDC,N/A - From RDC,1987.0,14931.8,7.514745848012078,120360.0,1
DN-872,Air,Nigeria,SCMS from RDC,N/A - From RDC,65.0,1020.98,15.707384615384616,3770.0,1
DN-875,Air,Kenya,SCMS from RDC,N/A - From RDC,2695.0,11898.8,4.415139146567718,157632.0,1
DN-879,Truck,Kenya,SCMS from RDC,N/A - From RDC,297.0,3616.67,12.177340067340067,34144.0,1
DN-880,Truck,Kenya,SCMS from RDC,N/A - From RDC,56.0,167.44,2.9899999999999998,5376.0,1
DN-882,Air,Nigeria,SCMS from RDC,N/A - From RDC,1317.0,8924.98,6.776750189825361,393750.0,1
DN-883,Air,Nigeria,SCMS from RDC,N/A - From RDC,1114.0,7641.1,6.859156193895871,333270.0,1
DN-885,Air,Sierra Leone,SCMS from RDC,N/A - From RDC,163.0,7795.0,47.82208588957055,16000.0,1
DN-886,Air,Nigeria,SCMS from RDC,N/A - From RDC,3657.0,23070.58,6.308608148755812,420750.0,1
DN-888,Air,Nigeria,SCMS from RDC,N/A - From RDC,82.0,1151.48,14.042439024390244,9464.35,1
DN-889,Air,Nigeria,SCMS from RDC,N/A - From RDC,58.0,1102.98,19.016896551724138,3057.6,1
DN-89,(blank),Zambia,SCMS from RDC,N/A - From RDC,580.0,4965.24,8.560758620689654,96000.0,0
DN-890,Air,Tanzania,SCMS from RDC,N/A - From RDC,379.0,1188.97,3.1371240105540896,60050.0,1
DN-891,Truck,Tanzania,SCMS from RDC,N/A - From RDC,13253.0,64506.78,4.867334188485626,912545.8,1
DN-892,Air,Haiti,SCMS from RDC,N/A - From RDC,538.0,7100.67,13.198271375464683,3024.0,1
DN-893,(blank),Tanzania,SCMS from RDC,N/A - From RDC,8343.0,9001.03,1.0788721083543091,799773.9,0
DN-897,Air,Nigeria,SCMS from RDC,N/A - From RDC,1566.0,10624.04,6.78418901660281,298140.0,1
DN-898,Air,Uganda,SCMS from RDC,N/A - From RDC,5511.0,7876.44,1.4292215568862274,30802.8,1
DN-899,Air,Tanzania,SCMS from RDC,N/A - From RDC,9996.0,8399.76,0.84031212484994,1583014.08,1
DN-9,Air,Rwanda,SCMS from RDC,N/A - From RDC,108.0,23000.34,212.9661111111111,38920.0,1
DN-900,Truck,Zimbabwe,SCMS from RDC,N/A - From RDC,8481.0,30585.17,3.606316472114137,610440.0,1
DN-901,Air,Nigeria,SCMS from RDC,N/A - From RDC,12.0,900.0,75.0,2677.36,1
DN-902,Air,Tanzania,SCMS from RDC,N/A - From RDC,587.0,1153.97,1.96587734241908,106038.0,1
DN-903,Truck,Tanzania,SCMS from RDC,N/A - From RDC,587.0,1146.27,1.9527597955706983,106038.0,1
DN-904,Truck,Mozambique,SCMS from RDC,N/A - From RDC,677.0,1522.92,2.249512555391433,38528.0,1
DN-905,Air,Zambia,SCMS from RDC,N/A - From RDC,893.0,6269.7,7.02094064949608,31987.2,1
DN-907,Truck,Ethiopia,SCMS from RDC,N/A - From RDC,25.0,505.0,20.2,3037.04,1
DN-909,Air,Nigeria,SCMS from RDC,N/A - From RDC,451.0,3487.94,7.73379157427938,46602.950000000004,1
DN-91,(blank),Botswana,SCMS from RDC,N/A - From RDC,32.0,695.23,21.7259375,8000.0,0
DN-911,Air,Nigeria,SCMS from RDC,N/A - From RDC,7.0,747.5,106.78571428571429,1995.0,1
DN-912,Truck,Zambia,SCMS from RDC,N/A - From RDC,6986.0,6269.7,0.8974663612940166,721998.9,1
DN-915,Air,Uganda,SCMS from RDC,N/A - From RDC,18.0,418.75,23.26388888888889,3288.0,1
DN-916,Air,Nigeria,SCMS from RDC,N/A - From RDC,1.0,462.5,462.5,105.0,1
DN-917,Air,Nigeria,SCMS from RDC,N/A - From RDC,892.0,13353.34,14.970112107623319,73973.81,1
DN-918,Air,Nigeria,SCMS from RDC,N/A - From RDC,71.0,1181.41,16.639577464788733,3779.1,1
DN-919,Air,Nigeria,SCMS from RDC,N/A - From RDC,108.0,13353.34,123.64203703703704,50400.0,1
DN-92,(blank),Zimbabwe,SCMS from RDC,N/A - From RDC,25.0,516.84,20.6736,4113.17,0
DN-920,Air,Nigeria,SCMS from RDC,N/A - From RDC,27.0,1058.0,39.18518518518518,3863.4,1
DN-921,Air,Nigeria,SCMS from RDC,N/A - From RDC,6124.0,13353.34,2.1804931417374265,1481500.0,1
DN-922,Air,Tanzania,SCMS from RDC,N/A - From RDC,9635.0,52979.7,5.498671510119356,668390.2,1
DN-924,Truck,Zambia,SCMS from RDC,N/A - From RDC,3842.0,15281.81,3.977566371681416,600500.0,1
DN-927,(blank),Zambia,SCMS from RDC,N/A - From RDC,1603.0,8539.26,5.3270492825951345,250768.8,0
DN-928,Air,Côte d'Ivoire,SCMS from RDC,N/A - From RDC,333.0,1793.11,5.384714714714715,94299.0,1
DN-93,(blank),Nigeria,SCMS from RDC,N/A - From RDC,840.0,3736.0,4.447619047619048,59667.5,0
DN-930,Air,Haiti,SCMS from RDC,N/A - From RDC,3435.0,40301.65,11.732649199417759,19292.7,1
DN-931,Truck,Mozambique,SCMS from RDC,N/A - From RDC,7910.0,1012.43,0.1279936788874842,900064.8,1
DN-932,Truck,Mozambique,SCMS from RDC,N/A - From RDC,3918.0,1012.43,0.25840479836651353,900072.0,1
DN-933,Air,Mozambique,SCMS from RDC,N/A - From RDC,3427.0,3874.22,1.1304989786985702,321269.2,1
DN-937,Truck,Kenya,SCMS from RDC,N/A - From RDC,6067.0,1250.0,0.2060326355694742,400000.0,1
DN-938,Truck,Zambia,SCMS from RDC,N/A - From RDC,3817.0,4579.42,1.1997432538642914,600500.0,1
DN-939,Air,Nigeria,SCMS from RDC,N/A - From RDC,3951.0,11584.54,2.9320526449000255,1181250.0,1
DN-94,(blank),Nigeria,SCMS from RDC,N/A - From RDC,401.0,2208.0,5.506234413965087,55411.5,0
DN-942,Air,Haiti,SCMS from RDC,N/A - From RDC,979.0,11836.61,12.090510725229827,5487.3,1
DN-944,Air,Haiti,SCMS from RDC,N/A - From RDC,10435.0,121330.06,11.627221849544801,409650.8,1
DN-945,Air,Haiti,SCMS from RDC,N/A - From RDC,9516.0,101348.75,10.650352038671711,983191.0,1
DN-946,Air,Haiti,SCMS from RDC,N/A - From RDC,4218.0,43041.34,10.2042057847321,362365.2,1
DN-947,Air,Côte d'Ivoire,SCMS from RDC,N/A - From RDC,315.0,6381.87,20.25990476190476,4550.0,1
DN-948,Air,Côte d'Ivoire,SCMS from RDC,N/A - From RDC,2521.0,14336.95,5.687009123363745,102574.28,1
DN-949,Air,Côte d'Ivoire,SCMS from RDC,N/A - From RDC,1583.0,6381.87,4.031503474415667,84013.8,1
DN-950,Truck,Zambia,SCMS from RDC,N/A - From RDC,3787.0,4060.55,1.0722339582783207,137543.6,1
DN-951,Truck,Zambia,SCMS from RDC,N/A - From RDC,2717.0,4060.55,1.4944976076555025,98637.4,1
DN-952,Air,Zambia,SCMS from RDC,N/A - From RDC,1120.0,8185.2,7.3082142857142856,6720.0,1
DN-953,Truck,Namibia,SCMS from RDC,N/A - From RDC,303.0,2989.45,9.866171617161715,18853.92,1
DN-954,Truck,Zambia,SCMS from RDC,N/A - From RDC,3775.0,4060.54,1.0756397350993376,600500.0,1
DN-958,Air,Nigeria,SCMS from RDC,N/A - From RDC,937.0,10990.36,11.72930629669157,167194.8,1
DN-959,Air,Nigeria,SCMS from RDC,N/A - From RDC,181.0,18617.93,102.86149171270718,23475.16,1
DN-960,Air,Nigeria,SCMS from RDC,N/A - From RDC,5588.0,18617.93,3.3317698639942734,1118764.34,1
DN-961,Truck,Rwanda,SCMS from RDC,N/A - From RDC,28.0,896.26,32.00928571428572,921.6,1
DN-962,Truck,Rwanda,SCMS from RDC,N/A - From RDC,455.0,3754.14,8.250857142857143,15049.6,1
DN-963,Truck,Kenya,SCMS from RDC,N/A - From RDC,6074.0,1250.0,0.2057951926243003,399980.0,1
DN-966,Truck,Zambia,SCMS from RDC,N/A - From RDC,2764.0,2938.92,1.0632850940665701,170000.0,1
DN-967,Truck,Zambia,SCMS from RDC,N/A - From RDC,2773.0,2938.92,1.059834114677245,170000.0,1
DN-968,Air,Uganda,SCMS from RDC,N/A - From RDC,547.0,2437.63,4.4563619744058505,57973.2,1
DN-969,Air,Uganda,SCMS from RDC,N/A - From RDC,666.0,4503.0,6.761261261261262,71602.95,1
DN-970,Ocean,Uganda,SCMS from RDC,N/A - From RDC,71.0,1240.0,17.464788732394368,2332.0,1
DN-971,Air,Uganda,SCMS from RDC,N/A - From RDC,204.0,3477.0,17.044117647058822,20290.8,1
DN-972,Truck,Zimbabwe,SCMS from RDC,N/A - From RDC,483.0,2947.59,6.102670807453417,16000.0,1
DN-975,Truck,Zambia,SCMS from RDC,N/A - From RDC,88190.0,11519.94,0.13062637487243453,2625000.0,1
DN-976,Truck,Zambia,SCMS from RDC,N/A - From RDC,2641.0,2938.92,1.1128057553956834,420350.0,1
DN-977,Truck,Zambia,SCMS from RDC,N/A - From RDC,4585.0,2938.92,0.6409858233369684,472500.0,1
DN-98,(blank),Zambia,SCMS from RDC,N/A - From RDC,4398.0,18137.64,4.124065484311051,155187.9,0
DN-981,Truck,Zambia,SCMS from RDC,N/A - From RDC,867.0,2938.92,3.389757785467128,32550.0,1
DN-985,Air,Uganda,SCMS from RDC,N/A - From RDC,250.0,2331.03,9.32412,24292.8,1
DN-986,Air,Uganda,SCMS from RDC,N/A - From RDC,822.0,7321.04,8.906374695863747,90176.8,1
DN-987,Air,Uganda,SCMS from RDC,N/A - From RDC,691.0,8252.73,11.943169319826339,64585.8,1
DN-988,Air,Côte d'Ivoire,SCMS from RDC,N/A - From RDC,5589.0,22758.49,4.0720146716765075,660858.48,1
DN-989,Air,Mozambique,SCMS from RDC,N/A - From RDC,6883.0,7534.18,1.0946070027604242,669240.0,1
DN-99,(blank),Zambia,SCMS from RDC,N/A - From RDC,48.0,574.56,11.969999999999999,3574.1,0
DN-990,Air,Uganda,SCMS from RDC,N/A - From RDC,123.0,845.37,6.872926829268293,12422.6,1
DN-991,Truck,Kenya,SCMS from RDC,N/A - From RDC,394.0,157.5,0.399746192893401,40000.0,1
DN-992,Air,Uganda,SCMS from RDC,N/A - From RDC,205.0,2202.02,10.741560975609756,17827.2,1
DN-993,Truck,Zambia,SCMS from RDC,N/A - From RDC,1162.0,3629.37,3.1233820998278827,71831.8,1
DN-994,Truck,Kenya,SCMS from RDC,N/A - From RDC,393.0,157.5,0.40076335877862596,40000.0,1
DN-995,Air,Uganda,SCMS from RDC,N/A - From RDC,26.0,1096.71,42.18115384615385,1450.0,1
DN-996,Air,Uganda,SCMS from RDC,N/A - From RDC,501.0,3266.38,6.519720558882236,50274.95,1
DN-997,Air,Haiti,SCMS from RDC,N/A - From RDC,3720.0,43704.8,11.748602150537636,21000.0,1
DN-998,Truck,Uganda,SCMS from RDC,N/A - From RDC,585.0,5698.01,9.740188034188035,64690.6,1
DN-999,Air,Zambia,SCMS from RDC,N/A - From RDC,671.0,5110.76,7.616631892697467,3780.0,1
