item_id,n_days,sum_actual,sum_lgbm,bias,mae,daily_error_std
FOODS_1_001,28,27,34.51096086272274,7.510960862722742,1.0483722320734825,1.6030019843068386
FOODS_1_002,28,21,16.236031095359355,-4.763968904640646,0.7464356308408279,0.8802334721926552
FOODS_1_003,28,28,27.97761331866987,-0.022386681330129665,1.037957777332741,1.291088692035033
FOODS_1_004,28,190,25.272460031199103,-164.7275399688009,6.639321641058187,5.665521334976885
FOODS_1_005,28,83,77.86515749983248,-5.134842500167519,2.273131038766186,3.201280038290946
FOODS_1_006,28,38,35.379852554459816,-2.6201474455401867,1.4552973184104807,2.4147214280593925
FOODS_1_008,28,4,18.872532742445863,14.872532742445863,0.621567897595834,0.3542324034017961
FOODS_1_009,28,87,19.51273931633976,-67.48726068366024,2.6569823842761306,2.9295275806
FOODS_1_010,28,23,23.003796203515787,0.0037962035157877994,0.7553945436871173,0.9332451539945441
FOODS_1_011,28,41,55.23556588439334,14.235565884393335,1.2370522790285519,1.4485835110830134
FOODS_1_012,28,0,49.92321370708484,49.92321370708484,1.7829719181101729,0.4349397786566671
FOODS_1_013,28,37,99.60539080148013,62.605390801480134,2.307450077110715,1.3744422485669128
FOODS_1_014,28,39,53.08688329823359,14.086883298233587,1.2561771887643212,1.489708131531851
FOODS_1_015,28,72,49.352278650374075,-22.647721349625925,2.117522637515454,3.427599792805058
FOODS_1_016,28,16,28.358040120170106,12.358040120170106,0.7752046740508173,0.7513408311043965
FOODS_1_017,28,44,49.57661455496066,5.576614554960662,1.3600918830222095,1.6544735883571915
FOODS_1_018,28,406,313.20155210186334,-92.79844789813666,5.723769168185142,7.4178665215551165
FOODS_1_019,28,188,180.40308155912996,-7.596918440870043,5.053910740077271,6.9299912784625874
FOODS_1_020,28,27,24.43258011965837,-2.5674198803416317,0.9235101644143529,1.2319766058713462
FOODS_1_021,28,33,54.09928454274241,21.09928454274241,1.6031914581128952,1.6642924524640386
FOODS_1_022,28,14,20.481491159365955,6.481491159365956,0.7678333757016345,1.0555133548371816
FOODS_1_023,28,147,132.4138664508732,-14.586133549126803,2.5878727491869946,3.3482607116734178
FOODS_1_024,28,70,49.54290821871383,-20.457091781286163,2.3811789083497437,4.184367469753606
FOODS_1_025,28,31,22.907892047743157,-8.092107952256843,0.9715913009157372,1.3291026801284294
FOODS_1_026,28,37,23.52428279184294,-13.47571720815706,1.1329130897800956,1.3068206275508019
FOODS_1_027,28,101,65.5563746902713,-35.4436253097287,1.9374556939245935,2.281686789687697
FOODS_1_028,28,39,25.80813328273505,-13.19186671726495,1.4312210403967611,1.8811274998360266
FOODS_1_029,28,14,22.444173813879512,8.444173813879512,0.8571261093779491,0.9933374316752951
FOODS_1_030,28,12,19.70162738923362,7.70162738923362,0.6821572106722483,0.7523987377100289
FOODS_1_031,28,86,91.78384977202836,5.783849772028363,1.4844829360595821,1.7937191313138159
FOODS_1_032,28,212,259.84797319376133,47.84797319376133,5.964836145683598,6.865245344472654
FOODS_1_033,28,8,18.049441956123243,10.049441956123244,0.6555258118669365,0.6643301947960851
FOODS_1_034,28,21,20.450303012554894,-0.5496969874451049,0.8924404878595407,1.3214393329627445
FOODS_1_035,28,45,51.059287905005384,6.059287905005387,1.3709546239266175,1.6069196315801486
FOODS_1_036,28,80,78.99102841344924,-1.0089715865507571,2.217577345003884,2.8023135990488264
FOODS_1_037,28,80,74.49108601296612,-5.508913987033876,2.3338215861704237,3.21492924926779
FOODS_1_038,28,46,29.842170922830164,-16.157829077169836,1.1264961831588245,1.5393074783072045
FOODS_1_039,28,17,28.655153415534958,11.655153415534956,0.685330596834144,0.7503012055051473
FOODS_1_040,28,21,33.55569570249957,12.555695702499568,0.9579782901402846,1.053988277405962
FOODS_1_041,28,39,42.57450321703363,3.5745032170336293,1.02501954437373,1.2798308872958672
FOODS_1_042,28,89,90.05017072725292,1.0501707272529224,1.7419465543186858,2.3794134449873807
FOODS_1_043,28,581,20.526206409775664,-560.4737935902243,20.11864037889118,13.076795297686001
FOODS_1_044,28,49,21.057409484570684,-27.942590515429316,1.3643142312746437,1.4343853792941126
FOODS_1_045,28,58,35.04734556703549,-22.952654432964508,1.4717945291684296,1.8824241502625443
FOODS_1_046,28,102,89.4771385534585,-12.522861446541494,1.7465225024285076,2.5927417261136387
FOODS_1_047,28,61,63.259799325832695,2.2597993258326943,1.788021372334736,2.418036412330983
FOODS_1_048,28,32,32.620085730189594,0.6200857301895912,0.9268015347372539,1.268761202323947
FOODS_1_049,28,27,25.59457274360633,-1.4054272563936663,1.0969850344673502,1.6186439220318685
FOODS_1_050,28,31,27.353091287610034,-3.6469087123899677,1.1196923013052973,1.4644386580384121
FOODS_1_051,28,49,52.49422795170185,3.4942279517018533,1.149974883356421,1.4954181883395863
FOODS_1_052,28,25,52.721762390496124,27.72176239049612,1.4986301721549464,1.3206158269801769
FOODS_1_053,28,1,23.13926960716904,22.13926960716904,0.8144950194583576,0.25112080389535746
FOODS_1_054,28,34,30.726894571735322,-3.2731054282646763,1.0103544601758372,1.2806619291324157
FOODS_1_055,28,328,198.7828108602559,-129.2171891397441,7.185201477581038,8.062048833911128
FOODS_1_056,28,19,19.51273931633976,0.5127393163397593,0.6764514538919787,0.8173091415725245
FOODS_1_057,28,20,19.51273931633976,-0.48726068366024056,0.95082864887619,1.1688500444230359
FOODS_1_058,28,187,20.526206409775664,-166.47379359022435,6.260992733029313,6.961779849864488
FOODS_1_059,28,26,29.677561166897597,3.6775611668975947,1.1394817516148288,1.379507230674796
FOODS_1_060,28,42,38.43559385663916,-3.5644061433608436,1.1927108751102733,1.629565194216639
FOODS_1_061,28,120,111.29670085324308,-8.703299146756915,2.093208030683139,2.8960203474639212
FOODS_1_062,28,31,20.573800691667703,-10.426199308332297,0.9698026419765494,1.0907540874859794
FOODS_1_063,28,30,35.15574787099381,5.155747870993809,0.7832764297031675,0.9752121773118057
FOODS_1_064,28,16,26.40168011755472,10.40168011755472,0.7990918763323729,0.9551959351225149
FOODS_1_065,28,24,37.10448919746816,13.104489197468164,0.9799451802825115,1.0756126465179838
FOODS_1_066,28,17,50.01921785553074,33.01921785553074,1.441696970976943,0.9979021742721812
FOODS_1_067,28,163,143.35168531150248,-19.64831468849753,3.3437229451564434,4.46988842669816
FOODS_1_068,28,14,21.51689243576096,7.516892435760959,0.6589983053157102,0.6920495195025484
FOODS_1_069,28,111,114.44902250129438,3.449022501294376,2.6129245530583645,3.160456859884691
FOODS_1_070,28,10,50.90880345005618,40.90880345005618,1.4908785656235861,0.6707158292905296
FOODS_1_071,28,48,37.004003109960415,-10.995996890039587,1.4798729682484564,2.162770469164555
FOODS_1_072,28,42,58.03081513844147,16.03081513844147,1.5074249593147093,1.7788501558036849
FOODS_1_073,28,12,22.912926835593073,10.912926835593073,0.7337057110532205,0.7530118182365845
FOODS_1_074,28,65,50.372417993477825,-14.627582006522173,1.653382947885126,2.5880564201244693
FOODS_1_075,28,8,20.77929654255641,12.77929654255641,0.5988886315666179,0.4598797424902763
FOODS_1_076,28,58,38.57934106217025,-19.420658937829746,1.2816444951533827,1.4337734877470052
FOODS_1_077,28,3,20.095962645037464,17.095962645037464,0.6705397819646354,0.31891123650622877
FOODS_1_078,28,26,31.784377190126442,5.784377190126443,0.862007280792466,1.1495316928926451
FOODS_1_079,28,0,18.22486206580524,18.22486206580524,0.6508879309216157,0.03645598604438099
FOODS_1_080,28,9,31.823058771008277,22.823058771008274,1.1242984411526467,0.8468571177892232
FOODS_1_081,28,21,23.574061394045287,2.5740613940452888,0.9133975590499225,1.0953742726841453
FOODS_1_082,28,45,99.87900898710554,54.879008987105536,2.2384662864284164,1.552244769955672
FOODS_1_083,28,92,87.52680014706218,-4.473199852937827,1.7500350568227045,2.1966613556703236
FOODS_1_084,28,5,18.247622783288723,13.247622783288723,0.5981799369007031,0.3925978158034602
FOODS_1_085,28,221,156.61428059496993,-64.38571940503007,3.5485542235816174,4.262667777525092
FOODS_1_086,28,55,64.96896361681677,9.96896361681676,1.5607204224704672,1.8126471063184075
FOODS_1_087,28,131,128.95062368983108,-2.0493763101689106,2.336467136870412,2.985457862628272
FOODS_1_088,28,100,111.33316512725825,11.333165127258257,1.6455071686185783,2.287989238009286
FOODS_1_089,28,30,36.258117804525945,6.258117804525948,1.0243784461983203,1.2191719000374635
FOODS_1_090,28,47,48.82210741031823,1.8221074103182284,1.4267993642589285,1.7607684885241954
FOODS_1_091,28,49,19.51273931633976,-29.487260683660242,1.5990782742039253,2.3279646659002884
FOODS_1_092,28,56,39.58951917435871,-16.410480825641287,1.7444852222260336,3.21207516179372
FOODS_1_093,28,15,27.336990250739028,12.336990250739026,0.7927959608744245,0.8287484772434407
FOODS_1_094,28,108,89.94708319943585,-18.05291680056414,3.4655043240502232,4.885683763017831
FOODS_1_095,28,5,19.649050723396172,14.64905072339617,0.6857438800700214,0.48608105883888425
FOODS_1_096,28,74,65.03658407050355,-8.963415929496449,1.730041528344137,2.116675424426288
FOODS_1_097,28,58,53.58068455787688,-4.419315442123118,1.5765463440428753,2.0492737090496913
FOODS_1_098,28,18,18.55831879230756,0.5583187923075594,0.8773708212025241,1.165383645255754
FOODS_1_099,28,252,219.47338579223958,-32.526614207760424,3.2563687883408723,4.264159054730597
FOODS_1_101,28,12,28.206956308022296,16.206956308022296,1.0043644032583505,1.1212326001994022
FOODS_1_102,28,33,30.203362218738363,-2.796637781261636,0.9820509843178754,1.2424867591679651
FOODS_1_103,28,65,29.60625881577,-35.393741184229995,1.9500706501779697,3.9580588238285364
FOODS_1_104,28,130,130.41759249410018,0.4175924941001856,4.353480858447925,5.5419528383313
FOODS_1_105,28,41,29.033768136768078,-11.966231863231922,0.9511244238960035,1.2328733820800601
FOODS_1_106,28,102,87.7499724001463,-14.250027599853702,2.840188810634078,3.641401048085823
FOODS_1_107,28,26,32.01162137127073,6.0116213712707305,1.3252674236954278,1.5103463474846974
FOODS_1_108,28,47,67.69758111909621,20.69758111909621,2.18882897641143,2.224735458249198
FOODS_1_109,28,46,42.96085941269502,-3.0391405873049813,1.2359287089523943,1.7980343501785487
FOODS_1_110,28,407,20.971822226361805,-386.0281777736382,13.888439814013106,8.276998837321557
FOODS_1_111,28,17,20.208435294759372,3.208435294759373,0.6781067109191506,0.8023754028860433
FOODS_1_112,28,38,31.958930434875853,-6.041069565124145,1.1354137226312095,1.4054903307981914
FOODS_1_113,28,119,108.33295554396466,-10.667044456035347,2.633256171765409,3.4002467516214474
FOODS_1_114,28,16,20.12952284846435,4.129522848464351,0.6778669308247277,0.7999698284134399
FOODS_1_115,28,29,27.101797083025193,-1.8982029169748078,0.764705082289418,1.0966773320530403
FOODS_1_116,28,28,48.56981806547339,20.569818065473388,1.4327919678952987,1.4122563384843934
FOODS_1_117,28,36,33.18527225242223,-2.814727747577769,1.2104980031905739,1.6914714529526262
FOODS_1_118,28,22,53.71933425454167,31.71933425454167,1.5821599025458704,1.273418270380935
FOODS_1_119,28,8,23.669397005210833,15.669397005210834,0.7749286587686443,0.6208435748612318
FOODS_1_120,28,148,20.526206409775664,-127.47379359022433,4.754762854562289,8.121903741987422
FOODS_1_121,28,41,46.90837840924792,5.908378409247925,1.461684200521535,1.8574586561282251
FOODS_1_122,28,22,41.975710073008734,19.97571007300873,0.9977571274131937,0.8735405813681216
FOODS_1_123,28,50,66.53236130032778,16.532361300327782,1.8980684529771146,2.331430120826131
FOODS_1_124,28,24,31.847928023725572,7.847928023725571,1.0132282305054978,1.106307403599295
FOODS_1_125,28,35,34.662980717251905,-0.33701928274809534,0.9618461607350078,1.2356443361791138
FOODS_1_126,28,23,19.51273931633976,-3.4872606836602404,0.8693358938119561,1.341679825589475
FOODS_1_127,28,45,46.721959866281544,1.7219598662815452,1.5721893828624194,2.128111910328231
FOODS_1_128,28,24,32.314934135483504,8.314934135483501,1.1260461379888018,1.4341856942336901
FOODS_1_129,28,60,34.12504180120478,-25.87495819879522,1.409128135734399,1.6014207276778833
FOODS_1_130,28,54,38.83851801957592,-15.161481980424082,1.055964695569666,1.2761402322541993
FOODS_1_131,28,22,21.607863991070037,-0.39213600892996514,0.8758789909903316,1.0944670339974312
FOODS_1_132,28,36,30.12675399765248,-5.8732460023475195,1.01740997260169,1.4768318917372694
FOODS_1_133,28,33,24.506645267604064,-8.493354732395934,0.9452460588317972,1.276795639964376
FOODS_1_134,28,30,29.984027831654245,-0.01597216834575632,0.846070452227904,1.1090604565249935
FOODS_1_135,28,37,42.48035367685561,5.48035367685561,1.2805323638282182,1.6312581641076038
FOODS_1_136,28,3,18.160833395815526,15.160833395815526,0.6168989202679479,0.31862611205839114
FOODS_1_137,28,141,130.92079339567178,-10.079206604328224,3.174484489135028,5.023851603672936
FOODS_1_138,28,41,62.94518881432027,21.945188814320268,1.7791065996110196,1.8401106685039605
FOODS_1_139,28,142,126.03155087064566,-15.968449129354337,3.0729244538450393,3.810086870595976
FOODS_1_140,28,34,21.36487408881852,-12.635125911181479,1.0141454200396403,1.1855318067644889
FOODS_1_141,28,4,18.929368145902668,14.929368145902666,0.624364167772149,0.35607313347504604
FOODS_1_142,28,94,70.88050108350797,-23.119498916492034,3.056723943747731,4.254076982963027
FOODS_1_143,28,47,36.83036133422154,-10.169638665778457,1.8541193799653801,5.161222284325336
FOODS_1_144,28,30,23.903305900459436,-6.096694099540563,1.0664570238931685,1.3879654497624476
FOODS_1_145,28,56,62.75733159397626,6.757331593976261,1.579861942126707,1.85972676038808
FOODS_1_146,28,27,24.25686873813677,-2.743131261863229,0.7914844836292616,1.048249883557789
FOODS_1_147,28,21,34.57655575902136,13.57655575902136,0.9987386539353125,1.2962376748312985
FOODS_1_148,28,14,17.936851992031386,3.936851992031386,0.77132860690602,0.9212636568320564
FOODS_1_149,28,39,54.462844232345276,15.462844232345274,1.4704010463328605,1.816128614569466
FOODS_1_150,28,89,87.7903062941315,-1.209693705868495,2.0592146938705467,2.6237306202765005
FOODS_1_151,28,14,14.401090832643009,0.40109083264300915,0.65111577778462,0.7917873847970134
FOODS_1_152,28,24,25.69704473375113,1.697044733751131,0.9780823858020121,1.264813284710575
FOODS_1_153,28,44,32.59458291903911,-11.405417080960888,1.2480689386917274,1.7462807524313664
FOODS_1_154,28,134,156.86595101596643,22.865951015966424,3.4890129919183814,4.442832363188649
FOODS_1_155,28,33,50.684788556088435,17.684788556088435,1.3133487975621339,1.3474138026888949
FOODS_1_156,28,47,39.745697716747664,-7.254302283252337,1.2573311685236561,1.5243756134475883
FOODS_1_157,28,11,20.431141112599995,9.431141112599997,0.6880081733062993,0.7211252311489453
FOODS_1_158,28,2,17.99626300815495,15.996263008154951,0.627680568359161,0.27572462894711297
FOODS_1_159,28,6,18.042743808252016,12.042743808252016,0.7267572764223272,0.7930509139297602
FOODS_1_160,28,33,33.880503896438384,0.8805038964383867,1.0436556784498499,1.20420305569165
FOODS_1_161,28,76,175.19443499250033,99.19443499250035,3.7591366614253228,1.8109559244791877
FOODS_1_162,28,199,149.26915652628685,-49.730843473713165,3.9450428576009293,5.0734141460307
FOODS_1_163,28,31,63.26864762185039,32.26864762185039,1.478013774059923,1.2239995847035678
FOODS_1_164,28,10,17.936851992031386,7.936851992031386,0.7245805719128668,0.782099022414449
FOODS_1_166,28,87,71.27581701385822,-15.724182986141779,2.1578267629001906,2.472710201123913
FOODS_1_167,28,22,22.936626021574384,0.9366260215743816,0.8510835365440846,1.1473246449484886
FOODS_1_168,28,36,28.351810192019208,-7.64818980798079,1.172900111611821,1.8050721196545128
FOODS_1_169,28,19,27.115040476240953,8.115040476240953,0.9065882345261471,1.2936643836096273
FOODS_1_170,28,308,251.34831513918135,-56.651684860818655,4.43026016101326,4.7895059501716455
FOODS_1_171,28,12,18.517538248314416,6.517538248314414,0.6960917173919329,0.7293483359534443
FOODS_1_172,28,30,40.45160461312628,10.45160461312628,1.227528464751532,1.7025395310596847
FOODS_1_173,28,196,228.2193709357149,32.21937093571488,3.9977362535095757,4.469523979989281
FOODS_1_174,28,21,25.128051990308013,4.128051990308013,0.8763916366837697,1.029324290443429
FOODS_1_175,28,30,31.768438723156304,1.7684387231563052,1.1088616998267313,1.4766587944064435
FOODS_1_176,28,14,24.3818860656064,10.381886065606398,0.9023644862554562,1.0725469850871505
FOODS_1_177,28,35,30.592143153426186,-4.407856846573813,0.7106880822275431,1.0610074553360436
FOODS_1_178,28,30,24.589615372676885,-5.410384627323113,0.9734948101246809,1.3798030896437348
FOODS_1_179,28,18,22.142302935112397,4.142302935112398,0.7469979345145317,0.8557369497481128
FOODS_1_180,28,67,20.41699642311163,-46.583003576888366,1.9949416145576204,2.0185202885245506
FOODS_1_181,28,77,82.50599346690315,5.505993466903147,2.0998159536040637,2.4374264639733694
FOODS_1_182,28,47,46.42694030095521,-0.5730596990447947,1.5506894968942182,1.9050512291405592
FOODS_1_183,28,66,65.18064012489495,-0.819359875105057,1.515025114340063,2.3591641213759256
FOODS_1_184,28,58,78.64803093487436,20.648030934874356,2.0739179182469836,2.4598852661666966
FOODS_1_185,28,39,29.930966496233406,-9.069033503766594,1.297633185828382,1.8513448184415167
FOODS_1_186,28,27,32.01824852276833,5.018248522768335,0.9485101170459466,1.0818162390036612
FOODS_1_187,28,51,60.221131843859936,9.221131843859936,1.1769759828237276,1.5490818432449935
FOODS_1_188,28,44,49.03234277951694,5.032342779516934,1.5273065896414348,1.846466563891946
FOODS_1_189,28,8,22.949104788714383,14.949104788714385,0.8134625987350405,0.8258385015763484
FOODS_1_190,28,47,64.15512065811409,17.15512065811409,2.6269034097215522,3.520044795640943
FOODS_1_191,28,21,41.6255129039679,20.625512903967902,1.16312243999399,1.103837416309298
FOODS_1_192,28,55,19.51273931633976,-35.48726068366024,1.8579393208678485,2.1013600191391686
FOODS_1_193,28,13,21.776106403016406,8.776106403016405,0.7484904009321565,0.8971421396431019
FOODS_1_194,28,80,79.73951283349179,-0.26048716650820936,1.7396951575321593,2.192426939849326
FOODS_1_195,28,24,23.45345948137546,-0.5465405186245382,0.8000832656959906,1.5374704760963127
FOODS_1_196,28,96,94.77181280445019,-1.228187195549812,3.0555516674433845,4.012008122241369
FOODS_1_197,28,4,18.041657297979626,14.041657297979626,0.6030335502279198,0.3578894291808555
FOODS_1_198,28,40,38.98177643098381,-1.0182235690161971,1.332163364525719,1.950526626909107
FOODS_1_199,28,17,18.1905934663966,1.1905934663966002,0.6575526709535298,0.7501309499399075
FOODS_1_200,28,204,163.96874639227227,-40.03125360772773,4.020121813358427,4.956849784505607
FOODS_1_201,28,71,80.10771230271844,9.107712302718443,1.827632933380628,2.350382875328987
FOODS_1_202,28,12,54.37632681690061,42.37632681690061,1.5808345832855177,0.7682397122837605
FOODS_1_203,28,8,23.88939388224558,15.889393882245582,0.6594070844664709,0.4620066984214572
FOODS_1_204,28,67,63.42286032427849,-3.577139675721512,2.0867197559139763,3.0040544735566606
FOODS_1_205,28,46,62.6323408945103,16.6323408945103,1.393118561373442,1.510875247842256
FOODS_1_206,28,39,35.52056838187401,-3.4794316181259903,1.3630176440542685,1.9178269788655067
FOODS_1_207,28,38,55.025001204986424,17.025001204986424,1.409095094538861,1.5353154679436025
FOODS_1_208,28,51,65.89531592423079,14.895315924230784,1.5324355336800497,1.8292346178322294
FOODS_1_209,28,40,19.51273931633976,-20.487260683660242,1.1202666131307562,1.3895764061832643
FOODS_1_210,28,193,20.526206409775664,-172.47379359022435,6.3619057117051465,5.138068388168817
FOODS_1_211,28,11,18.092435471795934,7.092435471795933,0.7201493744257558,0.8342463808276323
FOODS_1_212,28,25,20.24925985637743,-4.75074014362257,0.7510231555914099,0.9374208334810321
FOODS_1_213,28,13,27.247209042725096,14.247209042725096,0.9596044143013078,0.9330524742272028
FOODS_1_214,28,37,35.94627948460755,-1.0537205153924474,1.280154910376872,1.764652159221912
FOODS_1_215,28,135,141.1663361064534,6.1663361064534,3.5783585622420224,4.617374940921497
FOODS_1_216,28,31,53.92880382456648,22.92880382456648,1.4646872500776917,1.4422196854344578
FOODS_1_217,28,189,224.6412452770739,35.64124527707389,4.438857357944981,5.653929821820196
FOODS_1_218,28,227,268.02369302961114,41.02369302961112,4.556307143784101,4.887173106201475
FOODS_1_219,28,107,102.69263089693754,-4.307369103062452,2.0513088811595006,2.5177947596784365
FOODS_2_001,28,15,35.713186022262825,20.713186022262825,0.8843221904931114,0.7520879601015177
FOODS_2_002,28,46,37.33230895992781,-8.66769104007219,1.5210214921916925,2.119300567334232
FOODS_2_003,28,71,49.212596535619596,-21.7874034643804,1.550998790182435,2.196982593525821
FOODS_2_004,28,41,30.708936323052253,-10.291063676947749,1.0671023753421436,1.517447779091649
FOODS_2_005,28,48,26.316017463751077,-21.683982536248923,1.1765642726633563,1.33199661617013
FOODS_2_006,28,1,14.745722798556454,13.745722798556454,0.5273456082821513,0.19932758347449575
FOODS_2_007,28,13,26.34126824676469,13.34126824676469,0.8427342491599458,0.8511739695763246
FOODS_2_008,28,17,19.609754370566673,2.6097543705666735,0.8105808370085119,1.1253065114539142
FOODS_2_009,28,58,46.37063361303285,-11.629366386967153,2.108849534263005,3.64208491839055
FOODS_2_010,28,39,27.187597131566083,-11.812402868433917,1.116747776066412,1.65454586368737
FOODS_2_011,28,22,30.794151217908365,8.794151217908366,1.0235167191201842,1.213687492069832
FOODS_2_012,28,10,19.184633873754755,9.184633873754755,0.7420138963409161,0.7247649074009164
FOODS_2_013,28,106,82.7000432168479,-23.2999567831521,1.5967601990392826,1.939695012041283
FOODS_2_014,28,33,37.18100656961073,4.181006569610731,1.0648049975928278,1.2144470337169642
FOODS_2_015,28,18,21.218342811607933,3.218342811607932,0.695949292937342,0.8714630080752073
FOODS_2_016,28,119,142.14424759200304,23.144247592003047,3.61324214522339,4.3054237020120105
FOODS_2_017,28,14,25.526659006651492,11.526659006651494,0.8766177202194237,0.9036127666902851
FOODS_2_018,28,17,31.87380586968227,14.873805869682268,0.8626092521773646,0.796546166964066
FOODS_2_019,28,202,249.2216826231895,47.221682623189515,2.4688482599096124,2.7699944886167276
FOODS_2_020,28,37,28.67520029814845,-8.324799701851548,0.9934585750323406,1.173357215446696
FOODS_2_021,28,154,162.79503675812887,8.79503675812888,3.2071710824841513,3.931033985011854
FOODS_2_022,28,29,31.83975459100009,2.839754591000091,0.8797488347126272,1.042893707345943
FOODS_2_023,28,23,51.13962326387776,28.139623263877763,1.4902051500010212,1.4632669382855612
FOODS_2_024,28,75,89.55058814224678,14.550588142246777,1.6797146851558262,2.081663889964805
FOODS_2_025,28,138,79.401996652243,-58.598003347757,2.579981591496535,2.4608622340246806
FOODS_2_026,28,71,48.51735958039673,-22.482640419603268,1.9257790026980466,2.43721109677842
FOODS_2_027,28,16,23.532107066151017,7.532107066151015,0.9359424748041926,1.1662935738663158
FOODS_2_028,28,12,25.143643477845977,13.143643477845977,0.838601144991246,0.7723496809479445
FOODS_2_029,28,183,199.82153598430443,16.821535984304447,2.3268256335710498,2.999704672007082
FOODS_2_030,28,40,50.56565473509857,10.565654735098569,1.004355379116731,1.171521904601956
FOODS_2_031,28,40,19.49186028902571,-20.50813971097429,1.3257433235035216,1.8465356463118852
FOODS_2_032,28,27,19.49186028902571,-7.508139710974291,1.0129220486369117,1.3405851178484711
FOODS_2_033,28,144,189.70644805256845,45.706448052568454,2.7070898213437107,2.704597325973901
FOODS_2_034,28,74,84.39671802191374,10.396718021913742,1.9430628554751246,2.5683396803625516
FOODS_2_035,28,105,92.66974012991322,-12.33025987008677,1.4829342756147488,1.874270570646921
FOODS_2_036,28,82,79.68709053390299,-2.312909466097011,1.5432639189050377,2.1079168783251903
FOODS_2_037,28,8,16.017715737199417,8.017715737199417,0.607098430776617,0.5951576047597649
FOODS_2_038,28,23,49.917070925580084,26.91707092558008,1.1772050984341174,0.9747967666554346
FOODS_2_039,28,8,20.01829365054922,12.018293650549221,0.6305423051662526,0.5336735959268203
FOODS_2_040,28,12,19.649050723396172,7.64905072339617,0.6781841224192756,0.6843736537299556
FOODS_2_041,28,35,38.777580124059405,3.777580124059403,1.2126945504273086,1.4693661903565653
FOODS_2_042,28,24,19.49186028902571,-4.508139710974289,0.8507654454350992,1.7011446046449028
FOODS_2_043,28,17,24.81235928710287,7.812359287102867,0.8960211899151337,1.0754725006251735
FOODS_2_044,28,25,34.25234344137046,9.252343441370467,1.2714194483226873,1.8959504052969047
FOODS_2_045,28,13,17.907674104534657,4.907674104534656,0.6845459730564255,0.790394805758889
FOODS_2_046,28,5,20.101068622627967,15.101068622627968,0.683658285147026,0.4605016962941288
FOODS_2_047,28,26,32.57622382111248,6.576223821112476,0.9718592369208026,1.1201654460752277
FOODS_2_048,28,15,17.07483447806352,2.0748344780635204,0.591793378837611,0.6737136939548478
FOODS_2_049,28,53,64.85720574680738,11.85720574680738,1.481239670370721,1.7692056644473202
FOODS_2_050,28,23,53.21851312429945,30.218513124299445,1.5555228822511897,1.319713127661498
FOODS_2_051,28,22,33.88569975223271,11.885699752232712,1.2380473268218772,1.6910123716330996
FOODS_2_052,28,47,54.417770132743904,7.417770132743902,1.1936214020979166,1.4765309121891583
FOODS_2_053,28,12,18.342761799487707,6.3427617994877075,0.61343226569585,0.6280607893399753
FOODS_2_054,28,74,73.95276786167642,-0.0472321383235732,1.1897437363472818,1.4840983939265693
FOODS_2_055,28,90,47.951716761460084,-42.048283238539916,2.3045018260511205,2.8114685520780873
FOODS_2_056,28,110,85.42212728605315,-24.577872713946853,1.8122617899506124,1.8762799859804182
FOODS_2_057,28,17,29.125772666164654,12.125772666164652,0.7489222274818169,0.7936836360432358
FOODS_2_058,28,17,19.378638569635015,2.3786385696350165,0.7720865407141434,0.8452402200197194
FOODS_2_059,28,148,153.1582873906625,5.158287390662509,2.227297455708062,2.7918866665973323
FOODS_2_060,28,42,28.251689193951826,-13.748310806048174,1.0699796788738403,1.29956831180565
FOODS_2_061,28,105,77.00025328853798,-27.99974671146202,2.3564604073449376,3.01916792669252
FOODS_2_062,28,29,30.259457123237173,1.259457123237174,0.9211426162749131,1.097458204885514
FOODS_2_063,28,56,61.342577399127755,5.342577399127752,1.2604526991992289,1.5247029812092932
FOODS_2_064,28,9,21.064845538404818,12.06484553840482,0.875160581451626,0.9303514839414007
FOODS_2_065,28,47,52.051471234508426,5.051471234508426,1.2467942177456732,1.5756573419178033
FOODS_2_066,28,0,18.00270961155526,18.00270961155526,0.6429539146984021,0.03672721532400654
FOODS_2_067,28,36,19.49186028902571,-16.50813971097429,1.3912607805831685,1.996659023308825
FOODS_2_068,28,4,14.679865179032577,10.679865179032577,0.5168196640929328,0.3573319679778584
FOODS_2_069,28,13,24.787394282245884,11.787394282245886,0.80253179241921,0.8300270134984536
FOODS_2_070,28,1,17.936851992031386,16.936851992031386,0.6253919502430615,0.17800292273663876
FOODS_2_071,28,19,19.52448986762115,0.5244898676211496,0.6806842460693401,0.8558053376938117
FOODS_2_072,28,30,33.54683709960277,3.5468370996027687,1.0597220933681486,1.2359921548874224
FOODS_2_073,28,8,18.122398042633634,10.122398042633636,0.7021841480016303,0.7196697745327327
FOODS_2_074,28,97,68.78204883181365,-28.21795116818635,2.4291259353812333,3.4672060187746
FOODS_2_075,28,161,145.69948913353832,-15.300510866461668,2.783194788908692,3.262736012893131
FOODS_2_076,28,12,18.539588619959524,6.539588619959523,0.5769137900344707,0.5909670171526048
FOODS_2_077,28,8,19.709677797152047,11.709677797152045,0.636832863879552,0.5426284893312627
FOODS_2_078,28,79,75.17161807866378,-3.828381921336214,1.2801558138770264,1.6896397236560532
FOODS_2_079,28,114,75.60336198247958,-38.39663801752041,2.086958396021037,2.2307121599839603
FOODS_2_080,28,69,19.49186028902571,-49.50813971097429,2.309952438434517,2.74681204463511
FOODS_2_081,28,61,54.58016738605479,-6.419832613945208,1.4340690082382366,2.1095725320322227
FOODS_2_082,28,94,93.39623711133389,-0.6037628886661066,1.6105327862114016,1.9314183826704818
FOODS_2_083,28,22,27.159379855116192,5.159379855116191,0.7817447145415033,0.9247916137145217
FOODS_2_084,28,33,47.8229307414248,14.822930741424802,1.6415387227449174,1.810812920292913
FOODS_2_085,28,27,43.703247374772275,16.70324737477228,1.151701377745803,1.1891623099312432
FOODS_2_086,28,98,118.5625337030211,20.562533703021096,2.363461589008326,2.8905919752469202
FOODS_2_087,28,8,18.56240137399805,10.562401373998048,0.6160621860177351,0.5347061101927768
FOODS_2_088,28,32,27.255519161725243,-4.744480838274759,0.8348297142623267,1.1245713381938442
FOODS_2_089,28,28,34.52657743205296,6.526577432052962,0.8677158592749512,0.980301516565847
FOODS_2_090,28,23,17.397312162146576,-5.602687837853425,0.5884938394008141,0.6783070451631169
FOODS_2_091,28,13,21.10505276268692,8.10505276268692,0.8519730165751375,0.9330298150459739
FOODS_2_092,28,23,32.681122986264256,9.68112298626426,0.8113824125636023,0.9588239096483135
FOODS_2_093,28,31,31.934008393194006,0.9340083931940046,0.8713271861810847,1.1538107054708213
FOODS_2_094,28,10,50.794944402260874,40.794944402260874,1.6515584719845202,0.9416756514911717
FOODS_2_095,28,41,33.77967147042908,-7.22032852957092,1.0669333196471815,1.3600275491893679
FOODS_2_096,28,7,14.679865179032577,7.679865179032578,0.5917425250831131,0.5882032450473702
FOODS_2_097,28,17,23.551659086232156,6.551659086232158,0.6489424112436931,0.7997316347957334
FOODS_2_099,28,36,35.074219231938784,-0.9257807680612169,1.1254720470287298,1.6096210816872079
FOODS_2_100,28,29,29.91918983314999,0.9191898331499901,0.8800170257778677,1.2044177901538988
FOODS_2_101,28,107,99.21129125444483,-7.7887087455551764,1.818499236934598,2.2805163622818645
FOODS_2_102,28,27,35.08099846380503,8.080998463805031,0.9157923336042318,1.03883394347816
FOODS_2_103,28,11,19.496940675495917,8.496940675495916,0.6962661498103679,0.6955461064637892
FOODS_2_104,28,38,28.60098956157275,-9.39901043842725,1.0013414070721123,1.2814610235496506
FOODS_2_105,28,16,24.219884294554184,8.219884294554184,0.9219290554494234,1.1345343664138157
FOODS_2_106,28,45,37.94063894486888,-7.059361055131121,1.099288143700537,1.40740460242692
FOODS_2_107,28,39,58.43852244135135,19.438522441351353,1.8134450305226595,1.9401872447886164
FOODS_2_108,28,30,34.56137566577376,4.5613756657737605,1.1593766550383935,1.9178197984615581
FOODS_2_109,28,31,37.80104053839879,6.801040538398788,0.9022538047024524,1.1563566486797463
FOODS_2_110,28,42,49.97270136959225,7.972701369592249,1.2507124288184759,1.692290347101683
FOODS_2_111,28,6,19.578546434434415,13.578546434434415,0.5998434411379004,0.40627621828094596
FOODS_2_112,28,72,76.2787183875297,4.278718387529697,1.5437048911785751,1.8101162905145542
FOODS_2_113,28,19,22.13261460470211,3.132614604702109,0.9498869775989348,1.3307088471350788
FOODS_2_114,28,19,20.056168663601618,1.0561686636016192,0.7718386977815592,1.013387239245585
FOODS_2_115,28,164,117.74669949800223,-46.25330050199778,2.394183338251962,2.44278904344618
FOODS_2_116,28,26,25.857369770022963,-0.1426302299770379,1.1018256217049538,1.4336840298394455
FOODS_2_117,28,6,31.30394954577579,25.30394954577579,1.073888791251561,0.6825271200590356
FOODS_2_118,28,32,39.98592898974995,7.985928989749954,1.4551464786483137,1.6599995601888422
FOODS_2_119,28,90,86.40911411457739,-3.5908858854226056,1.4175700439408474,1.7191179440227335
FOODS_2_120,28,20,23.949269285117516,3.9492692851175173,0.9446631522916235,1.134588287642036
FOODS_2_121,28,31,44.45992562959517,13.459925629595169,1.5505233203815383,1.7405359945495424
FOODS_2_122,28,20,28.358536044283454,8.358536044283454,0.8033156928709089,0.8879007363102218
FOODS_2_123,28,34,28.929557286494475,-5.070442713505525,0.7954874868071814,1.0378133522227637
FOODS_2_124,28,20,20.950720779452197,0.9507207794521984,0.9307253120039369,1.2474064454839713
FOODS_2_125,28,48,31.831439800184754,-16.168560199815246,1.414051832902134,1.6643653365828537
FOODS_2_126,28,18,62.34097715400958,44.34097715400958,1.6645436529287443,1.0088713171264776
FOODS_2_127,28,1,17.861225576420008,16.861225576420008,0.6279873098304497,0.1925054372252597
FOODS_2_128,28,264,146.00036716879822,-117.9996328312018,5.256590932983245,5.549227617607531
FOODS_2_129,28,13,14.852027261619108,1.8520272616191085,0.6172204310552052,0.6966174182436392
FOODS_2_130,28,39,44.05002089071791,5.05002089071791,1.3870283075239829,1.9307610706718477
FOODS_2_131,28,138,149.79296147404008,11.792961474040087,1.2910131547182968,1.5352774030539933
FOODS_2_132,28,36,20.586189169689675,-15.413810830310327,1.1751993129455671,1.437087766108995
FOODS_2_133,28,26,28.95168023245746,2.95168023245746,0.8519006536102556,1.1275115820757562
FOODS_2_134,28,43,47.391018441861775,4.391018441861778,1.1269919584012686,1.3834363921163568
FOODS_2_135,28,38,33.065559220817555,-4.9344407791824425,1.3663247285690532,1.8390798455966293
FOODS_2_136,28,8,22.762813311724816,14.762813311724814,0.8384272787257129,0.7655278423678121
FOODS_2_137,28,56,49.22321785303588,-6.776782146964127,1.4655954687296202,2.0730780757964666
FOODS_2_138,28,45,57.486641990870424,12.486641990870424,1.4897146444788176,1.8549668584555457
FOODS_2_139,28,51,74.84235145764282,23.84235145764282,2.0819744537847225,2.587577031163704
FOODS_2_140,28,50,56.347664032317624,6.347664032317622,1.2628041575350744,1.4620230993930308
FOODS_2_141,28,32,42.2658316736445,10.265831673644502,1.0396764671144887,1.2046030415678337
FOODS_2_142,28,37,35.53226322152216,-1.4677367784778463,1.0415856083381412,1.3568332532653453
FOODS_2_143,28,45,32.069705124978476,-12.930294875021524,1.0741732475087449,1.3411859135556536
FOODS_2_144,28,52,48.97154095291163,-3.028459047088372,1.5013242351571847,1.868312338852533
FOODS_2_145,28,110,101.5943770058186,-8.4056229941814,2.182750054634999,2.9783365709116976
FOODS_2_146,28,40,28.042563231902644,-11.957436768097358,0.9677053024858147,1.0401046120801167
FOODS_2_147,28,29,26.536100210254986,-2.463899789745015,0.7686877840409558,1.2630589315402654
FOODS_2_148,28,10,22.950589474873677,12.950589474873677,0.7327219891511981,0.6601272721370421
FOODS_2_149,28,19,38.28687099161881,19.28687099161881,1.0807174189227902,0.9856483810601618
FOODS_2_150,28,51,46.63730435966996,-4.3626956403300365,1.491911317518216,1.7763592226667173
FOODS_2_151,28,41,40.69890846805742,-0.301091531942584,1.5071716052106654,1.850298682410039
FOODS_2_152,28,127,112.24313794077011,-14.75686205922989,1.9323674752734503,2.155522980710594
FOODS_2_153,28,46,53.46611090227991,7.466110902279912,1.1497042588546889,1.532771285343803
FOODS_2_154,28,2,12.870931222748935,10.870931222748935,0.46660279715666386,0.267677427878146
FOODS_2_155,28,16,19.609754370566673,3.6097543705666735,0.8061649237560573,1.0214116018316477
FOODS_2_156,28,26,45.8891638674647,19.889163867464706,1.2583101019246061,1.227461718920335
FOODS_2_157,28,19,35.19456853446862,16.194568534468626,0.796482991630436,0.7512423574910091
FOODS_2_158,28,7,50.15503878695321,43.15503878695321,1.5549711588567485,0.5256435249235392
FOODS_2_159,28,15,19.434086803755797,4.434086803755797,0.5802347391388599,0.6330796982769272
FOODS_2_160,28,7,20.701751407340094,13.701751407340094,0.7185062162729885,0.5701255586145867
FOODS_2_161,28,13,17.12607984818805,4.1260798481880485,0.6419716282919292,0.6942333975230971
FOODS_2_162,28,54,45.71213086981982,-8.28786913018018,1.1424217485861345,1.4005615857853062
FOODS_2_163,28,20,24.200147495599523,4.200147495599522,0.931061672320167,1.021008533863317
FOODS_2_164,28,121,81.66948455128347,-39.330515448716525,2.0951750653252548,2.652090561829732
FOODS_2_165,28,7,19.834147928720693,12.834147928720693,0.7551697713195306,0.6986568898594344
FOODS_2_166,28,45,19.49186028902571,-25.50813971097429,1.5038796425875398,2.1406233523321765
FOODS_2_167,28,45,56.39192449735139,11.391924497351388,1.4440060006301878,1.680207626129494
FOODS_2_168,28,14,23.17648216908705,9.176482169087048,0.8189595951895263,0.9544203359858362
FOODS_2_169,28,6,17.936851992031386,11.936851992031386,0.6288153925474873,0.5054066019748101
FOODS_2_170,28,59,63.07648336069622,4.076483360696221,1.5067341686764941,1.7902331276546894
FOODS_2_171,28,40,44.7761209466612,4.776120946661202,1.0949441368602448,1.3564869725030946
FOODS_2_172,28,23,27.097550508911826,4.097550508911826,0.8266857434142983,0.9947947509606381
FOODS_2_173,28,43,48.44975808932716,5.449758089327164,1.0767057765570889,1.3941742844739504
FOODS_2_174,28,13,26.052235226361258,13.052235226361258,0.7934172973449761,0.7740010814724473
FOODS_2_175,28,66,101.10359353023148,35.10359353023148,2.4819033030888566,2.500059544408772
FOODS_2_176,28,52,39.50311782292879,-12.496882177071203,1.3337207400220332,1.6256293402924626
FOODS_2_177,28,24,28.26599473561178,4.265994735611779,1.2183490696093435,1.4480062348821143
FOODS_2_178,28,24,19.65058053314522,-4.349419466854778,1.0152629810002765,1.4365243763238253
FOODS_2_179,28,18,19.9901268811013,1.9901268811013009,0.8586733721644485,0.997629962583387
FOODS_2_180,28,39,37.90457071644745,-1.0954292835525465,1.4126397894760092,1.798141136895104
FOODS_2_181,28,253,274.6597602665537,21.659760266553718,4.046849150558631,4.730711747000774
FOODS_2_182,28,56,45.73137162554698,-10.268628374453021,1.607792901421449,2.031770621439819
FOODS_2_183,28,81,94.20042000124546,13.200420001245462,1.6463867304611697,1.9560092113483067
FOODS_2_184,28,77,60.33395310125107,-16.66604689874893,1.4655671691585546,1.7327493157905227
FOODS_2_185,28,47,31.51306821946581,-15.486931780534189,0.9599385323733584,1.509631229315218
FOODS_2_186,28,22,24.147066452122466,2.147066452122468,0.9798914358883388,1.1851183762862443
FOODS_2_187,28,39,19.585643227541194,-19.414356772458806,0.9716593592509666,1.1944404709383833
FOODS_2_188,28,8,21.548504361437107,13.548504361437107,0.7095109592474586,0.6455676592344217
FOODS_2_189,28,64,60.25875024801912,-3.741249751980883,1.4764639144908074,1.8871908541320754
FOODS_2_190,28,20,36.36065634945716,16.36065634945716,1.0994894235260437,1.1025669303147865
FOODS_2_191,28,8,14.717034886122613,6.717034886122613,0.5324672956784153,0.5203750495703096
FOODS_2_192,28,38,49.17655777793454,11.176557777934542,1.3957078093739332,1.5480972907266883
FOODS_2_193,28,4,19.049374966635273,15.049374966635273,0.622215932266961,0.3504003730799908
FOODS_2_194,28,41,59.13422804126911,18.13422804126911,1.0029653695661602,1.0176005847933944
FOODS_2_195,28,2,20.20290490670504,18.20290490670504,0.6943582726883578,0.2768366133670847
FOODS_2_196,28,72,75.17813930258835,3.1781393025883538,1.6374335639116162,2.077184132641852
FOODS_2_197,28,282,284.26409140793834,2.264091407938335,3.5894272916471617,4.598220454624956
FOODS_2_198,28,16,26.49666133169834,10.496661331698343,0.9581786109580042,1.0750445226538794
FOODS_2_199,28,123,127.78443461393049,4.784434613930481,2.2879789252830776,3.0667673724009346
FOODS_2_200,28,11,18.86435393361892,7.864353933618917,0.777038356141767,1.0270195870947032
FOODS_2_201,28,91,87.72951522847886,-3.2704847715211383,1.4125342029513075,1.6803941426684181
FOODS_2_202,28,43,29.227473540196776,-13.772526459803224,1.1246764937635583,1.5094723534557788
FOODS_2_203,28,44,27.97058123087987,-16.02941876912013,1.3603997259819252,1.6686159989222034
FOODS_2_204,28,252,129.9565601477591,-122.0434398522409,5.338849276408612,5.070869415403498
FOODS_2_205,28,10,20.05627709003102,10.05627709003102,0.6773580415224452,0.6386061329429145
FOODS_2_206,28,30,49.331552456402285,19.33155245640229,1.1375829058687166,1.149849001463143
FOODS_2_207,28,7,14.679865179032577,7.679865179032578,0.5519992940308208,0.5242145267919206
FOODS_2_208,28,38,27.801533825169773,-10.198466174830227,1.103341122015061,1.522862746466568
FOODS_2_209,28,15,30.688372101380406,15.688372101380404,0.9011371811854959,0.8359574634364039
FOODS_2_210,28,35,34.616892794302565,-0.38310720569743384,0.8197377607983175,1.0095420337140828
FOODS_2_211,28,22,26.13710440518104,4.13710440518104,0.8265586876813785,1.0850890772363047
FOODS_2_212,28,37,76.29152397794792,39.29152397794792,2.076178828955363,1.8398969902138653
FOODS_2_213,28,15,23.821561080038688,8.821561080038686,0.8335244418248731,0.8718560963451142
FOODS_2_214,28,36,20.12231814457419,-15.87768185542581,1.1914037671786544,1.451368642302808
FOODS_2_215,28,54,50.123239223804696,-3.8767607761953076,2.0691567713999333,2.7967245495200572
FOODS_2_216,28,29,38.06669933776516,9.066699337765156,0.844235383468553,1.0004470549485398
FOODS_2_217,28,13,23.460706896035383,10.460706896035383,0.767280224116224,0.8385190859521403
FOODS_2_218,28,45,52.359177950791896,7.359177950791896,0.9576313318143097,1.2658455484698035
FOODS_2_219,28,48,44.892918233129784,-3.107081766870219,1.1903298438282266,1.4837405463156135
FOODS_2_220,28,23,30.609760472203543,7.609760472203544,1.0584997243940626,1.2191052709004007
FOODS_2_221,28,81,78.81238566256135,-2.187614337438651,2.2284788222420806,2.965205850389277
FOODS_2_222,28,165,130.92794969413913,-34.07205030586088,2.9364224568942157,3.5272690981140973
FOODS_2_223,28,22,19.55181172656015,-2.4481882734398495,0.9347602996497616,1.223091753009565
FOODS_2_224,28,24,27.138162683441323,3.1381626834413234,0.8239836322827101,1.114492708101286
FOODS_2_225,28,66,46.34174329552004,-19.658256704479957,1.1745212774287535,1.5176764001695016
FOODS_2_226,28,2,14.806534531022924,12.806534531022924,0.5205115264394468,0.2584048914685289
FOODS_2_227,28,8,23.829732943947356,15.829732943947356,0.893605585273027,0.8637406843079256
FOODS_2_228,28,11,19.539549018661283,8.539549018661281,0.6236341967855318,0.6616009617145598
FOODS_2_229,28,10,19.49186028902571,9.49186028902571,0.6028297155244288,0.5593003524375787
FOODS_2_230,28,24,19.49186028902571,-4.50813971097429,0.9004373095124987,1.106993432930727
FOODS_2_231,28,0,19.649050723396172,19.649050723396172,0.7017518115498633,0.03645598604438099
FOODS_2_232,28,30,38.61038000778701,8.61038000778701,1.0385991123660354,1.2250410163414054
FOODS_2_233,28,42,60.89586072875398,18.895860728753977,1.1615269746300547,1.1645908694348053
FOODS_2_234,28,29,30.27821330135184,1.2782133013518404,1.0216711233171671,1.3327848451725508
FOODS_2_235,28,37,30.015001224467888,-6.984998775532112,1.000753736614171,1.341905031987319
FOODS_2_236,28,31,20.97366627912293,-10.02633372087707,0.982047999837424,1.2590377349558246
FOODS_2_237,28,30,29.9762986969187,-0.02370130308129914,1.1323168738984886,1.5823258920717698
FOODS_2_238,28,28,47.34516681896736,19.345166818967353,1.1813894615227387,1.2522883868126533
FOODS_2_239,28,14,13.235581901074214,-0.7644180989257863,0.6392378014959694,0.7886697285542635
FOODS_2_240,28,89,19.49186028902571,-69.50813971097429,2.9768975624978653,3.101077037159791
FOODS_2_241,28,227,258.57447513694797,31.574475136947985,2.462173459564464,2.786337827523104
FOODS_2_242,28,16,37.77747738523152,21.777477385231517,1.4848756451864882,1.52707653383602
FOODS_2_243,28,11,16.098562728085092,5.098562728085094,0.7270319279898215,0.8387976538076706
FOODS_2_244,28,244,259.28057608978474,15.28057608978473,3.0747477305367257,3.527574599285872
FOODS_2_245,28,44,45.42287649080668,1.4228764908066784,1.377936086065564,1.570342209515744
FOODS_2_246,28,20,19.532686451604256,-0.46731354839574313,0.9106450281035697,1.2160596234027716
FOODS_2_247,28,75,48.37589147655303,-26.624108523446967,1.848423043205964,2.504633070346852
FOODS_2_248,28,30,38.14704131837874,8.147041318378738,0.8601384561208805,1.0330517939183115
FOODS_2_249,28,72,83.00489045239291,11.004890452392907,2.0623391890767095,2.457577352234937
FOODS_2_250,28,22,18.244377397689973,-3.7556226023100265,0.6346150884001635,0.8011683089170216
FOODS_2_251,28,36,28.11833034314427,-7.881669656855731,1.0954426781577231,1.350025602705086
FOODS_2_252,28,11,19.15251525076145,8.15251525076145,0.6672053643061359,0.6680198355588508
FOODS_2_253,28,42,41.27807767205375,-0.7219223279462519,0.6878705278244289,0.9025613891228982
FOODS_2_254,28,11,18.284800995058834,7.284800995058832,0.6806519799712365,0.6953477763103213
FOODS_2_255,28,13,26.897848379078166,13.897848379078168,0.8350668786093712,0.8615553191587271
FOODS_2_256,28,35,26.195694324094628,-8.804305675905372,0.8053216173685325,1.2088143702083027
FOODS_2_257,28,70,61.778295411564294,-8.221704588435706,2.0398853394773897,2.6831870260686173
FOODS_2_258,28,22,25.125914855283693,3.125914855283692,1.0769461258088802,1.5665405704027957
FOODS_2_259,28,6,19.656183157895196,13.656183157895198,0.6556620878614465,0.48693714559845624
FOODS_2_260,28,31,30.107997963811115,-0.8920020361888826,0.9629488242310329,1.3045168234760927
FOODS_2_261,28,15,16.33919714729887,1.3391971472988673,0.6365082286029532,0.7121310612223533
FOODS_2_262,28,56,34.0921281151546,-21.907871884845402,1.435209619250634,2.0178074767505607
FOODS_2_263,28,30,45.26292930190684,15.262929301906834,1.4105538544732805,1.485649186413582
FOODS_2_264,28,35,30.24453849611129,-4.755461503888711,1.0659365137193566,1.4342359676540504
FOODS_2_265,28,14,20.394363780704847,6.394363780704846,0.6909232413960238,0.8153790297063728
FOODS_2_266,28,61,51.81305007056811,-9.186949929431886,1.2700247663630737,1.5349008004945173
FOODS_2_267,28,33,47.763468577856635,14.763468577856635,1.437146976577056,1.6309865044736218
FOODS_2_268,28,13,19.431454866784886,6.431454866784885,0.697290609316081,0.7841260227830342
FOODS_2_269,28,8,19.74833922111479,11.748339221114788,0.646490682646671,0.5462791077978367
FOODS_2_270,28,19,20.456809049614247,1.4568090496142472,0.8774230272258308,1.1108616015540675
FOODS_2_271,28,9,15.509027628238929,6.509027628238929,0.6023648873920253,0.6790827391759161
FOODS_2_272,28,44,35.4772892507988,-8.522710749201202,1.4927975785148018,1.7697595552318777
FOODS_2_273,28,20,25.397936486061084,5.397936486061083,1.11905862116876,1.3953704929490867
FOODS_2_274,28,74,75.75909017082597,1.7590901708259712,1.5573583610423325,1.9857331775580152
FOODS_2_275,28,9,23.703770696206632,14.703770696206632,0.8911476703883328,0.8150460860427922
FOODS_2_276,28,178,239.48167880593547,61.48167880593547,2.530807718181502,2.1419661943966264
FOODS_2_277,28,35,50.61618649627319,15.616186496273189,1.0136147230144823,1.1388789078589547
FOODS_2_278,28,43,27.36281082303892,-15.63718917696108,1.4093821042051198,1.8668399547355419
FOODS_2_279,28,38,39.11869578251212,1.1186957825121218,1.1178893593711532,1.3481661605295443
FOODS_2_280,28,28,24.751012463802276,-3.248987536197723,0.851831245216216,1.0386697894684755
FOODS_2_281,28,5,14.679865179032577,9.679865179032577,0.5031194238230947,0.3747123417033281
FOODS_2_282,28,19,29.915476283037854,10.915476283037853,0.7307428102345269,0.7482960348016031
FOODS_2_283,28,29,55.79806531266695,26.798065312666946,1.67004630951398,1.6589363044249013
FOODS_2_284,28,28,28.76085887740192,0.7608588774019176,0.9173639972731323,1.1472502892895275
FOODS_2_285,28,100,85.34859193828385,-14.65140806171616,1.659880693733131,3.0556279917022073
FOODS_2_286,28,42,50.52235234816341,8.522352348163409,1.439558059486918,1.634303805822469
FOODS_2_287,28,8,19.911811693294563,11.911811693294563,0.697281599347425,0.6626751977143385
FOODS_2_288,28,36,31.40209013442517,-4.597909865574831,1.072830686599828,1.6561365011019773
FOODS_2_289,28,87,76.6820062973145,-10.317993702685504,2.042013300412083,2.5382857003266395
FOODS_2_290,28,21,33.53668588158722,12.536685881587214,0.9530414763326099,1.0622961878836248
FOODS_2_291,28,38,46.22763122646909,8.227631226469091,0.9345771848704337,1.0512053758394941
FOODS_2_292,28,21,19.649050723396172,-1.35094927660383,0.8394183673544361,1.0651590927387846
FOODS_2_293,28,157,132.94354674838573,-24.056453251614272,2.220535498669931,2.7143564754359772
FOODS_2_294,28,135,108.71171922843979,-26.288280771560206,3.132024742836735,3.5491361313270597
FOODS_2_295,28,25,17.281705753034146,-7.718294246965855,0.7382427500141986,0.8941058086276423
FOODS_2_296,28,32,23.400495419286504,-8.599504580713495,0.9938451600187387,1.2673018371873546
FOODS_2_297,28,16,24.30656170734394,8.306561707343937,0.6141035198588124,0.6929060246534674
FOODS_2_298,28,18,16.548113680948468,-1.4518863190515336,0.6142293018921985,0.784743662227488
FOODS_2_299,28,72,58.16747634196534,-13.832523658034662,1.2329105794537392,1.5197346820155695
FOODS_2_300,28,9,18.65615304498071,9.656153044980707,0.6013693181394553,0.5472142345351991
FOODS_2_301,28,46,44.72409880455668,-1.2759011954433208,1.313516136915074,1.574890301290569
FOODS_2_302,28,35,48.96996059770886,13.969960597708859,1.0870249367261657,1.0988443101583205
FOODS_2_303,28,18,19.49186028902571,1.4918602890257107,0.7334921854491503,0.8529211937405765
FOODS_2_304,28,81,86.62670779366154,5.626707793661532,1.2107618032539291,1.3394018193168622
FOODS_2_305,28,5,16.02130729342949,11.02130729342949,0.5283888174103326,0.3734191186431786
FOODS_2_306,28,149,57.64925898675723,-91.35074101324277,4.865274998360592,11.819238835743414
FOODS_2_307,28,57,49.541057355930555,-7.4589426440694435,1.5157288378305103,1.8493609853470887
FOODS_2_308,28,13,19.704606817440727,6.704606817440728,0.6084671936540255,0.6337923174175883
FOODS_2_309,28,69,62.527474738804045,-6.472525261195956,1.625860226914001,2.1641356188092358
FOODS_2_310,28,12,20.55393320087481,8.553933200874809,0.7857968248906845,0.9407058246664489
FOODS_2_311,28,40,35.73594695959319,-4.2640530404068056,0.7898631338069609,1.0706716699582066
FOODS_2_312,28,12,20.141061235096384,8.141061235096382,0.6758745957883681,0.6781354026972708
FOODS_2_313,28,6,14.92207556686801,8.92207556686801,0.5120060732526072,0.4115218020397188
FOODS_2_314,28,22,23.624141982222692,1.6241419822226915,0.8245989615709804,1.0140645426239174
FOODS_2_315,28,148,126.17285803151859,-21.827141968481413,2.627445814348896,3.397828316292134
FOODS_2_316,28,104,15.238211445184533,-88.76178855481547,3.2070254696392277,1.70149360118043
FOODS_2_317,28,16,16.064830439873546,0.06483043987354509,0.6663897612750526,0.7622788554361352
FOODS_2_318,28,302,272.22387977639147,-29.776120223608547,2.4692876723020567,2.8034083271388828
FOODS_2_319,28,15,21.048407878661166,6.048407878661166,0.6179395926686878,0.6662031726864487
FOODS_2_320,28,19,30.4213277739326,11.421327773932601,0.8786457465896825,1.0089335962921935
FOODS_2_321,28,44,42.978049786945526,-1.021950213054472,1.1652670094980269,1.37541576127215
FOODS_2_322,28,23,45.57887701465883,22.578877014658833,1.0793191249225829,0.973376647794169
FOODS_2_323,28,20,35.715240113971895,15.715240113971896,0.8376005673179224,0.792259805649825
FOODS_2_324,28,21,19.609754370566673,-1.390245629433326,0.8877485629947062,1.1298894821604586
FOODS_2_325,28,153,153.77655696570926,0.7765569657092648,3.1496537268932308,3.7064443815228145
FOODS_2_326,28,389,399.68259350151686,10.682593501516845,7.594864815753253,9.483869187830145
FOODS_2_327,28,38,35.3207481806001,-2.679251819399899,1.0430663487336174,1.2779415951438122
FOODS_2_328,28,36,28.875171243017757,-7.124828756982244,0.8236691677414931,1.0301592754433084
FOODS_2_329,28,30,22.577605235649518,-7.422394764350483,0.7937137018188694,1.136160488909175
FOODS_2_330,28,29,19.23011484180251,-9.76988515819749,0.9965674376651643,1.318301610191187
FOODS_2_331,28,16,22.231184301389106,6.231184301389106,0.7929404709922067,1.0601106865536734
FOODS_2_332,28,23,21.27925063309814,-1.720749366901861,0.9531866931114994,1.4753083797848252
FOODS_2_333,28,30,56.566164027183156,26.56616402718316,1.2541425361913652,1.147707797582958
FOODS_2_334,28,72,84.45085648772016,12.450856487720161,1.1701953924970105,1.3187065303233694
FOODS_2_335,28,25,24.51463809937656,-0.48536190062344275,0.847784483500884,1.18708129773963
FOODS_2_336,28,19,20.252293035815516,1.2522930358155178,0.7907418945974195,0.9882281281001976
FOODS_2_337,28,9,18.019415988946097,9.019415988946095,0.6270622431748084,0.5985684770433631
FOODS_2_338,28,40,49.02924256483493,9.029242564834929,0.9982860190792071,1.2120785256170223
FOODS_2_339,28,36,40.36532273862457,4.3653227386245685,1.1172882944882938,1.457459882095039
FOODS_2_340,28,40,44.45281495771348,4.452814957713482,1.5628217695820588,1.816625707102815
FOODS_2_341,28,16,19.717762672896523,3.7177626728965234,0.7756956297668326,0.9225916610664538
FOODS_2_342,28,129,136.86404355032107,7.864043550321065,1.729544619535064,2.208638979532179
FOODS_2_343,28,25,51.50215404893105,26.50215404893105,1.2035917874233228,1.037642089015196
FOODS_2_344,28,40,43.20455517118947,3.204555171189472,1.0749228704409834,1.2992609413797418
FOODS_2_345,28,29,21.579741660971376,-7.420258339028626,0.882952143326886,1.1664166311695958
FOODS_2_346,28,167,145.94003511139053,-21.059964888609482,2.1214138092899812,2.5691373273677325
FOODS_2_347,28,303,288.9520429224422,-14.04795707755781,3.6898485017002813,4.333369289866094
FOODS_2_348,28,51,35.427599092525945,-15.572400907474059,1.2437284766183954,1.523379160981594
FOODS_2_349,28,116,109.3837904335772,-6.616209566422797,2.016467323445734,2.4810930978550667
FOODS_2_350,28,19,21.545729394036552,2.5457293940365515,0.6831839368639442,0.7890586846648993
FOODS_2_351,28,52,50.979630468428425,-1.020369531571574,1.4878591499973595,2.095737105573539
FOODS_2_352,28,162,192.8021349947497,30.802134994749693,2.3199802378589545,2.63489297294191
FOODS_2_353,28,37,34.01400218213377,-2.985997817866229,1.3516072698209556,1.82661281594565
FOODS_2_354,28,5,27.843320331774315,22.843320331774315,0.8456672996915799,0.42975214053420163
FOODS_2_355,28,25,28.888101953690576,3.888101953690577,1.0113409064405452,1.5099903946296374
FOODS_2_356,28,76,56.594430155218,-19.405569844782,1.8332748688017069,2.5560538470743834
FOODS_2_357,28,54,52.24610651839086,-1.7538934816091367,1.4970629680701653,1.955499620674602
FOODS_2_358,28,26,20.015489581912696,-5.984510418087304,1.0305326819240075,1.2161913293542514
FOODS_2_359,28,71,53.23557837043134,-17.764421629568663,1.6244450769984546,1.9412207415983818
FOODS_2_360,28,414,423.9070306464813,9.907030646481294,5.590859116051346,7.161094357163945
FOODS_2_361,28,50,53.67514558556099,3.675145585560993,0.9152806592852205,1.1455901730099687
FOODS_2_362,28,6,20.127706096341775,14.127706096341774,0.6434697508046426,0.45254443322416327
FOODS_2_363,28,30,19.649050723396172,-10.35094927660383,0.9680014981016638,1.2588870364306368
FOODS_2_364,28,49,73.16492379690501,24.16492379690502,1.2370208254187194,1.238411157320645
FOODS_2_365,28,23,26.25260188593966,3.25260188593966,0.7704015875961837,0.9303273166711642
FOODS_2_366,28,8,22.250864702402765,14.250864702402765,0.8054917612072451,0.6861284338382193
FOODS_2_367,28,48,30.776983843528726,-17.223016156471274,1.2879236253385389,1.5669241404228944
FOODS_2_368,28,115,108.91666328868531,-6.083336711314688,1.9388384271309769,2.385495713595898
FOODS_2_369,28,28,33.494086775270574,5.494086775270571,0.8445119850746596,1.0032978683721934
FOODS_2_370,28,22,21.313246563829576,-0.6867534361704228,0.9428938238673313,1.2841488769946525
FOODS_2_371,28,168,161.38742916291267,-6.61257083708732,2.097748789662737,2.7621660264513874
FOODS_2_372,28,25,21.655943810141995,-3.344056189858006,0.8512597855616233,1.0180795489938226
FOODS_2_373,28,34,32.27380721000277,-1.72619278999723,1.0164673611528696,1.3760469936799196
FOODS_2_374,28,79,69.20887342106448,-9.791126578935511,1.159723511660806,1.3560464589392058
FOODS_2_375,28,31,24.395555242857817,-6.6044447571421845,0.9890123088044555,1.2213645854607091
FOODS_2_376,28,43,29.716596267634664,-13.283403732365338,1.0545034471676253,1.2684191735719506
FOODS_2_377,28,40,48.25494134274772,8.254941342747717,1.5207701652305354,2.162981249405713
FOODS_2_378,28,15,19.04294412344706,4.042944123447059,0.7599828128429458,0.9030108896410662
FOODS_2_379,28,7,20.140029637872825,13.140029637872825,0.754697155722215,0.6946386769217211
FOODS_2_380,28,182,151.2599151908917,-30.7400848091083,2.4735370209986054,2.984620564416909
FOODS_2_381,28,102,94.35757827012675,-7.642421729873254,1.635546803074643,2.0433627334789293
FOODS_2_382,28,25,44.137712373298356,19.137712373298353,1.5549228267444704,1.8946761474277605
FOODS_2_383,28,77,85.7099928279222,8.70999282792221,1.8695554186080656,2.2296910642810803
FOODS_2_384,28,93,110.4174542934651,17.417454293465102,1.7116296255629464,2.190671080228736
FOODS_2_385,28,39,47.89033569950727,8.890335699507267,1.1976608773455104,1.395115638540653
FOODS_2_386,28,11,21.489329086178635,10.489329086178634,0.8297054607537712,0.837111581069069
FOODS_2_387,28,69,41.49088263317661,-27.509117366823386,1.450565077190925,1.9152592792498129
FOODS_2_388,28,64,88.32032473436519,24.32032473436518,1.4438318585014083,1.5738999443860062
FOODS_2_389,28,11,12.8697951560337,1.8697951560336992,0.5595289961917228,0.63469675600687
FOODS_2_390,28,22,26.546303000572074,4.546303000572072,0.7178775347635213,0.9091414403413206
FOODS_2_391,28,91,50.311898818222915,-40.688101181777085,2.1845272114755914,2.47343265687588
FOODS_2_392,28,30,25.87457002215011,-4.125429977849891,0.8441273721454287,1.0734205311201432
FOODS_2_393,28,28,32.172245157029565,4.172245157029566,1.1385650263746874,1.4580513334179346
FOODS_2_394,28,22,22.045715798895895,0.04571579889589339,0.6721392362331745,0.8329849805114938
FOODS_2_395,28,8,18.872532742445863,10.872532742445863,0.6184860284679115,0.5283081921916084
FOODS_2_396,28,81,73.31193527586571,-7.688064724134294,1.6049887492816073,2.1221407760821016
FOODS_2_397,28,19,27.99466454644005,8.994664546440047,0.9977861191309226,1.1020582130224919
FOODS_2_398,28,43,54.27427640464062,11.274276404640613,1.255950691546938,1.5206591483261775
FOODS_2_399,28,73,65.79816371913988,-7.201836280860127,1.5368343205808497,1.8949664223645848
FOODS_3_001,28,69,53.99840774309788,-15.001592256902121,1.5834639641340087,2.1025061662539275
FOODS_3_002,28,44,24.52346305932789,-19.47653694067211,1.7244859641578916,2.401898461582039
FOODS_3_003,28,41,31.480936529956075,-9.519063470043923,0.986885704447371,1.2032091485874827
FOODS_3_004,28,13,19.885232184999044,6.885232184999044,0.7307068265088439,0.8506846994418258
FOODS_3_005,28,4,19.548227592514575,15.548227592514577,0.6890300283938892,0.4430642489743655
FOODS_3_006,28,25,23.923468421585245,-1.0765315784147547,0.8501779666045114,1.0514204057887704
FOODS_3_007,28,209,214.73785617352928,5.737856173529295,5.457122930828655,7.381481314597513
FOODS_3_008,28,56,41.507756531501336,-14.492243468498666,2.115148861389183,2.9858146532472953
FOODS_3_009,28,16,22.715047216720752,6.715047216720752,0.6114078357666489,0.6850182236008158
FOODS_3_010,28,31,42.19818658338137,11.198186583381368,0.8900039951772812,0.9531480833430215
FOODS_3_011,28,45,43.502703028391124,-1.4972969716088769,1.3914948944924672,2.067879466443904
FOODS_3_012,28,31,36.59315392008092,5.593153920080921,1.0197849646847685,1.1474251631144616
FOODS_3_013,28,56,28.574454039581767,-27.425545960418233,1.293543335139695,1.546208457372863
FOODS_3_014,28,44,37.17766570488792,-6.82233429511208,1.2489822415949525,1.6297562641172811
FOODS_3_015,28,67,28.42874456177563,-38.57125543822437,1.8988078730682694,2.2650665746081198
FOODS_3_016,28,29,44.393441968928535,15.393441968928535,1.2103115660765515,1.3835404548510213
FOODS_3_017,28,7,19.598413917408955,12.598413917408953,0.5958398468720547,0.43798086695094746
FOODS_3_018,28,16,36.21728978536474,20.217289785364745,1.1844622877047049,1.0696138513530333
FOODS_3_019,28,37,39.54100070534551,2.5410007053455095,0.8156713371885643,1.001478410632978
FOODS_3_020,28,200,252.33606834998147,52.33606834998148,4.429909943574598,5.11210701667689
FOODS_3_021,28,41,36.782755747777216,-4.217244252222782,1.2132075964383573,1.5639532945445078
FOODS_3_022,28,13,19.66674040175473,6.666740401754732,0.5540953618282357,0.566465274377288
FOODS_3_023,28,109,92.57607968886796,-16.42392031113203,1.4826570805377344,1.7395888909854744
FOODS_3_024,28,1,116.84899056879424,115.84899056879424,4.137463948885508,2.2427406366866354
FOODS_3_025,28,64,31.28085314211536,-32.71914685788464,1.7891709547409198,2.049313423608816
FOODS_3_026,28,47,31.640309710915858,-15.359690289084142,1.2470256762222716,1.7650971928839443
FOODS_3_027,28,6,25.189797068135025,19.189797068135025,0.8570020869712051,0.5936118677589273
FOODS_3_028,28,31,23.208690712541546,-7.791309287458453,1.181648830486882,1.79894204906191
FOODS_3_029,28,32,52.20896553782989,20.20896553782989,1.2834467488000827,1.3529285426342494
FOODS_3_030,28,197,196.9580753403828,-0.04192465961719449,2.5628214799845104,3.2139645231532796
FOODS_3_031,28,40,40.12575325928958,0.1257532592895776,1.2327459565596752,1.8944323510065149
FOODS_3_032,28,64,70.94363414237391,6.943634142373915,1.2452317149386882,1.517495428497525
FOODS_3_033,28,12,25.81631559231928,13.816315592319283,0.7773329854719419,0.7079658887693439
FOODS_3_034,28,83,58.926571922233165,-24.073428077766835,1.819131417266519,2.2102428228721505
FOODS_3_035,28,15,23.06982997180406,8.069829971804063,0.8219269726748505,0.973182839993459
FOODS_3_036,28,12,20.456458826466047,8.456458826466047,0.6974906225875078,0.7082145489357555
FOODS_3_037,28,95,125.71404082805574,30.714040828055744,2.4313549965511787,3.028747714356536
FOODS_3_038,28,20,18.80208791707559,-1.1979120829244114,0.8918649162090404,1.1957577892754494
FOODS_3_039,28,201,189.71737494152055,-11.282625058479455,2.0528521299672255,2.423734593181648
FOODS_3_040,28,26,32.3035124913525,6.303512491352501,0.860551391574613,1.2655685495490823
FOODS_3_041,28,119,108.1419648156351,-10.85803518436489,1.7123977669845396,2.6440238134311214
FOODS_3_042,28,83,59.04058405568543,-23.95941594431457,1.1726724824880648,1.3898121613741217
FOODS_3_043,28,16,24.465237381824764,8.465237381824766,0.5255771122506682,0.5776948396506116
FOODS_3_044,28,21,24.8098231471652,3.8098231471652015,0.7369484098566526,1.063352354077609
FOODS_3_045,28,19,22.791245003123564,3.791245003123563,0.9174362384370653,1.0273469682317597
FOODS_3_046,28,43,36.22585538576147,-6.774144614238528,1.401979698545738,2.5262023907136397
FOODS_3_047,28,15,53.535419580833725,38.535419580833725,1.9175363827549288,1.5081218921949322
FOODS_3_048,28,45,61.31715929727556,16.31715929727556,2.176127627280242,2.6332243074377923
FOODS_3_049,28,28,25.85563963768407,-2.144360362315928,0.8402232534383988,0.988163837267619
FOODS_3_050,28,5,19.538194433722428,14.538194433722426,0.6735365714193177,0.4735971171462592
FOODS_3_051,28,37,30.410430188968643,-6.589569811031357,0.7827236146229827,1.0727283822279123
FOODS_3_053,28,62,88.97499736549071,26.974997365490708,1.8486670676250834,1.9568044266429874
FOODS_3_054,28,126,45.26354888007894,-80.73645111992106,3.5817698705034897,3.78749146892074
FOODS_3_055,28,18,28.221134896606703,10.221134896606703,0.6675525499138214,0.7418704498725056
FOODS_3_056,28,10,20.811639555711462,10.811639555711462,0.7235184320184942,0.8379953732461377
FOODS_3_057,28,24,27.694577078614504,3.694577078614506,1.0126964029587535,1.3359078388858976
FOODS_3_058,28,60,57.736753587591785,-2.2632464124082134,1.5285037918918445,2.100944239392124
FOODS_3_059,28,72,83.68704288517267,11.687042885172675,2.832655100060417,3.6995344263976615
FOODS_3_060,28,44,46.994019266635135,2.994019266635135,1.130212913708188,1.44260017212751
FOODS_3_061,28,28,29.776629353340674,1.7766293533406732,0.7995698532098479,1.1389911145455427
FOODS_3_062,28,33,56.53731836048212,23.537318360482118,1.6301132162505543,1.6700387690414444
FOODS_3_063,28,31,56.140709207301605,25.140709207301605,1.7731841020494699,1.7329643477161032
FOODS_3_064,28,119,140.63402724816567,21.634027248165673,2.716769595630215,3.2908804630206467
FOODS_3_065,28,22,32.132912386311084,10.132912386311087,0.8615713993947126,0.9791043283431756
FOODS_3_066,28,168,189.07039983380383,21.07039983380382,2.1887946852427507,2.5881518281176734
FOODS_3_067,28,133,99.4400218177655,-33.5599781822345,1.908521366583212,2.3178712445567973
FOODS_3_068,28,23,33.91398395434702,10.913983954347016,0.9491220970298342,1.0041042651799539
FOODS_3_069,28,0,45.961831206387444,45.961831206387444,1.6414939716566945,0.0352094532123669
FOODS_3_070,28,150,146.20843569582277,-3.791564304177238,5.760699459389956,7.126276125860632
FOODS_3_071,28,79,45.88973707528431,-33.11026292471569,1.8791614164691788,2.3773712352374083
FOODS_3_072,28,48,38.99042866977775,-9.00957133022225,1.2048190385156168,1.3588307586922999
FOODS_3_073,28,0,19.649050723396172,19.649050723396172,0.7017518115498633,0.03645598604438099
FOODS_3_074,28,79,57.5515806678439,-21.4484193321561,1.6417425912865244,2.29067926169664
FOODS_3_075,28,28,35.6019798960859,7.601979896085899,0.9090218501964555,1.0526230501946086
FOODS_3_076,28,150,206.93518775145543,56.93518775145543,2.798513788836471,2.652896102967816
FOODS_3_077,28,66,28.759766488213263,-37.240233511786734,2.475239618722052,2.6688625783401165
FOODS_3_078,28,8,20.97051102770616,12.97051102770616,0.6635308865656598,0.5411751368984923
FOODS_3_079,28,57,71.80138921761083,14.801389217610826,1.330786142384755,1.5029512144799018
FOODS_3_080,28,393,341.21508762778103,-51.78491237221897,3.167170407950628,3.8596909008860116
FOODS_3_081,28,42,40.72985939835593,-1.2701406016440746,1.2200859874025605,1.5833708669248525
FOODS_3_082,28,34,29.47207949078821,-4.527920509211789,1.016289667993107,1.2987500454321832
FOODS_3_083,28,92,85.0888895845196,-6.9111104154803975,1.5046900851451122,2.342548401179914
FOODS_3_084,28,14,25.817076077730388,11.817076077730388,0.7178500629645413,0.7106940989250191
FOODS_3_085,28,27,46.41732875251852,19.417328752518525,1.018634412986406,0.9540800384209703
FOODS_3_086,28,559,338.79173497285245,-220.20826502714752,10.106217412122342,11.215365392641068
FOODS_3_087,28,168,189.10113125612386,21.101131256123878,2.5458822625234845,3.4667376337390046
FOODS_3_088,28,17,22.234931668219396,5.234931668219396,0.7604490942155119,0.8422094897983686
FOODS_3_089,28,0,51.78440773700595,51.78440773700595,1.8494431334644983,0.06880184675343186
FOODS_3_090,28,3357,2851.5410904144874,-505.45890958551286,25.53681976839778,27.77168173329346
FOODS_3_091,28,28,41.429890829027755,13.429890829027753,1.0020872922435988,1.0644471112787885
FOODS_3_092,28,12,49.148976325979035,37.148976325979035,1.8049956111550567,1.3993641044941216
FOODS_3_093,28,63,73.1366937928873,10.136693792887304,2.156746192364347,2.789210239936951
FOODS_3_094,28,47,42.323473251992674,-4.67652674800733,0.9375807810352841,1.3555331337369723
FOODS_3_095,28,23,20.460032555046922,-2.5399674449530782,0.8429397283919069,1.0732698378246506
FOODS_3_096,28,32,32.393411246307245,0.39341124630724567,1.0798144826311864,1.2816932796942988
FOODS_3_097,28,94,98.98431933395025,4.9843193339502605,2.373709525155255,2.8444511199375775
FOODS_3_098,28,34,43.64183367078817,9.641833670788174,0.9758570081045246,1.0944143534885016
FOODS_3_099,28,295,290.3328862277424,-4.667113772257579,3.383574012407678,4.536132650268683
FOODS_3_100,28,54,52.34342678236452,-1.656573217635481,1.2815847804824512,1.5727776041012786
FOODS_3_101,28,114,145.95323279084246,31.953232790842453,2.339107965420895,2.6097228104192585
FOODS_3_102,28,31,31.914609754054354,0.9146097540543532,1.024483319683211,1.1929256300112674
FOODS_3_103,28,35,33.59641382765727,-1.4035861723427288,0.9052282276807849,1.1412276535235224
FOODS_3_104,28,33,37.65429767685496,4.65429767685496,0.957570777401803,1.2620723248773127
FOODS_3_105,28,34,30.82507336621241,-3.1749266337875874,0.970444372387439,1.3285724874168945
FOODS_3_106,28,103,144.564073363462,41.564073363462,3.321932059868189,3.71038470174466
FOODS_3_107,28,305,234.3118353254401,-70.68816467455991,3.9428772084185937,4.6916926758423365
FOODS_3_108,28,140,135.38874515257731,-4.611254847422681,2.7856171637190767,3.3130428969941614
FOODS_3_109,28,91,104.25810375736579,13.258103757365783,1.8766495509309478,2.340481761135128
FOODS_3_110,28,24,17.849790789694453,-6.150209210305549,0.779272927916435,0.9924833879042216
FOODS_3_111,28,31,26.55070346323065,-4.449296536769348,0.7533964128080609,1.014740939878028
FOODS_3_112,28,119,93.46008311188793,-25.53991688811208,1.919460431060828,2.6303535297362806
FOODS_3_113,28,102,113.7521623198867,11.75216231988669,2.442394007226548,2.9405349286674056
FOODS_3_114,28,57,44.08342099536537,-12.916579004634631,1.4874349171207037,1.8405023171366408
FOODS_3_115,28,34,37.409834036058754,3.409834036058758,0.9622490052752571,1.2374569943864109
FOODS_3_116,28,136,103.80096256460183,-32.19903743539816,2.682244124782116,3.459727846828349
FOODS_3_117,28,60,49.82194491312688,-10.178055086873126,1.8603536308152648,2.4253873012458493
FOODS_3_118,28,101,101.74921084952187,0.7492108495218699,1.7486375727257495,2.340821296517637
FOODS_3_119,28,26,22.89152214294792,-3.1084778570520784,0.9519062427967333,1.3290903948579023
FOODS_3_120,28,1617,1736.2024691393985,119.20246913939866,20.89637899218075,26.125043406043208
FOODS_3_121,28,169,179.047831721178,10.047831721177992,2.6028899993373704,3.0807124802223242
FOODS_3_122,28,22,28.587363959570524,6.5873639595705225,0.6250653229365248,0.7374725327567391
FOODS_3_123,28,34,25.35920699276101,-8.64079300723899,1.052777151594073,1.6216369477054813
FOODS_3_124,28,193,110.17809994004384,-82.82190005995616,3.554588502888444,3.5795419060483646
FOODS_3_125,28,105,56.51440506915874,-48.48559493084126,3.0289036770140085,4.643434633205588
FOODS_3_126,28,67,76.82925254904734,9.829252549047343,1.4598974966816363,1.9279217469931254
FOODS_3_127,28,94,115.00212250998091,21.002122509980907,1.490714377138581,1.5597581615481442
FOODS_3_128,28,33,21.46455908868097,-11.53544091131903,0.878321719849151,1.1587551981548518
FOODS_3_129,28,49,51.76962268363764,2.76962268363764,0.8509138431997519,1.0724044933345114
FOODS_3_130,28,61,47.83942710333044,-13.160572896669557,1.7818917349098888,2.373982181694744
FOODS_3_131,28,91,136.64456897077784,45.64456897077784,2.3631083073836985,2.3205283086538917
FOODS_3_132,28,37,44.87881063511338,7.87881063511338,0.7659668781802705,0.9048357657867583
FOODS_3_133,28,178,210.0343345160353,32.034334516035294,4.20190287086139,4.771686116832391
FOODS_3_134,28,120,121.26622992175808,1.2662299217580757,1.8667300120859307,2.330060437737307
FOODS_3_135,28,376,336.4138714987115,-39.586128501288485,3.701178352593732,4.222048312902358
FOODS_3_136,28,151,134.24321036088043,-16.756789639119567,1.6367290304672184,2.0622272400020036
FOODS_3_137,28,13,20.30751199174871,7.307511991748711,0.6060162662093135,0.629644094037031
FOODS_3_138,28,74,76.96958166278472,2.9695816627847123,1.5050642077172909,1.9496337370325463
FOODS_3_139,28,92,68.12843101610174,-23.87156898389826,1.4700793226295303,1.5636867408264552
FOODS_3_140,28,159,101.92406550217626,-57.075934497823745,2.7959317949730833,2.7503358558071027
FOODS_3_141,28,20,23.81302345334564,3.8130234533456404,0.8971225209193692,1.27118679105139
FOODS_3_142,28,139,106.47592292810911,-32.524077071890886,3.0156266194292733,3.767618526236183
FOODS_3_143,28,33,35.08390254608102,2.083902546081019,0.8902917758960067,1.3557460226301692
FOODS_3_144,28,126,106.24205846474027,-19.75794153525974,2.1092884762168547,2.539244025990403
FOODS_3_145,28,11,21.958330985551722,10.958330985551722,0.7356538331840472,0.7360039571988678
FOODS_3_146,28,142,100.31815629433635,-41.68184370566365,2.879486918245963,3.38573099461564
FOODS_3_147,28,45,115.3737490344227,70.3737490344227,3.5142837998089855,2.991008972547828
FOODS_3_148,28,143,151.80717273189256,8.807172731892557,3.7337723163015597,4.699196194109294
FOODS_3_149,28,45,29.891449405920778,-15.108550594079224,1.215939746912816,1.793220528988114
FOODS_3_150,28,241,238.66509515538735,-2.334904844612657,5.611572517552305,6.715165181690915
FOODS_3_151,28,233,169.37812804940714,-63.621871950592855,3.2872026332661135,3.240729785885356
FOODS_3_152,28,103,28.531446439051308,-74.46855356094869,2.8994936746303104,2.4542049633571845
FOODS_3_153,28,46,28.84359528839392,-17.156404711606076,1.2270126559598584,1.4262427388761305
FOODS_3_154,28,26,36.31934635409412,10.319346354094126,0.7650102229871029,0.8731537416272327
FOODS_3_155,28,14,25.659546362742766,11.659546362742764,0.7728754984351676,0.8212178848736473
FOODS_3_156,28,50,46.49004474813528,-3.5099552518647172,1.1510898517167454,1.367967189769963
FOODS_3_157,28,41,36.32387591408077,-4.676124085919231,1.5100540229658066,1.815136826091087
FOODS_3_158,28,11,19.278090323011753,8.278090323011753,0.6771391770732655,0.7168176679455817
FOODS_3_159,28,13,25.929415977312864,12.929415977312864,0.6753116187907624,0.6443636518134639
FOODS_3_160,28,61,31.174173148211175,-29.825826851788825,2.034128602657827,3.224162779843298
FOODS_3_161,28,21,21.093512891873214,0.09351289187321354,0.7440047693920809,0.87508047000349
FOODS_3_162,28,21,34.75737724590279,13.75737724590279,1.1763733030113614,1.283535703160458
FOODS_3_163,28,73,80.38714703738992,7.387147037389919,1.6012202238116244,1.9340576427306233
FOODS_3_164,28,13,22.517233927390905,9.517233927390903,0.6627841909065114,0.6674966204815492
FOODS_3_165,28,9,19.098134873101575,10.098134873101575,0.6902878149430947,0.6506747043789042
FOODS_3_166,28,68,68.0796775125317,0.07967751253169597,1.4128663369286942,1.6528920366475797
FOODS_3_167,28,62,87.93744839885524,25.937448398855235,2.2876877771103343,2.469298576336795
FOODS_3_168,28,23,30.359633942439032,7.359633942439032,1.0254111570245754,1.404550300583037
FOODS_3_169,28,53,74.24346477138192,21.24346477138192,1.8057643696083816,2.111466180209627
FOODS_3_170,28,26,30.017464314036093,4.017464314036095,0.9920066766582726,1.0750028117589991
FOODS_3_171,28,1,19.649050723396172,18.649050723396172,0.6856978218306379,0.1879875563302756
FOODS_3_172,28,68,54.43512744162472,-13.56487255837528,1.4044036770116715,1.896595153784548
FOODS_3_173,28,18,25.068668625166296,7.068668625166298,0.8456807912447387,1.1106656262047698
FOODS_3_174,28,60,66.78941885357943,6.789418853579441,1.614938232985412,1.8615473072957167
FOODS_3_175,28,18,33.41329727180472,15.413297271804723,1.3258360204667183,1.3734498233990633
FOODS_3_176,28,47,75.36626861592752,28.366268615927524,2.1894983112113473,2.3838422283897485
FOODS_3_177,28,70,131.09061835732155,61.09061835732156,2.5997266695718593,2.0888433810731826
FOODS_3_178,28,40,36.969818866000914,-3.030181133999088,0.7970334225867137,1.178001537710994
FOODS_3_179,28,17,21.929512376636612,4.929512376636613,0.6162111608050881,0.6967135157381154
FOODS_3_180,28,16,23.479549966831367,7.479549966831368,0.6170223486869677,0.676845732599215
FOODS_3_181,28,67,102.51553256296215,35.51553256296215,1.48366710573406,1.323572482353268
FOODS_3_182,28,37,31.286256780443644,-5.713743219556357,1.1233740812832889,1.9953463149851247
FOODS_3_183,28,55,48.463439292951065,-6.536560707048931,1.2375049570554748,1.534149880296702
FOODS_3_184,28,62,66.77110444492759,4.77110444492758,1.4006489060396476,1.6579867852226369
FOODS_3_185,28,32,50.53333321878705,18.53333321878705,1.1178314243792284,1.1022370639107166
FOODS_3_186,28,22,26.057099415638532,4.057099415638533,0.6615238074790609,0.9113256462270432
FOODS_3_187,28,93,63.11153532518595,-29.888464674814053,2.04284228154167,2.490515861715783
FOODS_3_188,28,15,19.62417435471063,4.624174354710629,0.7178094248992206,0.8222673610010981
FOODS_3_189,28,13,21.859461930531385,8.859461930531383,0.7700750046309386,0.9040242799517062
FOODS_3_190,28,61,63.386665692195834,2.3866656921958374,1.507781454054743,1.7985553330796913
FOODS_3_191,28,62,53.09476608681463,-8.905233913185372,1.4616848782907172,1.8443652665941266
FOODS_3_192,28,143,108.69676241490603,-34.30323758509397,1.9271063819490177,2.2403524528236503
FOODS_3_193,28,5,19.783881996521558,14.783881996521558,0.671772458346777,0.45927752825827806
FOODS_3_194,28,48,20.12518831416146,-27.87481168583854,1.1006293522913932,1.0379506005379417
FOODS_3_195,28,44,35.61050054449254,-8.389499455507458,0.9317790726696992,1.2073301107738355
FOODS_3_196,28,15,26.084725481745668,11.084725481745668,0.6767278809041143,0.7384235534238724
FOODS_3_197,28,31,28.697036041426216,-2.302963958573785,0.9681739143405333,1.8773223051522678
FOODS_3_198,28,29,20.77394296671649,-8.22605703328351,1.1124504635956023,1.7327763683066224
FOODS_3_199,28,29,38.04339927705567,9.04339927705567,1.199651677685058,1.376689569632241
FOODS_3_200,28,36,38.61245304856602,2.6124530485660182,1.5000291261983452,1.9227415071468026
FOODS_3_201,28,103,95.33105863628191,-7.668941363718098,1.6311161891795394,2.219836008145838
FOODS_3_202,28,560,591.6814469248031,31.68144692480311,4.4196330026213815,5.368583575853332
FOODS_3_203,28,81,91.15273031039395,10.152730310393947,1.8069899996174128,2.1842111203153314
FOODS_3_204,28,17,23.825132592622325,6.8251325926223245,0.8245878718397737,0.9621193963809341
FOODS_3_205,28,42,49.100645425510855,7.100645425510854,1.6552662699445333,2.05374451968287
FOODS_3_206,28,67,27.036008506899044,-39.963991493100956,1.8658406989696146,1.9879049320839195
FOODS_3_207,28,37,36.32679796631028,-0.673202033689718,1.1849081642394161,1.616726864730818
FOODS_3_208,28,56,54.51198995968951,-1.4880100403104901,1.9900168405128194,2.360695721711007
FOODS_3_209,28,4,24.563080885496632,20.563080885496632,0.7687267694216781,0.3691540841777133
FOODS_3_210,28,3,19.856528774590174,16.856528774590174,0.766956098177804,0.5717003279576525
FOODS_3_211,28,47,34.61244013407624,-12.387559865923764,1.4485191321359834,1.9868986746143542
FOODS_3_212,28,50,36.264769656911774,-13.73523034308823,1.046261400334272,1.226366447268161
FOODS_3_213,28,42,32.12882903602243,-9.87117096397757,1.221762412815981,1.7483653712094118
FOODS_3_214,28,58,73.72643332646355,15.72643332646355,1.684867024984191,1.9222795158609318
FOODS_3_215,28,71,61.06645318891383,-9.933546811086169,1.1899635176541496,1.5849552482273912
FOODS_3_216,28,15,23.13631998426645,8.13631998426645,0.7219551935619171,0.7569412040075841
FOODS_3_217,28,37,39.07663413777474,2.0766341377747404,0.9513951245232241,1.2513759295164375
FOODS_3_218,28,26,24.116176757503656,-1.8838232424963448,0.5869602242126842,0.8165055406294623
FOODS_3_219,28,172,156.76354223259128,-15.23645776740873,3.547291528050889,5.0475603745702315
FOODS_3_220,28,6,20.927995907296765,14.927995907296767,0.7541387372239834,0.5788652535064547
FOODS_3_221,28,31,27.452139663537054,-3.5478603364629455,0.6984460203436346,0.849843872317564
FOODS_3_222,28,32,34.628675075199894,2.6286750751998933,0.9252176176980969,1.1476337153223777
FOODS_3_223,28,5,19.969954470799156,14.969954470799156,0.6723061711707581,0.4479656385607812
FOODS_3_224,28,46,47.14401791251944,1.1440179125194383,1.052030747916102,1.2662532912613413
FOODS_3_225,28,41,46.56587151502688,5.5658715150268785,1.3533239352726287,1.6287874539125773
FOODS_3_226,28,238,166.82889850639273,-71.17110149360727,2.913362021460489,2.5661461409919064
FOODS_3_227,28,123,123.69087467327176,0.6908746732717717,2.1990767093330996,2.5878618526261876
FOODS_3_228,28,173,184.76554881471887,11.765548814718873,2.19355817981419,2.638166451070704
FOODS_3_229,28,15,24.06109485416665,9.061094854166653,0.7096127214002178,0.8019254895604702
FOODS_3_230,28,103,118.37139380425289,15.371393804252895,1.348521594006266,1.831672179128234
FOODS_3_231,28,223,131.71915851430307,-91.28084148569693,3.692478618131278,3.4829423370106247
FOODS_3_232,28,82,62.34407565346944,-19.65592434653056,1.2326278722529138,1.4092350467781884
FOODS_3_233,28,481,695.1463746918705,214.14637469187056,8.525129155068512,6.016621869244348
FOODS_3_234,28,2,311.0152754113637,309.0152754113637,11.036259836120133,2.5454605522961042
FOODS_3_235,28,20,21.396927274537497,1.396927274537497,0.8054512611507333,1.0225311468130551
FOODS_3_236,28,132,209.48604354890227,77.48604354890227,2.9393114738558177,1.9970431822812036
FOODS_3_237,28,44,60.37785602381481,16.377856023814807,1.8697916120725364,2.172561270411864
FOODS_3_238,28,133,130.7179203649003,-2.2820796350997004,2.287487532349896,2.8654338377731987
FOODS_3_239,28,29,28.79654740741975,-0.20345259258024972,0.7820910050988098,1.1026607138569564
FOODS_3_240,28,25,52.71259875580614,27.71259875580614,1.958841915693347,1.9118748192902184
FOODS_3_241,28,93,45.32814440173081,-47.67185559826919,2.1905031906705634,2.239986965941006
FOODS_3_242,28,54,56.761697892051366,2.7616978920513677,0.9627614180185547,1.2816984685409492
FOODS_3_243,28,25,35.969517393528676,10.969517393528672,0.9779812152867046,1.0289438621910563
FOODS_3_244,28,24,21.284663989188953,-2.7153360108110483,0.7238607627461534,0.97747264693193
FOODS_3_245,28,191,159.92481439157416,-31.075185608425848,2.090132738895955,2.6214340787677837
FOODS_3_246,28,0,49.296537241610395,49.296537241610395,1.7605906157717999,0.3803768924182237
FOODS_3_247,28,21,37.70813940171783,16.70813940171783,1.167420465533693,1.2338712778731327
FOODS_3_248,28,39,47.87556108297221,8.87556108297221,0.9150620820158634,1.1115670577906487
FOODS_3_249,28,85,85.58958202787488,0.5895820278748851,1.4245913832323798,1.9011853360859223
FOODS_3_250,28,38,51.11890620959656,13.118906209596558,0.8685145335044366,1.003917768716902
FOODS_3_251,28,43,30.709861578424288,-12.290138421575712,0.9698204036125777,1.1824458682892351
FOODS_3_252,28,1405,1085.8254333334687,-319.1745666665313,13.582047937586472,13.1104977397775
FOODS_3_253,28,57,52.7833910870181,-4.216608912981898,1.0490273678666446,1.2957049338011415
FOODS_3_254,28,19,25.58371341984966,6.583713419849659,0.8837620258849039,0.9633016208724497
FOODS_3_255,28,21,22.567565797330843,1.5675657973308421,0.7265099245053429,0.9543614633559978
FOODS_3_256,28,1,19.649050723396172,18.649050723396172,0.6898624023915625,0.19914353019978273
FOODS_3_257,28,64,79.22106320500689,15.221063205006892,1.4398095507560484,1.6118676293960097
FOODS_3_258,28,151,119.75801528909162,-31.241984710908383,1.9866661722716397,2.388809187606695
FOODS_3_259,28,124,162.40311772575706,38.40311772575706,1.8060696406438872,1.7322504496888924
FOODS_3_260,28,12,21.997508362137598,9.997508362137596,0.8066247852104408,0.8336211490635054
FOODS_3_261,28,108,101.7162576044734,-6.283742395526598,1.2958017133188704,1.658800769833625
FOODS_3_262,28,28,28.6093179386787,0.6093179386786982,0.9349492402904277,1.139057612839323
FOODS_3_263,28,432,419.5086089731544,-12.491391026845603,3.5006753610273718,4.900404341892251
FOODS_3_264,28,38,32.92033648757772,-5.07966351242228,1.1092440786307178,1.232320039989077
FOODS_3_265,28,101,96.01126701315255,-4.988732986847445,2.0991372548952865,2.6199406367364046
FOODS_3_266,28,7,20.740937859861546,13.740937859861546,0.672239419480283,0.5198668825043591
FOODS_3_267,28,34,44.08053918336948,10.080539183369483,0.9785662228459321,1.2922961382068712
FOODS_3_268,28,14,20.723198612745076,6.723198612745078,0.8123825671630278,0.9119533784228782
FOODS_3_269,28,29,31.544339955437714,2.544339955437712,0.6323270010714462,0.7813108600544617
FOODS_3_270,28,38,42.00988121479581,4.009881214795809,1.021388795490309,1.162719575859328
FOODS_3_271,28,1,18.92074857731201,17.92074857731201,0.6649234133416001,0.19695485875771904
FOODS_3_272,28,41,25.297429308365388,-15.702570691634614,1.2068612715907425,1.887360960379378
FOODS_3_273,28,67,63.71634878754525,-3.283651212454748,1.6596855534785147,2.007636065461454
FOODS_3_274,28,44,44.72636696244078,0.7263669624407765,1.2758422009255745,1.8186724253122324
FOODS_3_275,28,12,23.039555813863686,11.039555813863684,1.0927745557776147,1.326999373144247
FOODS_3_276,28,1,19.673355379226116,18.673355379226116,0.685022987667326,0.18994794949487553
FOODS_3_277,28,65,69.9167975784822,4.916797578482201,2.121205938977426,2.8066801575360816
FOODS_3_278,28,46,53.35603551699808,7.356035516998077,1.2488870503372689,1.6575101643897774
FOODS_3_279,28,52,113.67173016783002,61.67173016783002,2.592141284207942,1.940307703019562
FOODS_3_280,28,22,33.47191972199718,11.471919721997184,0.6745059215110757,0.7323611474898395
FOODS_3_281,28,440,464.0881903027607,24.08819030276075,7.065022631640114,8.862165617803237
FOODS_3_282,28,745,1245.7336691175026,500.73366911750253,17.961754397592802,10.973768888841041
FOODS_3_283,28,59,145.56139718249207,86.56139718249206,3.091478470803288,1.6088595161980475
FOODS_3_284,28,16,20.51133535351646,4.511335353516461,0.7162954411600891,0.7768048357421347
FOODS_3_285,28,114,128.2378389493824,14.2378389493824,2.6051273229795733,3.107692527796556
FOODS_3_286,28,36,27.377769364354855,-8.622230635645145,0.9139489035164409,1.069957790385707
FOODS_3_287,28,23,25.411542238646703,2.4115422386467027,0.8086527209968672,0.9711967512329303
FOODS_3_288,28,993,926.361076778295,-66.63892322170497,5.192755017836352,6.393398038813746
FOODS_3_289,28,36,37.35272064418936,1.352720644189362,0.9601504761203424,1.21732230616148
FOODS_3_290,28,27,55.2786744309192,28.278674430919207,1.5964396397925456,1.640872682050366
FOODS_3_291,28,69,66.3864559481836,-2.6135440518164006,1.4251539938302062,1.7529212715785925
FOODS_3_292,28,177,147.1141352728598,-29.88586472714018,2.245035932337184,2.6393033503487424
FOODS_3_293,28,12,21.009148621622163,9.009148621622163,1.0837012966990904,1.6913151614944806
FOODS_3_294,28,101,61.08698015721866,-39.91301984278134,2.0481227084003044,2.60019041740447
FOODS_3_295,28,380,446.49612667673864,66.49612667673865,6.294457124836419,7.192521906940246
FOODS_3_296,28,32,32.856712112414066,0.8567121124140624,0.8663416453722194,1.1724938216683802
FOODS_3_297,28,24,28.111722636728096,4.1117226367280955,0.9220617727543935,1.0802165419051242
FOODS_3_298,28,28,27.38224087753622,-0.6177591224637811,0.9498865979742213,1.183788347621401
FOODS_3_299,28,256,217.7071637768636,-38.29283622313638,4.41021314084596,5.693331202572965
FOODS_3_300,28,84,107.73292039192067,23.732920391920672,2.611003554731748,2.9900653957976506
FOODS_3_301,28,39,41.92372334321601,2.9237233432160137,1.0126705033535515,1.2133656336645533
FOODS_3_302,28,149,137.44740097547754,-11.552599024522477,2.055356931561127,2.6440165514480687
FOODS_3_303,28,24,23.533117757321534,-0.46688224267846423,0.7555887974949088,0.9099473025252336
FOODS_3_304,28,121,94.81401292208452,-26.185987077915485,2.2531651471089105,3.148327133093085
FOODS_3_305,28,115,132.99519576472593,17.995195764725942,1.8287520915848734,2.2420248169578114
FOODS_3_306,28,15,61.59180468195318,46.59180468195318,1.7518061981531805,0.876357166371408
FOODS_3_307,28,265,275.99966340793503,10.999663407935008,2.2291979936203714,2.8161949666046664
FOODS_3_308,28,19,23.880475984917894,4.880475984917892,0.5117139265681357,0.6223654245079842
FOODS_3_309,28,11,20.015270899536905,9.015270899536905,0.5781270608235249,0.5515686410914238
FOODS_3_310,28,61,65.28573515377214,4.285735153772134,1.6294389425280922,2.1027096882338525
FOODS_3_311,28,53,45.73088274486478,-7.269117255135223,1.02117308808247,1.2908414136407875
FOODS_3_312,28,27,32.66103677522115,5.661036775221145,0.8762121873396886,1.0238069986851472
FOODS_3_313,28,316,358.8546705156045,42.854670515604504,4.115452130480022,5.0410731961067805
FOODS_3_314,28,42,29.302693889285155,-12.697306110714843,1.1545115752135602,1.7216928046335493
FOODS_3_315,28,2,23.246261890194752,21.246261890194752,0.7866670017343539,0.3062092932150963
FOODS_3_316,28,38,37.27312484414431,-0.7268751558556867,0.6728812100470721,1.0128958277231164
FOODS_3_317,28,76,83.60495658404183,7.604956584041837,2.375443724222482,3.135990496680825
FOODS_3_318,28,566,627.6602539306168,61.660253930616804,6.08532375999544,7.087078010756143
FOODS_3_319,28,2,194.80278895390308,192.80278895390308,6.885813891210824,3.9832696635253457
FOODS_3_320,28,48,54.63959288957398,6.639592889573983,1.4153396084682404,1.65744040702378
FOODS_3_321,28,133,130.49860762616706,-2.5013923738329478,2.1166485547421905,2.799666422339639
FOODS_3_322,28,118,149.5336036254931,31.533603625493097,3.4070074386688893,3.69743801916653
FOODS_3_323,28,17,25.85126142117694,8.851261421176938,0.7361713329283065,0.9155553838171946
FOODS_3_324,28,246,44.68256416695619,-201.31743583304382,7.194981872820741,4.908159042149495
FOODS_3_325,28,33,37.41425970935236,4.414259709352354,1.0999502503511025,1.2855621320881858
FOODS_3_326,28,62,60.43443839261045,-1.5655616073895515,2.019354211067386,2.8959166960488196
FOODS_3_327,28,70,56.68480145511464,-13.315198544885366,1.7177320424371236,2.301885226974295
FOODS_3_328,28,22,34.65247915133187,12.652479151331871,0.8008596136789359,0.846232279369038
FOODS_3_329,28,612,717.560660205212,105.560660205212,8.12896002329487,9.14862932864554
FOODS_3_330,28,74,73.03903363735822,-0.9609663626417797,1.7113279107978008,2.1832609368589235
FOODS_3_331,28,49,46.99725384815636,-2.0027461518436405,1.285687817464682,1.6605805717997757
FOODS_3_332,28,62,73.15738943892285,11.15738943892285,1.2679126142968191,1.55192488719737
FOODS_3_333,28,56,89.83203561809249,33.83203561809249,2.0919954843438417,2.0659586352410906
FOODS_3_334,28,37,44.14335574668115,7.14335574668115,1.148512320699491,1.3232006616135057
FOODS_3_335,28,54,52.934265636420335,-1.0657343635796686,1.6451978257432585,1.9747186341821517
FOODS_3_336,28,58,29.695624094049865,-28.30437590595014,2.052513776864102,3.1879451816652504
FOODS_3_337,28,8,19.20482921501879,11.204829215018789,0.6111194597131199,0.5167130557454896
FOODS_3_338,28,2,21.123441447830057,19.123441447830057,0.7508875857338502,0.3334933858844118
FOODS_3_339,28,185,162.12872695535864,-22.871273044641367,3.3712447369794263,4.06422808768116
FOODS_3_340,28,37,40.198502204005806,3.198502204005802,0.8590800838357618,1.2345558142429247
FOODS_3_341,28,7,19.42609760086254,12.426097600862539,0.6334963370977945,0.4987737866055542
FOODS_3_342,28,165,221.22072986599238,56.220729865992375,3.233920329021804,3.080782785659066
FOODS_3_343,28,7,18.872532742445863,11.872532742445863,0.68094714447046,0.6451472153978481
FOODS_3_344,28,80,66.72607290143686,-13.273927098563131,1.525203998948665,2.4402803265841913
FOODS_3_345,28,8,21.448447160363898,13.448447160363898,0.7763306526231044,0.6735103464832519
FOODS_3_346,28,72,61.3075805221431,-10.692419477856903,1.5664016996210641,1.9262834709906542
FOODS_3_347,28,53,58.71396806292496,5.713968062924963,1.6443328483149495,2.1644486652269808
FOODS_3_348,28,242,298.8568400103622,56.85684001036219,4.219974160675851,4.825619791976095
FOODS_3_349,28,268,298.2754857706779,30.27548577067791,3.779659530232825,4.4074843203233875
FOODS_3_350,28,9,36.759945387250006,27.75994538725001,1.1889471737725101,0.7933110671033295
FOODS_3_351,28,178,220.76452416442146,42.76452416442146,3.6206008253901287,4.0432837732173486
FOODS_3_352,28,30,31.919871307456408,1.919871307456407,0.7124213549013997,0.9600328127181126
FOODS_3_353,28,16,17.945315415741007,1.9453154157410077,0.7091840900825371,0.8316981203950105
FOODS_3_354,28,52,76.89599039468858,24.89599039468858,1.4109669948059762,1.5241156233655786
FOODS_3_355,28,89,89.24905667089081,0.24905667089080463,2.862629172327837,3.3893640484281486
FOODS_3_356,28,73,59.77010499618215,-13.229895003817852,1.4906790975789765,1.8799102848045874
FOODS_3_357,28,17,24.350997128438365,7.3509971284383635,0.6645648828200358,0.7382472121496523
FOODS_3_358,28,21,26.060231128953856,5.0602311289538555,0.6809049717242086,0.8478608764516639
FOODS_3_359,28,21,20.284783293792856,-0.7152167062071451,0.7864259589818821,0.943989190638692
FOODS_3_360,28,6,21.98189449982383,15.981894499823829,0.6657157487472896,0.43462485651236316
FOODS_3_361,28,59,53.50597704801291,-5.4940229519870885,1.0818004627234887,1.392789370485735
FOODS_3_362,28,313,927.4258783660234,614.4258783660234,22.491452268093315,15.574617778699714
FOODS_3_363,28,182,150.86445971714747,-31.13554028285254,3.370628442552935,4.882030896163262
FOODS_3_364,28,20,25.522997120139255,5.522997120139256,0.8814909353462042,1.1435700852401365
FOODS_3_365,28,18,19.945471477697534,1.9454714776975326,0.8778745341227286,1.1029869145003524
FOODS_3_366,28,22,28.31644161060148,6.316441610601479,0.7604120581960608,0.9551834942650751
FOODS_3_367,28,124,110.84548860901474,-13.154511390985261,2.4575232534130516,3.572547085544725
FOODS_3_368,28,45,71.71146460468903,26.711464604689027,1.370517609023454,1.3393096054112033
FOODS_3_369,28,123,98.56034597249842,-24.439654027501582,2.0397254261551874,2.5349453256763828
FOODS_3_370,28,272,223.76820095908352,-48.231799040916485,2.972449564769886,3.4383552771974895
FOODS_3_371,28,18,22.625798935255588,4.625798935255587,0.6665931546969104,0.8017775463644753
FOODS_3_372,28,164,205.63619878757237,41.636198787572354,2.8568368549319243,3.2503537955021287
FOODS_3_373,28,36,29.249393473810812,-6.750606526189188,1.1525052838221992,1.3613885226108233
FOODS_3_374,28,18,19.535071148435478,1.5350711484354773,0.783468729315247,0.9441643012966464
FOODS_3_375,28,13,21.027580333722476,8.027580333722478,0.6928446421822793,0.7064271681790819
FOODS_3_376,28,112,176.84754056390852,64.84754056390851,3.79250390127817,3.807336157030533
FOODS_3_377,28,327,290.2185340735395,-36.78146592646052,2.943192112295244,3.5510699116707234
FOODS_3_378,28,53,50.61743449507771,-2.3825655049222894,0.9313410009269398,1.1412422547969114
FOODS_3_379,28,33,25.108505243792496,-7.891494756207502,1.5755124988917089,3.617851265785182
FOODS_3_380,28,10,20.17742122127619,10.177421221276191,0.6690395771828533,0.6228499287968806
FOODS_3_381,28,104,21.160989139367857,-82.83901086063214,3.058238326938333,1.9557080507959352
FOODS_3_382,28,50,286.5503466747781,236.55034667477807,8.596344653100877,8.649585104542917
FOODS_3_383,28,33,55.48862399454651,22.488623994546508,1.1079671480054958,1.0865188354836488
FOODS_3_384,28,14,20.930588457904673,6.930588457904672,0.7201445540074373,0.8813479821613974
FOODS_3_385,28,74,57.22349511660751,-16.77650488339249,1.3964148872624993,1.909912867716739
FOODS_3_386,28,67,94.04528868194859,27.0452886819486,1.5177494736141706,1.5462718135598925
FOODS_3_387,28,41,53.060632154433875,12.060632154433874,1.5722999858365816,1.866673332575868
FOODS_3_388,28,41,48.72328296012495,7.7232829601249495,0.970507298839867,1.1879017318392793
FOODS_3_389,28,503,456.7443816998762,-46.255618300123764,4.2033966487309,5.63035110929997
FOODS_3_390,28,43,40.76964543353726,-2.2303545664627444,0.9098702534829547,1.1794752608801886
FOODS_3_391,28,27,59.10129464762536,32.10129464762536,1.4542275253174353,1.2722063356422648
FOODS_3_392,28,30,35.83943078738533,5.839430787385333,0.8848867061043154,1.1004256552083267
FOODS_3_393,28,242,193.4467891391668,-48.55321086083318,2.9751825510269905,3.208552444226555
FOODS_3_394,28,45,45.3519577340871,0.35195773408710185,1.1190245305435,1.3644444218536333
FOODS_3_395,28,20,21.5775579800337,1.5775579800337,0.6803558967360879,0.9705054958848442
FOODS_3_396,28,20,29.84641540156189,9.846415401561892,0.684130453861792,0.7488697897664821
FOODS_3_397,28,10,19.50590131463593,9.505901314635933,0.6051750095644021,0.5614474812779602
FOODS_3_398,28,57,53.118000338730596,-3.881999661269403,1.1592672810082938,1.5967015127901558
FOODS_3_399,28,174,121.78694035348613,-52.21305964651387,4.8225080263008575,5.64247367146882
FOODS_3_400,28,29,37.87163201507032,8.871632015070318,0.6506427705608958,0.8219544994467431
FOODS_3_401,28,13,20.94282986037688,7.94282986037688,0.6039368275631232,0.6220994220458068
FOODS_3_402,28,19,24.082256860200644,5.082256860200645,0.7403698602575031,0.8755230069738454
FOODS_3_403,28,337,399.6698723147001,62.66987231470012,4.8692796265502825,6.185212182266483
FOODS_3_404,28,2,155.19514203055448,153.19514203055448,5.471255072519803,3.117015798283406
FOODS_3_405,28,41,39.6164679780858,-1.3835320219142,1.0064184317008527,1.3861861096666197
FOODS_3_406,28,364,381.2896755033736,17.289675503373598,4.973180935288061,6.05520670707683
FOODS_3_407,28,96,103.77745369234691,7.77745369234691,1.7585118372593078,2.218301087002815
FOODS_3_408,28,6,20.01106285652968,14.01106285652968,0.7142178642181486,0.557096529758188
FOODS_3_409,28,18,22.01567543787124,4.015675437871243,0.7955420842533296,0.9671432670927407
FOODS_3_410,28,36,24.77558046139316,-11.22441953860684,1.155814421794189,1.412984645996971
FOODS_3_411,28,35,25.37718424215697,-9.622815757843028,1.0423666325457466,1.2116988627950933
FOODS_3_412,28,161,198.93774256412155,37.93774256412155,3.4861448833780315,4.080425018397976
FOODS_3_413,28,153,176.3959970431708,23.395997043170816,2.562601794575326,3.110606341796322
FOODS_3_414,28,38,34.5970132780958,-3.4029867219041976,1.390239415711564,1.6317898840173326
FOODS_3_415,28,37,40.59732469263228,3.597324692632281,1.0519831590838968,1.2712479570266515
FOODS_3_416,28,34,25.902865323216467,-8.097134676783533,0.7562195566402298,0.9506950221065701
FOODS_3_417,28,21,29.276349999124225,8.276349999124227,0.9160401087937454,1.148277829777061
FOODS_3_418,28,65,72.03425993807525,7.034259938075246,1.4955023835508328,1.797886587753071
FOODS_3_419,28,32,20.438515225163083,-11.561484774836918,1.2087023955554577,1.8524231161426947
FOODS_3_420,28,12,15.595608523079632,3.595608523079632,0.7150552884474133,0.886401870262562
FOODS_3_421,28,12,25.658327660674146,13.658327660674146,0.8129673333329226,0.882246477176583
FOODS_3_422,28,68,65.1284400494393,-2.8715599505606937,1.5023505260070091,1.8754851458192616
FOODS_3_423,28,89,79.24541669691011,-9.75458330308989,1.259329909001728,1.5455422704849737
FOODS_3_424,28,30,30.786277861332138,0.7862778613321397,0.799098663792939,1.0235849443743368
FOODS_3_425,28,20,21.94873667099865,1.9487366709986482,0.986635266284873,1.3821155336146358
FOODS_3_426,28,43,33.424844067863944,-9.575155932136056,1.1017948996741467,1.451393354388775
FOODS_3_427,28,13,21.352085104678935,8.352085104678935,0.6974988544715365,0.7129598065131226
FOODS_3_428,28,44,47.925205760119916,3.9252057601199173,1.3703646645454028,1.922349073124321
FOODS_3_429,28,33,37.20169937097322,4.20169937097322,0.6116654694468954,0.725896828065491
FOODS_3_430,28,20,24.39041695236671,4.39041695236671,1.169843599416206,1.7693705709503789
FOODS_3_431,28,71,91.47940212615215,20.479402126152145,1.8042458367557128,2.45830364191848
FOODS_3_432,28,48,57.93437352011121,9.934373520111206,1.0811328605109878,1.3171724052788043
FOODS_3_433,28,78,74.27396969580812,-3.7260303041918754,2.134552448288116,2.7171638500928696
FOODS_3_434,28,38,34.08707898814331,-3.9129210118566857,1.0413433022301246,1.4123491692188526
FOODS_3_435,28,118,103.57311650509847,-14.426883494901535,1.95538812273563,2.4675966056224823
FOODS_3_436,28,122,81.48897013101208,-40.51102986898792,2.7943639708732957,3.203499805465295
FOODS_3_437,28,27,53.00007000066492,26.000070000664916,1.4071796632692835,1.2572160597195523
FOODS_3_438,28,76,71.99777338596064,-4.002226614039362,2.0952330618147688,2.9279252864646548
FOODS_3_439,28,92,112.61860007266851,20.61860007266851,1.479659886230166,1.6328228826054167
FOODS_3_440,28,54,48.27367818120069,-5.72632181879931,1.8504581745089264,2.3445744915128364
FOODS_3_441,28,0,17.907674104534657,17.907674104534657,0.6395597894476663,0.03528802965691116
FOODS_3_442,28,9,19.667635576941187,10.667635576941189,0.6248562276695596,0.5466749574583601
FOODS_3_443,28,29,25.13800301316137,-3.8619969868386312,0.7804619279796938,1.0369710037366016
FOODS_3_444,28,281,17.907674104534657,-263.09232589546536,9.805079064591606,8.25950663275397
FOODS_3_445,28,33,46.38230581582725,13.382305815827255,1.6615256406221408,2.6311175970314684
FOODS_3_446,28,149,144.2351004414461,-4.764899558553892,3.209866548522573,3.992625536602409
FOODS_3_447,28,0,24.60671758177947,24.60671758177947,0.8788113422064097,0.1605159961425736
FOODS_3_448,28,115,24.701555325256777,-90.29844467474322,3.3956820651230566,3.010370799130548
FOODS_3_449,28,194,280.7400264640774,86.74002646407742,3.8277183522944056,3.7124314244249113
FOODS_3_450,28,52,48.31112567625437,-3.6888743237456323,1.1125022649039267,1.3717486380075206
FOODS_3_451,28,36,52.41039160363328,16.41039160363328,1.4815982185687735,1.6911481568957656
FOODS_3_452,28,15,22.853435415230795,7.853435415230795,0.8116896573281098,0.8883960675132337
FOODS_3_453,28,23,27.9620008268045,4.962000826804499,0.7349086231522355,0.8818858227182982
FOODS_3_454,28,168,151.74779826834163,-16.252201731658374,4.83657873122331,7.264326112426803
FOODS_3_455,28,265,176.50516183098188,-88.49483816901814,3.515906782370421,3.063752990764698
FOODS_3_456,28,13,22.622406250226163,9.622406250226165,0.6284773425804212,0.6334633098772117
FOODS_3_457,28,38,38.028308548899105,0.02830854889910195,1.114557246472603,1.494285639708514
FOODS_3_458,28,471,470.33817737435305,-0.6618226256469395,3.8883213662474345,4.888889766003403
FOODS_3_459,28,84,82.64126815018187,-1.358731849818121,2.043422116229944,2.3546397759474185
FOODS_3_460,28,46,107.32078835496249,61.32078835496248,2.273423741788751,1.6378158989221543
FOODS_3_461,28,33,49.93129372108478,16.931293721084778,1.736502856804785,1.996977596848787
FOODS_3_462,28,162,209.3377405596896,47.33774055968959,3.3915737758716196,3.832533440752384
FOODS_3_463,28,18,30.24828536800484,12.24828536800484,0.6967317797963284,0.7223480582234946
FOODS_3_464,28,31,34.8005583470365,3.800558347036496,0.9493183019176915,1.1360904771954785
FOODS_3_465,28,17,23.49438351429049,6.49438351429049,0.7846477374615121,0.8826789971545153
FOODS_3_466,28,0,19.649050723396172,19.649050723396172,0.7017518115498633,0.03645598604438099
FOODS_3_467,28,28,29.79469334096923,1.7946933409692272,0.8808533716855856,1.2388670483989548
FOODS_3_468,28,132,112.35659271093651,-19.643407289063493,1.704036338965968,2.291062274966688
FOODS_3_469,28,176,171.156768182268,-4.8432318177320095,2.2572387302934054,2.8443085831268893
FOODS_3_470,28,40,40.015601181656926,0.01560118165692348,1.330424897842436,1.633244380214485
FOODS_3_471,28,5,21.56745013169333,16.56745013169333,0.7148249065919147,0.45407521714137467
FOODS_3_472,28,10,20.753413892850542,10.753413892850542,0.7228992310112893,0.7260201491163258
FOODS_3_473,28,174,149.5687177737532,-24.4312822262468,1.968680373658211,2.5084234575621798
FOODS_3_474,28,98,222.4730210951733,124.4730210951733,4.88734790401629,2.815482833117727
FOODS_3_475,28,54,57.67582807001642,3.675828070016423,1.3493722852774865,1.5895789411329087
FOODS_3_476,28,73,102.40235776698336,29.402357766983354,1.533578744614204,1.6889496555067096
FOODS_3_477,28,120,122.86566628620847,2.865666286208458,2.3691414278110523,2.7395420413987046
FOODS_3_478,28,42,28.24372222949414,-13.75627777050586,1.4893048623367833,2.418791621091595
FOODS_3_479,28,62,58.3156640853265,-3.6843359146735,2.2304673611689907,3.510579554016205
FOODS_3_480,28,33,43.75398268794895,10.753982687948948,1.236018060535952,1.814754780299737
FOODS_3_481,28,66,84.63767118372795,18.63767118372795,1.4546004707864264,1.696222744540509
FOODS_3_482,28,86,79.31394954827161,-6.686050451728395,1.1906200031359813,1.4338752621057895
FOODS_3_483,28,47,19.649050723396172,-27.35094927660383,1.4138266962414243,1.5720574705180814
FOODS_3_484,28,13,19.51963024963776,6.51963024963776,0.560466954149878,0.5753079296219089
FOODS_3_485,28,64,81.63388202743803,17.633882027438027,1.2454386489029827,1.3067996519691794
FOODS_3_486,28,11,26.972642855629548,15.972642855629548,1.0780222272383655,1.0521955894142752
FOODS_3_487,28,92,81.57178256522506,-10.428217434774933,1.3310819486634886,1.7803903184776937
FOODS_3_488,28,39,35.58464369441947,-3.415356305580529,1.1868145705909623,1.6010044011143256
FOODS_3_489,28,74,74.58168249784838,0.5816824978483788,1.6035062755161071,1.8706144475020545
FOODS_3_490,28,13,23.937185685375823,10.937185685375821,0.5963681925061587,0.5905446787480241
FOODS_3_491,28,265,285.89423762525774,20.89423762525773,4.181818667578967,4.962776181988796
FOODS_3_492,28,32,28.09595985005223,-3.9040401499477726,1.0394634287074078,1.418354669337691
FOODS_3_493,28,35,58.48237875437996,23.482378754379962,1.4816155992931563,1.5492636624793779
FOODS_3_494,28,17,24.78543298341328,7.785432983413278,0.9334146860138857,1.1337795373229278
FOODS_3_495,28,30,33.910647499856914,3.910647499856918,1.1983097544023587,1.7995308568521098
FOODS_3_496,28,46,43.160791456063116,-2.839208543936884,1.349783264871092,1.5953131771079037
FOODS_3_497,28,19,51.69381930771239,32.69381930771239,1.4443681549393657,1.1022965274712717
FOODS_3_498,28,287,257.02925550243555,-29.970744497564453,6.296605208967288,9.557589981833667
FOODS_3_499,28,502,723.7285225584495,221.7285225584495,10.503889432564497,9.657693607794489
FOODS_3_500,28,37,31.361219824822758,-5.63878017517724,1.1736354282261592,1.5670598574615933
FOODS_3_501,28,429,456.2583794708858,27.258379470885796,6.2345512288186224,7.670784886037207
FOODS_3_502,28,41,76.44056642710146,35.44056642710146,1.5057449620215064,1.3578841300218003
FOODS_3_503,28,176,247.22873012446,71.22873012445999,3.373608619922932,3.207855515954441
FOODS_3_504,28,65,63.168230161702134,-1.8317698382978684,1.0728806068212415,1.2934874293329657
FOODS_3_505,28,108,112.70345797341672,4.7034579734167234,1.9801132607999534,2.477224437175148
FOODS_3_506,28,15,19.48494180535889,4.484941805358888,0.8295892993994229,0.9858568781130175
FOODS_3_507,28,9,19.82537671792549,10.825376717925488,0.6610332205452163,0.604885163635578
FOODS_3_508,28,54,55.10683870669828,1.1068387066982766,1.612074341002253,2.5615171006527566
FOODS_3_509,28,54,65.66437580251876,11.664375802518759,1.6819405190607488,2.4661860932202426
FOODS_3_510,28,30,30.976333020840787,0.9763330208407871,0.5711879480070814,0.7761426394776363
FOODS_3_511,28,290,270.70590536066203,-19.294094639337985,2.8938705686428827,3.7387654910439143
FOODS_3_512,28,3,19.391143997449934,16.391143997449934,0.652390676236668,0.318291633005621
FOODS_3_513,28,84,62.82146411979966,-21.178535880200343,1.7450712642528552,2.0921984002366965
FOODS_3_514,28,124,84.23552160203805,-39.76447839796195,2.8490582726257014,3.9587362702516793
FOODS_3_515,28,103,104.03477131278359,1.0347713127835911,2.725046131829161,3.635698861583702
FOODS_3_516,28,292,319.10078411617843,27.10078411617841,3.809747554044909,4.65151149293892
FOODS_3_517,28,27,25.834620691641792,-1.1653793083582091,0.8453236267217888,1.079730580845909
FOODS_3_518,28,19,30.619534340108437,11.619534340108437,0.8120642068957645,0.876799240344773
FOODS_3_519,28,97,104.2401891657277,7.240189165727703,2.4834784196017954,3.4569836958123403
FOODS_3_520,28,42,36.76071261348869,-5.239287386511304,0.8467232735971372,0.9918602216396805
FOODS_3_521,28,10,20.723985627809608,10.723985627809608,0.7241040694685449,0.6733730234115012
FOODS_3_522,28,27,23.24813254074552,-3.7518674592544805,1.5482190102244373,2.858379238149722
FOODS_3_523,28,56,69.2921988250457,13.292198825045705,1.4820807955235782,1.7276460819136854
FOODS_3_524,28,0,86.56485363802427,86.56485363802427,3.091601915643724,1.3558694707834806
FOODS_3_525,28,29,144.53971418059768,115.53971418059768,4.126418363592775,2.3715616722628927
FOODS_3_526,28,20,165.01537091894318,145.01537091894318,5.179120389962256,1.3636108288112316
FOODS_3_527,28,23,19.43289241815818,-3.56710758184182,0.6994603933565389,0.918601489610606
FOODS_3_528,28,12,24.028844766689367,12.028844766689367,0.6741840402493964,0.6379389465371499
FOODS_3_529,28,22,34.35698019180047,12.356980191800469,0.896668114346075,0.9529126585454084
FOODS_3_530,28,88,63.144970220798825,-24.85502977920118,1.507701006488696,1.6109398850955363
FOODS_3_531,28,26,25.602172417027177,-0.3978275829728226,1.004659196679945,1.155505649018837
FOODS_3_532,28,54,89.58817988523742,35.58817988523742,1.8347504246801303,1.587085671337162
FOODS_3_533,28,32,50.80830082166937,18.80830082166937,1.1616415688517825,1.2083390899354363
FOODS_3_534,28,156,106.73943823191985,-49.26056176808015,2.446806282511662,2.48197902164202
FOODS_3_535,28,60,58.86444044557953,-1.1355595544204669,1.3290712837801917,1.9558082219820874
FOODS_3_536,28,46,38.01323826946447,-7.986761730535525,1.7866322444465719,3.300897062686958
FOODS_3_537,28,55,55.09266082546311,0.09266082546311183,1.2111919520686334,1.4962218281445605
FOODS_3_538,28,25,45.961831206387444,20.961831206387444,1.1938589960805317,1.107092832943866
FOODS_3_539,28,24,25.154991066084698,1.154991066084697,0.9837533154397908,1.2527921235793202
FOODS_3_540,28,210,216.72325581891204,6.723255818912035,2.6030837876736217,3.2532662480508745
FOODS_3_541,28,4,204.63682754583994,200.63682754583994,7.165600983779997,4.138612840846042
FOODS_3_542,28,12,20.00352811300388,8.003528113003881,0.6204956951884679,0.6808703163506734
FOODS_3_543,28,14,19.52436403850783,5.52436403850783,0.7352339868245459,0.8248930384185781
FOODS_3_544,28,40,40.12021520800463,0.12021520800463126,1.0372478344376745,1.2728713748480638
FOODS_3_545,28,48,58.50736751524981,10.507367515249811,1.7074519493841123,2.265804960572998
FOODS_3_546,28,59,107.62083419404767,48.620834194047674,1.9674095327238759,1.8217748806223941
FOODS_3_547,28,195,212.49114268730614,17.49114268730613,6.598654958263909,11.536816446471832
FOODS_3_548,28,2,19.766924074659805,17.766924074659805,0.675058410284522,0.2621516661086601
FOODS_3_549,28,30,22.927048633755653,-7.072951366244348,0.9816921035021854,1.2659416928657845
FOODS_3_550,28,29,39.22488714211238,10.224887142112381,1.2080845449111985,1.3763000924464952
FOODS_3_551,28,85,58.82477624616458,-26.175223753835418,1.7235240628351605,1.9729611577410766
FOODS_3_552,28,40,52.85719863792716,12.857198637927166,1.1367993875242928,1.2808189315256207
FOODS_3_553,28,41,32.72388253074444,-8.27611746925556,1.3513368646373176,2.276286200269027
FOODS_3_554,28,11,19.299335641579006,8.299335641579004,0.7286333747951296,0.7826644436855236
FOODS_3_555,28,907,795.2476588357603,-111.75234116423971,6.381257565277571,7.096982543186851
FOODS_3_556,28,20,20.37993844426205,0.37993844426204937,0.7724116680601917,0.9387979216839432
FOODS_3_557,28,90,51.75401634744642,-38.24598365255358,2.1600117905190097,2.8624594354095
FOODS_3_558,28,32,25.869037380511205,-6.130962619488795,1.0986069498351623,1.266253576542969
FOODS_3_559,28,22,25.127774339971793,3.127774339971795,0.9024610727802586,1.051403759433319
FOODS_3_560,28,68,83.80304337808322,15.80304337808322,1.7143203920473096,1.9611753866823711
FOODS_3_561,28,97,139.48799920711193,42.48799920711192,2.4476879483907474,2.4929901415799707
FOODS_3_562,28,114,121.69763294461193,7.697632944611918,1.8131592163522259,2.180472277794108
FOODS_3_563,28,0,19.649050723396172,19.649050723396172,0.7017518115498633,0.03645598604438099
FOODS_3_564,28,16,30.6586807562962,14.6586807562962,0.7785297796936207,0.7547920375911239
FOODS_3_565,28,107,93.43825574680889,-13.561744253191106,1.6364539701606957,2.2401874558278747
FOODS_3_566,28,172,193.68608972975818,21.686089729758187,3.6197480198432435,4.730951268684962
FOODS_3_567,28,5,19.386864534608016,14.386864534608016,0.6243648985863531,0.3919842090892662
FOODS_3_568,28,127,125.02668483878767,-1.9733151612123327,2.0596931758099344,2.7596226613707064
FOODS_3_569,28,40,63.015525600774986,23.01552560077499,1.4193725847556051,1.450153960074029
FOODS_3_570,28,234,167.93947523649595,-66.06052476350405,3.340699489077692,3.900732928825479
FOODS_3_571,28,10,29.33809511350426,19.33809511350426,0.9459953290747413,0.7501181156342961
FOODS_3_572,28,344,336.0811684436474,-7.918831556352574,3.509337268505505,4.3966247144561885
FOODS_3_573,28,127,155.572335136102,28.57233513610199,3.2348792334757923,3.75489033839095
FOODS_3_574,28,77,138.88732924030947,61.887329240309484,2.4003390571674745,1.8290778991277683
FOODS_3_575,28,11,25.160736862958178,14.160736862958178,0.8505999258389335,0.787145287749657
FOODS_3_576,28,10,25.00878557138239,15.00878557138239,0.6943183669296226,0.5833220446751525
FOODS_3_577,28,57,49.199163125393234,-7.800836874606768,1.0731030038647886,1.3263364674447058
FOODS_3_578,28,173,25.61682233255744,-147.38317766744257,5.263684916694378,3.3001511089742084
FOODS_3_579,28,23,30.85468859481208,7.854688594812081,0.7636438648640472,0.9228793623639096
FOODS_3_580,28,223,188.8574141755331,-34.1425858244669,5.394873454473296,9.219887318450013
FOODS_3_581,28,55,52.74046577704842,-2.259534222951576,1.6227134752747232,1.9670194976095228
FOODS_3_582,28,65,36.49510053483103,-28.504899465168968,1.5015926776360335,2.024680025650567
FOODS_3_583,28,116,112.57639282324146,-3.4236071767585408,2.5838638832843315,3.133283617276663
FOODS_3_584,28,64,51.80661825577813,-12.193381744221867,1.8045021974328328,3.098191590130578
FOODS_3_585,28,60,49.997039489892465,-10.002960510107531,1.5461901348360034,1.9209160224065618
FOODS_3_586,28,1883,1895.4187723913105,12.418772391310469,7.724421613625945,10.970011256533228
FOODS_3_587,28,876,864.3499110999808,-11.65008890001917,6.75881848331628,8.837598673115103
FOODS_3_588,28,53,57.36505152831716,4.365051528317162,1.178562425525767,1.4649181814784797
FOODS_3_589,28,45,51.99520748800534,6.995207488005344,1.8173066896096188,2.4354322347450066
FOODS_3_590,28,89,68.08688595628561,-20.913114043714383,1.5383058371950604,1.9484941798851148
FOODS_3_591,28,48,51.154186131964806,3.154186131964806,1.2895745694470226,1.8159730647261383
FOODS_3_592,28,81,112.18804742424294,31.188047424242935,1.520540407000355,1.4979817632572265
FOODS_3_593,28,33,30.333973862437883,-2.666026137562117,1.0575779829133671,1.2885582396507167
FOODS_3_594,28,1,57.67789020410324,56.67789020410324,2.0242103644322587,0.7130761786351104
FOODS_3_595,28,30,36.3811028842296,6.381102884229595,1.0317516280167782,1.2499604888790283
FOODS_3_596,28,47,36.07231596173524,-10.927684038264758,1.1140805254223538,1.6616146277010884
FOODS_3_597,28,15,20.090587062082445,5.090587062082447,0.7324073613949282,0.8233911304774747
FOODS_3_598,28,150,144.93112389391908,-5.068876106080916,3.277314171628856,4.204032136665441
FOODS_3_599,28,125,87.64633457730116,-37.353665422698846,2.4583425080637373,2.9789315351103247
FOODS_3_600,28,20,20.362450062863882,0.3624500628638829,0.6576527624233197,0.7532219592416269
FOODS_3_601,28,1,19.350317834871387,18.350317834871387,0.6796531870192466,0.19749345527618117
FOODS_3_602,28,0,44.99770946365302,44.99770946365302,1.607061052273322,0.3714473689246106
FOODS_3_603,28,87,114.94695027715139,27.94695027715138,2.557379971738015,2.962839906422047
FOODS_3_604,28,72,63.033291936633056,-8.96670806336694,1.7484119019791484,2.1563109417536666
FOODS_3_605,28,40,40.99383927388092,0.9938392738809236,0.9078556462191626,1.1913997112107626
FOODS_3_606,28,34,41.78640621232266,7.78640621232266,0.9599230821381142,1.1926929214602475
FOODS_3_607,28,414,372.6568317985447,-41.34316820145529,5.276442432799098,6.325643269034586
FOODS_3_608,28,33,27.52794480911104,-5.472055190888961,0.8977751701204102,1.3866203716384902
FOODS_3_609,28,106,83.07842704124901,-22.921572958750986,1.7678262043188582,2.0909195071805042
FOODS_3_610,28,67,63.64028334285642,-3.3597166571435793,1.6036678648526874,1.984629295047174
FOODS_3_611,28,25,26.81049587867182,1.8104958786718202,0.8338409833801618,1.0753365739205605
FOODS_3_612,28,31,27.462638138030528,-3.5373618619694707,0.9556888769336883,1.2412678209713177
FOODS_3_613,28,13,26.85588232539051,13.855882325390509,0.8657030275178654,0.8556979557980514
FOODS_3_614,28,0,54.9925213059964,54.9925213059964,1.9640186180713,0.20137763148569662
FOODS_3_615,28,28,33.99165129360948,5.991651293609483,1.2676940172545823,1.7060497884668542
FOODS_3_616,28,39,54.87381945459257,15.873819454592567,1.0895313615990239,1.1692694193873616
FOODS_3_617,28,107,98.58445360372315,-8.415546396276849,1.7782482194682763,2.272859778539287
FOODS_3_618,28,58,112.79011454629665,54.79011454629665,2.7877756436125587,2.5561016017657705
FOODS_3_619,28,21,28.986029602911927,7.986029602911928,0.7263495650728824,0.8199138549892716
FOODS_3_620,28,27,27.447308137319144,0.447308137319143,0.6964116160482245,0.862510789606472
FOODS_3_621,28,52,76.69198327787105,24.691983277871046,1.7714741899421576,1.8599315232134719
FOODS_3_622,28,13,21.070122373612918,8.070122373612916,0.5787266135590098,0.5893956156496098
FOODS_3_623,28,18,22.12456437103443,4.124564371034432,0.6875452902428016,0.8249064380006081
FOODS_3_624,28,44,36.45998372976122,-7.5400162702387785,1.6585682766095964,4.315967122855485
FOODS_3_625,28,26,29.8733156022869,3.873315602286901,0.9057905521692087,1.0966302619791526
FOODS_3_626,28,11,20.92803643170676,9.928036431706762,0.7097735859157701,0.7283966855156863
FOODS_3_627,28,18,20.75729810922641,2.757298109226411,0.7013414328295068,0.7833126008076265
FOODS_3_628,28,133,119.93539828195415,-13.064601718045855,2.1961032089376147,2.653254597071272
FOODS_3_629,28,22,31.084510552518687,9.084510552518687,0.7917425814047913,0.909611118479779
FOODS_3_630,28,18,21.124218119406397,3.1242181194063954,0.8478642118343139,1.0902552352521964
FOODS_3_631,28,29,46.044603845492574,17.044603845492574,1.2625816135604626,1.3177360240572171
FOODS_3_632,28,84,84.62263123975343,0.6226312397534359,1.2939918604635352,1.8051554470440214
FOODS_3_633,28,16,23.945178878475744,7.945178878475743,0.6945839377684349,0.7656851822441552
FOODS_3_634,28,113,113.37028606090237,0.3702860609023757,1.6331051616199102,1.9949444388831463
FOODS_3_635,28,30,263.76516042897197,233.76516042897194,8.435486807657592,5.401792752608139
FOODS_3_636,28,166,149.9017052445806,-16.098294755419392,2.842464977497201,3.3734600973962503
FOODS_3_637,28,24,26.77133034398428,2.771330343984278,0.6868110316718881,0.8847210364795567
FOODS_3_638,28,127,128.32095153800952,1.320951538009517,2.41992567790707,3.1763970798366614
FOODS_3_639,28,63,60.14195946609975,-2.8580405339002497,1.328528676438191,1.6454078892345105
FOODS_3_640,28,45,57.73016739579368,12.73016739579368,1.5235376262554716,2.0792508707731514
FOODS_3_641,28,46,40.10963135699291,-5.890368643007097,1.2292618534775095,1.5182037186476816
FOODS_3_642,28,46,39.93857492906324,-6.061425070936755,1.381425973627062,1.8558154133824387
FOODS_3_643,28,43,35.90170060936316,-7.098299390636842,1.3107975764690534,2.0778363104179345
FOODS_3_644,28,0,45.9493092756879,45.9493092756879,1.6410467598459966,0.035081871063064415
FOODS_3_645,28,42,57.771699277014235,15.771699277014239,1.497842880738473,1.6249284542067586
FOODS_3_646,28,72,61.302659561108065,-10.697340438891937,1.6938016102138849,2.107854287850555
FOODS_3_647,28,6,49.100645425510855,43.100645425510855,1.560526832854902,0.505869380516843
FOODS_3_648,28,50,62.844042866366784,12.844042866366783,1.8390429163096909,2.096520933021147
FOODS_3_649,28,18,18.240968530409848,0.240968530409847,0.7842735917279431,1.1369976109260096
FOODS_3_650,28,41,57.45334615582737,16.45334615582737,1.0772214474558097,1.2648489289248306
FOODS_3_651,28,75,130.27364003599553,55.273640035995534,3.1261353150530415,2.8923409019944613
FOODS_3_652,28,153,148.38333974633406,-4.616660253665928,2.332904588254266,2.985931782445884
FOODS_3_653,28,57,57.17289499303516,0.172894993035154,1.211163916744172,1.4914445715609714
FOODS_3_654,28,173,221.76824724614713,48.76824724614712,2.9348345920232157,3.007173443743473
FOODS_3_655,28,60,50.11934196207692,-9.880658037923073,1.7047500203223849,2.2124355214211593
FOODS_3_656,28,17,36.03520608430919,19.035206084309184,0.8654010042201544,0.7945022514049015
FOODS_3_657,28,32,32.59571315589915,0.5957131558991501,1.0116826017925378,1.415829013394603
FOODS_3_658,28,33,22.461517432616606,-10.538482567383394,1.1641342935362626,1.5689732152171074
FOODS_3_659,28,23,26.28044125994046,3.280441259940459,0.6953535710908143,0.8931124577652028
FOODS_3_660,28,29,39.9112881880614,10.911288188061398,1.0353437347597674,1.121694176499689
FOODS_3_661,28,203,194.79242706527737,-8.207572934722645,2.045731149151759,2.6756780525656962
FOODS_3_662,28,14,30.035784787766904,16.035784787766904,0.7498852065564895,0.6641168080460098
FOODS_3_663,28,34,40.91614311573551,6.916143115735508,1.052880773892348,1.2293938489695362
FOODS_3_664,28,286,51.35348393993342,-234.64651606006657,8.752405950809058,8.626528293785542
FOODS_3_665,28,68,66.63986936013104,-1.3601306398689517,1.0848145042824382,1.4090116741718064
FOODS_3_666,28,54,27.886344330989626,-26.113655669010374,1.5179340084404063,2.0414623926583677
FOODS_3_667,28,14,21.058737662688177,7.058737662688175,0.6444753910363444,0.6768148172506121
FOODS_3_668,28,209,182.91672959098284,-26.083270409017157,2.9277350391144097,3.4704941114125045
FOODS_3_669,28,69,55.83011637004901,-13.169883629950988,1.7456059402346125,2.476902246335801
FOODS_3_670,28,8,19.599542236280445,11.599542236280444,0.6447168115574697,0.5435759979909889
FOODS_3_671,28,27,27.76277369205386,0.7627736920538588,0.8239846753174532,1.0847111343778844
FOODS_3_672,28,57,77.51665141464254,20.516651414642542,1.8422804531713861,2.0650524030617436
FOODS_3_673,28,27,29.384004772204847,2.3840047722048485,0.9494468736124261,1.2107078597140146
FOODS_3_674,28,50,93.77135630964776,43.77135630964776,2.1217265187283605,1.9474169746521177
FOODS_3_675,28,79,56.19186066189968,-22.808139338100318,1.8170023005025568,2.0034650107436063
FOODS_3_676,28,38,95.1738571773893,57.173857177389294,2.1840153156391415,1.3637868467932281
FOODS_3_677,28,15,21.741209874866716,6.741209874866717,0.6392256095916735,0.67892230560439
FOODS_3_678,28,32,51.67731172829299,19.67731172829299,1.223803394867273,1.2541225275470635
FOODS_3_679,28,52,69.34244759450972,17.342447594509714,1.3360451308655379,1.5910263969849925
FOODS_3_680,28,29,29.138784890909434,0.13878489090943524,0.7749315084723859,1.0533731858777022
FOODS_3_681,28,1253,919.1858923452187,-333.81410765478125,15.774336919028716,18.59194622934525
FOODS_3_682,28,293,263.94698643494195,-29.053013565058066,2.316324983403509,2.884365506943514
FOODS_3_683,28,126,150.9691862476154,24.9691862476154,2.2984642776533493,2.5421421015729835
FOODS_3_684,28,40,54.202420513668166,14.202420513668164,1.2880928544896102,1.4008072138141294
FOODS_3_685,28,37,69.13906749301238,32.13906749301238,1.9265209729406558,1.8871263242882226
FOODS_3_686,28,20,22.942386369083643,2.9423863690836427,0.8073020842060895,0.965254244739592
FOODS_3_687,28,16,21.297895296264088,5.2978952962640875,0.6670547483635378,0.7801437652498375
FOODS_3_688,28,119,161.4878303877894,42.48783038778937,2.0911171680449723,2.163502556279031
FOODS_3_689,28,90,191.31588551477657,101.31588551477657,3.6435876084977927,1.8076478441743733
FOODS_3_690,28,14,19.716501628991026,5.7165016289910255,0.7154230152861747,0.7680245072990455
FOODS_3_691,28,18,18.23532307320335,0.235323073203351,0.7191682917338674,0.8978395321555296
FOODS_3_692,28,113,121.6375212542175,8.637521254217502,3.7897707359900425,5.211819849184634
FOODS_3_693,28,10,19.559924711059736,9.559924711059736,0.6581230691748755,0.6827407107008154
FOODS_3_694,28,506,495.261053512702,-10.738946487297989,3.397280250335267,4.258790338545361
FOODS_3_695,28,261,237.2998515392443,-23.700148460755706,3.2076086197805127,4.163267637488419
FOODS_3_696,28,13,24.75819626640342,11.75819626640342,0.6475877510363686,0.6886861349195511
FOODS_3_697,28,364,307.75655577041283,-56.24344422958717,4.084132707266108,5.012707516650086
FOODS_3_698,28,48,56.7352325694471,8.735232569447096,1.1372663412755135,1.3534089478147866
FOODS_3_700,28,97,64.79231896904737,-32.20768103095263,1.7915158371564566,1.9765000863107844
FOODS_3_701,28,36,51.41005601125055,15.410056011250555,1.3173444642668006,1.4620362607455564
FOODS_3_702,28,696,177.20900889406695,-518.790991105933,18.52824968235475,6.6801951525379994
FOODS_3_703,28,31,21.664303080413866,-9.335696919586132,1.0492579230921935,1.711371810796496
FOODS_3_704,28,92,78.39843650881872,-13.601563491181274,1.754887610135453,2.7355528930617448
FOODS_3_705,28,23,26.913420199092617,3.9134201990926174,0.5686410929835616,0.7408211129344232
FOODS_3_706,28,87,75.74785019958424,-11.252149800415767,1.531426749852864,1.8679876030494886
FOODS_3_707,28,30,49.73625261602327,19.73625261602327,1.5142226779083143,1.5149210622972014
FOODS_3_708,28,20,29.054299829552818,9.054299829552816,0.8121477020482052,0.9562741399733764
FOODS_3_709,28,7,56.14264251625115,49.14264251625115,1.912465370814459,0.8983651388309557
FOODS_3_710,28,18,25.671167241178424,7.671167241178423,0.7900835686623228,0.8860103509006857
FOODS_3_711,28,302,297.6952256458494,-4.30477435415057,7.317470301859779,9.966643183543972
FOODS_3_712,28,66,62.477227500156175,-3.5227724998438292,1.8492264705206038,2.571161621507157
FOODS_3_713,28,3,19.290690791234287,16.290690791234287,0.6932030420997064,0.40908301450721596
FOODS_3_714,28,870,815.3913346080019,-54.60866539199806,6.276376583222977,7.504990472088294
FOODS_3_715,28,35,33.122058557552805,-1.8779414424471976,0.8372559701196555,0.9772761540172998
FOODS_3_716,28,41,52.3983879234604,11.398387923460401,1.1460198509807078,1.3409524958235695
FOODS_3_717,28,16,23.593815693048903,7.593815693048903,0.8867113131470095,1.0530951332909517
FOODS_3_718,28,45,51.9764902744203,6.976490274420302,1.5595874327428105,2.158513974368058
FOODS_3_719,28,19,35.857776191565165,16.857776191565165,0.8546099144627753,0.8688084973389512
FOODS_3_720,28,32,22.122975226090553,-9.877024773909447,0.9236772426530347,1.120919282249448
FOODS_3_721,28,42,36.41623014266459,-5.5837698573354135,1.4938489607372387,2.56517457238399
FOODS_3_722,28,36,38.24290151308552,2.242901513085524,0.6005632798718851,0.725459315286032
FOODS_3_723,28,688,689.2392115035027,1.2392115035027444,8.521165002898712,12.377863356441301
FOODS_3_724,28,27,18.467433499274286,-8.532566500725714,0.9158771626655435,1.32635140462749
FOODS_3_725,28,122,156.28454469747948,34.28454469747949,2.450608124917833,2.67089960400425
FOODS_3_726,28,48,48.98248148159931,0.9824814815993115,1.2341422032857747,1.4814209452182494
FOODS_3_727,28,110,74.55335690836374,-35.446643091636254,1.7791201854429848,1.6849836548132737
FOODS_3_729,28,15,21.245033333434897,6.245033333434899,0.6944149106774902,0.7330669498887841
FOODS_3_730,28,26,30.398853681222842,4.398853681222843,1.0155499886037083,1.1613230174503948
FOODS_3_731,28,104,101.92823404596052,-2.07176595403948,1.9747133568359825,2.3766746434726977
FOODS_3_732,28,51,21.19480357445347,-29.80519642554653,1.5456905486906145,1.8769853703131272
FOODS_3_733,28,22,27.72483312759992,5.7248331275999185,0.8394046330211672,0.9888690017924449
FOODS_3_734,28,207,170.70274985205296,-36.297250147947025,2.837459419183606,3.4802903192272474
FOODS_3_735,28,76,63.670796217728935,-12.329203782271065,1.6691686545265052,2.0817315164630648
FOODS_3_736,28,13,19.53397672610276,6.533976726102759,0.7021577233857096,0.7824296233389891
FOODS_3_737,28,10,19.33023373119587,9.330233731195872,0.6845648527569917,0.7057317962999737
FOODS_3_738,28,111,105.83018315662753,-5.169816843372473,2.1853240691219855,3.5533705335649186
FOODS_3_739,28,559,692.2354255378251,133.23542553782508,6.585639224009974,5.88763907658527
FOODS_3_741,28,157,335.64358273541444,178.64358273541444,6.9575932267201965,4.5689840343457195
FOODS_3_742,28,45,57.59275389866679,12.592753898666793,1.4297505298290898,1.6184532385959352
FOODS_3_743,28,42,46.20339109790518,4.203391097905183,1.159568664641003,1.505574979881735
FOODS_3_744,28,385,337.6913890902197,-47.30861090978034,4.313994864145768,5.178239601828071
FOODS_3_745,28,2,19.856528774590174,17.856528774590174,0.686302556354472,0.2782337798998134
FOODS_3_746,28,135,370.81130640762365,235.81130640762362,8.421832371700843,3.6832516142209952
FOODS_3_747,28,143,114.54415571266128,-28.455844287338714,3.3103334818562686,4.480091455507123
FOODS_3_748,28,39,31.926434312345698,-7.073565687654304,0.6866897772123288,0.8235907747782945
FOODS_3_749,28,29,33.536155144220004,4.536155144220004,1.034859951646606,1.239442567000571
FOODS_3_750,28,105,83.22743639904748,-21.772563600952527,1.9950858729245693,2.4203838359323298
FOODS_3_751,28,48,51.57910577579942,3.579105775799423,1.1630209175235176,1.5842654978620683
FOODS_3_752,28,286,389.53611875616957,103.5361187561696,7.958092656099282,8.449805396654268
FOODS_3_753,28,123,100.31583084457026,-22.68416915542975,2.004384898879429,2.508617383687829
FOODS_3_754,28,15,19.702244647656684,4.702244647656685,0.630686284792073,0.6925765601614479
FOODS_3_755,28,161,167.1554385995381,6.155438599538096,3.5773837281055227,4.619134663839133
FOODS_3_756,28,402,353.77497176699364,-48.22502823300636,4.518523789842024,5.230185900038778
FOODS_3_757,28,295,178.7172786869471,-116.28272131305289,4.697285755987318,3.85418791350139
FOODS_3_758,28,16,24.72521439703376,8.72521439703376,0.9907047772281085,1.6983935760818438
FOODS_3_759,28,25,30.4348399738452,5.4348399738451985,0.6606157601509681,0.816771942444084
FOODS_3_760,28,205,357.4093573552485,152.40935735524852,5.85279216896312,3.939057356933924
FOODS_3_761,28,37,24.11318499559015,-12.88681500440985,1.038549630088376,1.2417948633773315
FOODS_3_762,28,25,36.17231546949856,11.172315469498553,0.8305441942613305,0.9195327296231534
FOODS_3_763,28,9,22.568807972541403,13.568807972541402,0.9126449897753519,0.9008949966857595
FOODS_3_764,28,436,380.5589354423257,-55.44106455767429,5.617411957095223,6.467832761372926
FOODS_3_765,28,37,32.8914892050893,-4.108510794910699,0.951573552538564,1.3240836527841688
FOODS_3_766,28,37,48.29919014044179,11.299190140441786,1.035925652605164,1.1776494493741507
FOODS_3_767,28,1,67.38965740111762,66.38965740111762,2.3710591928970577,0.985234292718298
FOODS_3_768,28,125,119.11345452295994,-5.886545477040058,2.5874661369393226,3.7452253633664188
FOODS_3_769,28,127,132.19222969954137,5.192229699541366,2.015534097263529,2.523724450937373
FOODS_3_770,28,26,34.40892475406895,8.40892475406895,0.676988374604863,0.7851744107847082
FOODS_3_771,28,32,45.69562109311251,13.695621093112504,0.8585181268405405,0.9022872411877719
FOODS_3_772,28,282,176.19059481271125,-105.80940518728875,4.698250417218222,5.187824807416639
FOODS_3_773,28,35,29.363166891807786,-5.636833108192212,1.0664220505235738,1.3404609453983158
FOODS_3_774,28,15,23.251322030383363,8.251322030383363,0.6517929609512235,0.6993442203417207
FOODS_3_775,28,22,35.51163617716681,13.511636177166803,0.8835476650242774,1.0426482448120724
FOODS_3_776,28,33,38.473049747491125,5.473049747491124,1.1179021313431527,1.4051548778790306
FOODS_3_777,28,2,28.74688491734103,26.74688491734103,0.9568484717627944,0.27177825583926324
FOODS_3_778,28,20,21.302973766592796,1.3029737665927938,0.8737861338373045,1.0765940175179933
FOODS_3_779,28,7,19.819530792265017,12.819530792265018,0.755186103298069,0.6976350396903287
FOODS_3_780,28,65,49.87114308498306,-15.12885691501694,1.3886066544170068,1.6276836430076473
FOODS_3_781,28,3,19.649050723396172,16.649050723396172,0.6619827973045097,0.3226874390581414
FOODS_3_782,28,188,143.80100498143707,-44.198995018562925,2.9162568278327687,3.2374030272653163
FOODS_3_783,28,101,84.49134589632438,-16.508654103675624,1.965118978229698,2.556122359706431
FOODS_3_784,28,36,51.28597947804653,15.285979478046531,1.481212505532523,1.6255846267692544
FOODS_3_785,28,608,59.32586105305748,-548.6741389469425,19.595504962390805,10.46687764932427
FOODS_3_786,28,41,70.0771958386268,29.077195838626803,1.7481609231308053,1.6257959163786369
FOODS_3_787,28,53,53.68062713916148,0.6806271391614787,1.3291141487627878,1.7095936901786821
FOODS_3_788,28,77,83.36812827440619,6.368128274406191,1.4596166748530652,1.7443394698000025
FOODS_3_789,28,361,331.8651375607907,-29.13486243920933,3.3873085742259224,4.303200239734866
FOODS_3_790,28,16,20.233214933118546,4.233214933118545,0.7120867096837752,0.7770395190971529
FOODS_3_791,28,30,45.69665385525543,15.696653855255425,1.2126806407135027,1.2868124134985446
FOODS_3_792,28,82,85.54784690244759,3.547846902447585,1.7781515166937858,2.558046227773537
FOODS_3_793,28,101,104.50389592129436,3.503895921294365,1.386472883388205,1.7023518895424723
FOODS_3_794,28,46,54.64859412364306,8.64859412364306,0.9763725041921641,1.167140422590212
FOODS_3_795,28,119,127.61682323919837,8.61682323919837,1.944557110317675,2.1289458211646815
FOODS_3_796,28,13,20.235318468452373,7.2353184684523715,0.6721631467767232,0.697819398745563
FOODS_3_797,28,90,98.10660548947531,8.106605489475314,2.19369421939786,2.620245099984964
FOODS_3_798,28,14,19.482033073919137,5.482033073919137,0.6905222447163648,0.7863592128433158
FOODS_3_799,28,8,19.619423098442184,11.619423098442182,0.7265362139989843,0.7051437758705636
FOODS_3_800,28,75,79.47545505127792,4.475455051277915,1.5316346767675368,1.9279146692300315
FOODS_3_801,28,109,93.25330417497018,-15.746695825029821,1.7758053853815698,2.4247534692839356
FOODS_3_802,28,15,21.59920380548307,6.5992038054830715,0.793407402553821,0.8982293983854966
FOODS_3_803,28,81,88.76401263139405,7.764012631394056,2.1335144301567475,2.6045288979878802
FOODS_3_804,28,397,312.18440979934746,-84.81559020065254,6.60412039876505,7.229842063635005
FOODS_3_805,28,43,52.96735133795969,9.967351337959691,1.316690946115149,1.4678021060411452
FOODS_3_806,28,11,19.649050723396172,8.64905072339617,0.7036178637273152,0.6979243192737794
FOODS_3_807,28,52,147.3779729051845,95.37797290518448,3.948597713945502,2.4981984496754768
FOODS_3_808,28,6,280.73757999445365,274.73757999445365,9.812056428373344,5.146759573415239
FOODS_3_809,28,107,89.31014027214337,-17.689859727856636,2.243925955559511,2.9192436025100634
FOODS_3_810,28,27,46.56158375676027,19.56158375676027,1.1804153398683557,1.1126824080055966
FOODS_3_811,28,402,356.3061344867851,-45.6938655132149,5.292923103371829,6.614053026051343
FOODS_3_812,28,96,82.12539362166481,-13.874606378335184,2.320202518258068,3.1426176707135887
FOODS_3_813,28,75,67.78946709250188,-7.210532907498123,1.3722009467483898,1.8957915922454585
FOODS_3_814,28,98,65.58906006281438,-32.41093993718562,2.096140347325363,2.60282918055013
FOODS_3_815,28,74,24.73676932777037,-49.263230672229625,2.9846104214530498,6.262752792774412
FOODS_3_816,28,128,205.59879388202722,77.59879388202722,6.074839382479801,7.10464569928228
FOODS_3_817,28,22,26.40323290171612,4.40323290171612,0.9688805527882248,1.1458307503617886
FOODS_3_818,28,55,111.69282637274131,56.692826372741315,2.888474054355272,2.8375798421488803
FOODS_3_819,28,49,37.91228374715394,-11.087716252846057,1.1427027003033923,1.8071511825389934
FOODS_3_820,28,62,50.725252079893394,-11.274747920106607,1.2767670179087989,1.4989132645734389
FOODS_3_821,28,35,32.99293245319015,-2.00706754680985,1.2729076223018396,1.7633948286709475
FOODS_3_822,28,142,114.13846836440135,-27.86153163559865,2.1948056186748457,2.526195063574891
FOODS_3_823,28,74,44.07367142594735,-29.926328574052647,1.5434388501427456,1.6215292709284899
FOODS_3_824,28,14,22.316575779055693,8.316575779055693,0.8805737084383429,0.9888625393573629
FOODS_3_825,28,50,62.40467761837684,12.40467761837684,1.1015217797989807,1.1732484928604903
FOODS_3_826,28,5,59.431846118375994,54.431846118375994,1.943994504227714,0.5007605410414612
FOODS_3_827,28,131,156.88938262563516,25.88938262563517,2.8073547153442067,3.23430737189727
