asn_dn,country,vendor,vendor_inco_term,weight_kg,freight_usd,freight_per_kg,counterfactual_mode,counterfactual_median_freight_per_kg,rate_gap_per_kg,enters_dollar_gap,dollar_gap
ASN-1028,Rwanda,"Trinity Biotech, Plc",EXW,2300.0,38425.29,16.706647826086957,Truck,1.5292046183450931,15.177443207741865,1,34908.11937780629
ASN-1039,Ethiopia,Aurobindo Pharma Limited,EXW,2318.0,6755.81,2.9144995685936155,Truck,1.5292046183450931,1.3852949502485223,1,3211.113694676075
ASN-10406,Côte d'Ivoire,ABBVIE LOGISTICS (FORMERLY ABBOTT LOGISTICS BV),FCA,2368.0,17068.85,7.208129222972972,Truck,1.5292046183450931,5.678924604627879,1,13447.693463758817
ASN-10407,Côte d'Ivoire,ABBVIE LOGISTICS (FORMERLY ABBOTT LOGISTICS BV),FCA,1196.0,17068.84,14.27160535117057,Truck,1.5292046183450931,12.742400732825477,1,15239.91127645927
ASN-10453,Nigeria,Aurobindo Pharma Limited,EXW,1573.0,9316.91,5.923019707565162,Truck,1.5292046183450931,4.393815089220069,1,6911.4711353431685
ASN-10471,Kenya,"Orgenics, Ltd",FCA,3637.0,38452.73,10.572650536156173,Truck,1.5292046183450931,9.04344591781108,1,32891.0128030789
ASN-10560,Tanzania,"Standard Diagnostics, Inc.",EXW,1133.0,8509.57,7.510653133274492,Truck,1.5292046183450931,5.981448514929399,1,6776.981167415009
ASN-1066,Rwanda,Aurobindo Pharma Limited,CIP,2791.0,28336.18,10.152697957721246,Truck,1.5292046183450931,8.623493339376154,1,24068.169910198845
ASN-1067,Rwanda,Aurobindo Pharma Limited,CIP,4143.0,19088.86,4.60749698286266,Truck,1.5292046183450931,3.0782923645175666,1,12753.365266196279
ASN-10756,Tanzania,"Standard Diagnostics, Inc.",EXW,3335.0,24382.98,7.311238380809595,Truck,1.5292046183450931,5.7820337624645015,1,19283.082597819113
ASN-10790,Rwanda,HETERO LABS LIMITED,EXW,3720.0,35499.58,9.542897849462365,Truck,1.5292046183450931,8.013693231117273,1,29810.938819756255
ASN-10792,Vietnam,HETERO LABS LIMITED,EXW,1516.0,11915.51,7.859835092348285,Truck,1.5292046183450931,6.330630474003192,1,9597.23579858884
ASN-10818,Zimbabwe,ABBVIE LOGISTICS (FORMERLY ABBOTT LOGISTICS BV),FCA,1257.0,22837.98,18.168639618138425,Truck,1.5292046183450931,16.63943499979333,1,20915.769794740216
ASN-10855,South Africa,GLAXOSMITHKLINE EXPORT LIMITED,DDP,22956.0,27372.24,1.1923784631468897,Truck,1.5292046183450931,-0.33682615519820347,0,0.0
ASN-10902,Tanzania,"Standard Diagnostics, Inc.",EXW,3334.0,23489.63,7.045479904019197,Truck,1.5292046183450931,5.516275285674103,1,18391.26180243746
ASN-10903,Tanzania,"Standard Diagnostics, Inc.",EXW,3334.0,23623.43,7.085611877624475,Truck,1.5292046183450931,5.556407259279382,1,18525.06180243746
ASN-10904,Tanzania,"Standard Diagnostics, Inc.",EXW,3335.0,23650.43,7.091583208395802,Truck,1.5292046183450931,5.562378590050709,1,18550.532597819114
ASN-10905,Tanzania,"Standard Diagnostics, Inc.",EXW,3335.0,23616.68,7.081463268365817,Truck,1.5292046183450931,5.552258650020724,1,18516.782597819114
ASN-11005,Tanzania,LAWRENCE LABORATORIES (SUBSIDIARY OF BRISTOL MYERS SQUIBB),FCA,1272.0,10816.49,8.503529874213836,Truck,1.5292046183450931,6.9743252558687425,1,8871.341725465041
ASN-11007,South Africa,GLAXOSMITHKLINE EXPORT LIMITED,DDP,12374.0,11865.62,0.9589154679165994,Truck,1.5292046183450931,-0.5702891504284937,0,0.0
ASN-11023,Vietnam,MYLAN LABORATORIES LTD (FORMERLY MATRIX LABORATORIES),EXW,2113.0,10784.69,5.103970657832466,Truck,1.5292046183450931,3.574766039487373,1,7553.480641436819
ASN-11024,Vietnam,MYLAN LABORATORIES LTD (FORMERLY MATRIX LABORATORIES),EXW,2806.0,18207.5,6.488774055595154,Truck,1.5292046183450931,4.95956943725006,1,13916.551840923668
ASN-11031,Nigeria,"Orgenics, Ltd",EXW,1231.0,28132.96,22.85374492282697,Truck,1.5292046183450931,21.324540304481875,1,26250.50911481719
ASN-11067,Vietnam,STRIDES ARCOLAB LIMITED,EXW,2351.0,10122.75,4.305720969800085,Truck,1.5292046183450931,2.7765163514549913,1,6527.589942270684
ASN-11121,Kenya,"Orgenics, Ltd",EXW,2951.0,31923.61,10.817895628600475,Truck,1.5292046183450931,9.288691010255382,1,27410.927171263633
ASN-11128,Côte d'Ivoire,MERCK SHARP & DOHME IDEA GMBH (FORMALLY MERCK SHARP & DOHME B.V.),CIP,1489.0,2093.31,1.405849563465413,Truck,1.5292046183450931,-0.12335505487968024,0,0.0
ASN-1114,Tanzania,"Standard Diagnostics, Inc.",EXW,1456.0,14505.37,9.962479395604396,Truck,1.5292046183450931,8.433274777259303,1,12278.848075689546
ASN-11148,Nigeria,"Trinity Biotech, Plc",EXW,1255.0,15794.47,12.585235059760956,Truck,1.5292046183450931,11.056030441415864,1,13875.318203976909
ASN-11149,Mozambique,"Orgenics, Ltd",EXW,2675.0,4969.35,1.8577009345794393,Truck,1.5292046183450931,0.32849631623434616,1,878.727645926876
ASN-11156,Ethiopia,Aurobindo Pharma Limited,EXW,3685.0,16359.2,4.4394029850746275,Truck,1.5292046183450931,2.910198366729534,1,10724.080981398334
ASN-11216,Côte d'Ivoire,"Orgenics, Ltd",EXW,1543.0,37173.01,24.091386908619572,Truck,1.5292046183450931,22.562182290274478,1,34813.44727389352
ASN-11219,Zambia,"Trinity Biotech, Plc",EXW,1224.0,15670.6,12.802777777777779,Truck,1.5292046183450931,11.273573159432686,1,13798.853547145609
ASN-11253,Ethiopia,MYLAN LABORATORIES LTD (FORMERLY MATRIX LABORATORIES),EXW,9565.0,60713.12,6.347424986931522,Truck,1.5292046183450931,4.818220368586428,1,46086.277825529185
ASN-11268,Nigeria,"Orgenics, Ltd",EXW,1378.0,31201.82,22.642830188679245,Truck,1.5292046183450931,21.11362557033415,1,29094.576035920458
ASN-11271,Nigeria,"Orgenics, Ltd",EXW,1277.0,26014.88,20.371871574001567,Truck,1.5292046183450931,18.842666955656473,1,24062.085702373315
ASN-11284,South Africa,GLAXOSMITHKLINE EXPORT LIMITED,DDP,12264.0,10277.92,0.8380560991519895,Truck,1.5292046183450931,-0.6911485191931036,0,0.0
ASN-113,Guyana,Abbott GmbH & Co. KG,EXW,38681.0,801.54,0.020721801401204724,Truck,1.5292046183450931,-1.5084828169438884,0,0.0
ASN-11362,Vietnam,STRIDES ARCOLAB LIMITED,EXW,3828.0,15089.11,3.9417737722048067,Truck,1.5292046183450931,2.412569153859714,1,9235.314720974984
ASN-11363,Vietnam,STRIDES ARCOLAB LIMITED,EXW,2537.0,9145.1,3.6046905794245174,Truck,1.5292046183450931,2.0754859610794245,1,5265.5078832585
ASN-11398,Zambia,"Orgenics, Ltd",EXW,1061.0,23722.96,22.359057492931196,Truck,1.5292046183450931,20.829852874586102,1,22100.473899935856
ASN-11400,Zambia,"Orgenics, Ltd",EXW,1094.0,24400.67,22.30408592321755,Truck,1.5292046183450931,20.774881304872455,1,22727.720147530465
ASN-11401,Kenya,"Orgenics, Ltd",EXW,2069.0,14307.97,6.915403576607056,Truck,1.5292046183450931,5.3861989582619625,1,11144.045644644
ASN-11408,Vietnam,MYLAN LABORATORIES LTD (FORMERLY MATRIX LABORATORIES),EXW,2571.0,13880.57,5.3988992609879425,Truck,1.5292046183450931,3.869694642642849,1,9948.984926234765
ASN-11409,Vietnam,MYLAN LABORATORIES LTD (FORMERLY MATRIX LABORATORIES),EXW,1615.0,9502.5,5.88390092879257,Truck,1.5292046183450931,4.354696310447476,1,7032.834541372674
ASN-11441,Kenya,"Orgenics, Ltd",EXW,1980.0,37548.87,18.96407575757576,Truck,1.5292046183450931,17.434871139230665,1,34521.044855676715
ASN-11563,South Africa,HETERO LABS LIMITED,DDP,8025.0,9706.85,1.209576323987539,Truck,1.5292046183450931,-0.31962829435755413,0,0.0
ASN-11579,Vietnam,MYLAN LABORATORIES LTD (FORMERLY MATRIX LABORATORIES),EXW,3098.0,12745.06,4.113963847643641,Truck,1.5292046183450931,2.5847592292985473,1,8007.584092366899
ASN-11611,Vietnam,MYLAN LABORATORIES LTD (FORMERLY MATRIX LABORATORIES),EXW,5941.0,19632.73,3.304617067833698,Truck,1.5292046183450931,1.775412449488605,1,10547.725362411802
ASN-11637,Côte d'Ivoire,ABBVIE LOGISTICS (FORMERLY ABBOTT LOGISTICS BV),FCA,4113.0,30130.82,7.325752492098225,Truck,1.5292046183450931,5.7965478737531315,1,23841.20140474663
ASN-1167,Nigeria,"CHEMBIO DIAGNOSTIC SYSTEMS, INC.",EXW,3336.0,28002.75,8.394109712230216,Truck,1.5292046183450931,6.864905093885123,1,22901.32339320077
ASN-11710,Vietnam,MYLAN LABORATORIES LTD (FORMERLY MATRIX LABORATORIES),EXW,3408.0,13674.64,4.012511737089202,Truck,1.5292046183450931,2.4833071187441087,1,8463.110660679922
ASN-11722,Vietnam,Aurobindo Pharma Limited,EXW,2675.0,9656.19,3.6097906542056077,Truck,1.5292046183450931,2.080586035860515,1,5565.567645926877
ASN-11735,Vietnam,HETERO LABS LIMITED,EXW,2957.0,14589.33,4.933828204261076,Truck,1.5292046183450931,3.4046235859159824,1,10067.471943553559
ASN-11740,Côte d'Ivoire,"Orgenics, Ltd",EXW,1346.0,34282.33,25.46978454680535,Truck,1.5292046183450931,23.940579928460256,1,32224.020583707505
ASN-11751,Zimbabwe,ABBVIE LOGISTICS (FORMERLY ABBOTT LOGISTICS BV),FCA,2364.0,16956.86,7.172952622673435,Truck,1.5292046183450931,5.643748004328342,1,13341.8202822322
ASN-11757,Nigeria,"Orgenics, Ltd",EXW,1360.0,32499.11,23.896404411764706,Truck,1.5292046183450931,22.367199793419612,1,30419.391719050673
ASN-11758,Nigeria,"Orgenics, Ltd",EXW,1201.0,28669.23,23.87113238967527,Truck,1.5292046183450931,22.341927771330177,1,26832.655253367542
ASN-11777,Guyana,"Trinity Biotech, Plc",EXW,1573.0,26710.2,16.980419580419582,Truck,1.5292046183450931,15.45121496207449,1,24304.76113534317
ASN-11823,Rwanda,"Orgenics, Ltd",EXW,1703.0,25501.1,14.974221961244861,Truck,1.5292046183450931,13.445017342899769,1,22896.864534958306
ASN-11855,Vietnam,HETERO LABS LIMITED,EXW,3723.0,19056.13,5.1184877786731136,Truck,1.5292046183450931,3.58928316032802,1,13362.901205901218
ASN-11857,Vietnam,MYLAN LABORATORIES LTD (FORMERLY MATRIX LABORATORIES),EXW,3572.0,10657.33,2.9835750279955207,Truck,1.5292046183450931,1.4543704096504275,1,5195.011103271328
ASN-11908,Vietnam,ABBVIE LOGISTICS (FORMERLY ABBOTT LOGISTICS BV),FCA,1232.0,8108.91,6.581907467532467,Truck,1.5292046183450931,5.052702849187374,1,6224.9299101988445
ASN-11930,Tanzania,"Standard Diagnostics, Inc.",EXW,3334.0,23030.38,6.907732453509299,Truck,1.5292046183450931,5.378527835164205,1,17932.01180243746
ASN-11955,Vietnam,HETERO LABS LIMITED,EXW,5495.0,23372.43,4.253399454049136,Truck,1.5292046183450931,2.7241948357040426,1,14969.450622193714
ASN-11974,Tanzania,"Standard Diagnostics, Inc.",EXW,3334.0,22086.15,6.624520095980804,Truck,1.5292046183450931,5.095315477635711,1,16987.78180243746
ASN-12000,Nigeria,"Trinity Biotech, Plc",EXW,1918.0,24147.39,12.58988008342023,Truck,1.5292046183450931,11.060675465075137,1,21214.375542014113
ASN-12025,Tanzania,"Standard Diagnostics, Inc.",EXW,3334.0,45032.55,13.507063587282545,Truck,1.5292046183450931,11.977858968937452,1,39934.181802437466
ASN-12083,Vietnam,HETERO LABS LIMITED,EXW,2343.0,12751.68,5.442458386683739,Truck,1.5292046183450931,3.9132537683386452,1,9168.753579217446
ASN-12088,Tanzania,ABBVIE LOGISTICS (FORMERLY ABBOTT LOGISTICS BV),FCA,4727.0,21584.02,4.566113814258515,Truck,1.5292046183450931,3.036909195913422,1,14355.469769082745
ASN-12093,Tanzania,"Standard Diagnostics, Inc.",EXW,2667.0,17773.94,6.6643944506936625,Truck,1.5292046183450931,5.135189832348569,1,13695.551282873634
ASN-12094,Tanzania,"Standard Diagnostics, Inc.",EXW,3349.0,22523.12,6.725326963272618,Truck,1.5292046183450931,5.196122344927525,1,17401.81373316228
ASN-12096,Tanzania,"Orgenics, Ltd",EXW,7500.0,19196.73,2.559564,Truck,1.5292046183450931,1.0303593816549068,1,7727.695362411801
ASN-12097,Kenya,"Orgenics, Ltd",EXW,2556.0,29339.63,11.478728482003131,Truck,1.5292046183450931,9.949523863658039,1,25430.982995509945
ASN-12098,Kenya,"Orgenics, Ltd",EXW,2050.0,23226.6,11.330048780487804,Truck,1.5292046183450931,9.800844162142711,1,20091.730532392558
ASN-12154,Vietnam,HETERO LABS LIMITED,EXW,1390.0,11311.6,8.137841726618705,Truck,1.5292046183450931,6.608637108273611,1,9186.00558050032
ASN-12159,Tanzania,"Standard Diagnostics, Inc.",EXW,3334.0,22523.12,6.755584883023395,Truck,1.5292046183450931,5.226380264678301,1,17424.751802437455
ASN-12162,Tanzania,"Standard Diagnostics, Inc.",EXW,3334.0,22523.12,6.755584883023395,Truck,1.5292046183450931,5.226380264678301,1,17424.751802437455
ASN-12242,Zimbabwe,"Orgenics, Ltd",EXW,1102.0,26846.59,24.361696914700545,Truck,1.5292046183450931,22.83249229635545,1,25161.406510583707
ASN-12247,Zimbabwe,"Orgenics, Ltd",EXW,1191.0,23808.37,19.990235096557512,Truck,1.5292046183450931,18.461030478212418,1,21987.08729955099
ASN-12248,Tanzania,"Standard Diagnostics, Inc.",EXW,3334.0,21952.35,6.5843881223755245,Truck,1.5292046183450931,5.055183504030431,1,16853.981802437458
ASN-12274,Vietnam,HETERO LABS LIMITED,EXW,1083.0,9046.76,8.35342566943675,Truck,1.5292046183450931,6.824221051091656,1,7390.631398332263
ASN-12293,Côte d'Ivoire,ABBVIE LOGISTICS (FORMERLY ABBOTT LOGISTICS BV),FCA,4213.0,27376.29,6.498051269878946,Truck,1.5292046183450931,4.968846651533853,1,20933.75094291212
ASN-123,Zambia,Aurobindo Pharma Limited,EXW,11179.0,49824.57,4.4569791573486,Truck,1.5292046183450931,2.927774539003507,1,32729.591571520206
ASN-12428,Zambia,"Orgenics, Ltd",EXW,1526.0,27952.72,18.317640891218872,Truck,1.5292046183450931,16.788436272873778,1,25619.153752405386
ASN-12443,Kenya,"Standard Diagnostics, Inc.",EXW,5102.0,33718.08,6.6087965503724035,Truck,1.5292046183450931,5.07959193202731,1,25916.078037203337
ASN-12469,Kenya,"Orgenics, Ltd",EXW,1246.0,13336.64,10.703563402889245,Truck,1.5292046183450931,9.174358784544152,1,11431.251045542014
ASN-12470,Kenya,"Orgenics, Ltd",EXW,4203.0,44128.81,10.499359980965977,Truck,1.5292046183450931,8.970155362620885,1,37701.562989095575
ASN-12475,Mozambique,"Orgenics, Ltd",EXW,1275.0,15873.44,12.4497568627451,Truck,1.5292046183450931,10.920552244400007,1,13923.704111610008
ASN-12532,Swaziland,MYLAN LABORATORIES LTD (FORMERLY MATRIX LABORATORIES),EXW,4900.0,29478.42,6.016004081632652,Truck,1.5292046183450931,4.486799463287559,1,21985.317370109038
ASN-12610,Mozambique,"Orgenics, Ltd",EXW,2097.0,15891.96,7.578426323319027,Truck,1.5292046183450931,6.049221704973934,1,12685.217915330339
ASN-12611,Mozambique,"Orgenics, Ltd",EXW,1306.0,26532.85,20.316117917304748,Truck,1.5292046183450931,18.786913298959654,1,24535.70876844131
ASN-127,Uganda,Aurobindo Pharma Limited,EXW,1172.0,5595.44,4.774266211604095,Truck,1.5292046183450931,3.2450615932590017,1,3803.21218729955
ASN-12827,Zambia,"Trinity Biotech, Plc",EXW,1896.0,25136.39,13.257589662447257,Truck,1.5292046183450931,11.728385044102165,1,22237.018043617703
ASN-12877,Nigeria,"Orgenics, Ltd",EXW,1377.0,32575.03,23.656521423384167,Truck,1.5292046183450931,22.127316805039072,1,30469.315240538803
ASN-12878,Nigeria,"Orgenics, Ltd",EXW,1378.0,32667.09,23.706161103047897,Truck,1.5292046183450931,22.176956484702803,1,30559.846035920462
ASN-13031,Zambia,"Orgenics, Ltd",EXW,1374.0,25052.44,18.233216885007277,Truck,1.5292046183450931,16.704012266662183,1,22951.31285439384
ASN-13032,Zambia,"Orgenics, Ltd",EXW,1368.0,25037.09,18.301966374269007,Truck,1.5292046183450931,16.772761755923913,1,22945.138082103913
ASN-13033,Zambia,"Orgenics, Ltd",EXW,1246.0,22614.24,18.149470304975925,Truck,1.5292046183450931,16.62026568663083,1,20708.851045542015
ASN-13034,Zambia,"Orgenics, Ltd",EXW,1239.0,22650.58,18.28133979015335,Truck,1.5292046183450931,16.752135171808256,1,20755.89547787043
ASN-1305,Rwanda,CIPLA LIMITED,CIP,10303.0,35034.75,3.400441618945938,Truck,1.5292046183450931,1.8712370006008447,1,19279.354817190502
ASN-13100,Vietnam,STRIDES ARCOLAB LIMITED,EXW,1073.0,5221.88,4.866616961789376,Truck,1.5292046183450931,3.3374123434442824,1,3581.043444515715
ASN-13101,Vietnam,STRIDES ARCOLAB LIMITED,EXW,2447.0,2673.82,1.0926930935839805,Truck,1.5292046183450931,-0.43651152476111266,0,0.0
ASN-13148,Kenya,"Orgenics, Ltd",EXW,1198.0,13543.63,11.305200333889816,Truck,1.5292046183450931,9.775995715544724,1,11711.64286722258
ASN-13149,Kenya,"Orgenics, Ltd",EXW,1427.0,16090.59,11.275816398037842,Truck,1.5292046183450931,9.74661177969275,1,13908.415009621553
ASN-13150,Kenya,"Orgenics, Ltd",EXW,3497.0,40917.19,11.700654847011725,Truck,1.5292046183450931,10.171450228666632,1,35569.56144964721
ASN-13202,Côte d'Ivoire,ABBVIE LOGISTICS (FORMERLY ABBOTT LOGISTICS BV),FCA,7025.0,46002.44,6.548390035587189,Truck,1.5292046183450931,5.019185417242095,1,35259.77755612572
ASN-1329,Ethiopia,ASPEN PHARMACARE,EXW,1233.0,5137.76,4.166877534468775,Truck,1.5292046183450931,2.637672916123682,1,3252.2507055805
ASN-13367,Swaziland,Aurobindo Pharma Limited,EXW,3295.0,17214.74,5.224503793626708,Truck,1.5292046183450931,3.6952991752816144,1,12176.01078255292
ASN-13371,Rwanda,Aurobindo Pharma Limited,EXW,4105.0,25382.52,6.18331790499391,Truck,1.5292046183450931,4.654113286648816,1,19105.135041693393
ASN-13372,Rwanda,Aurobindo Pharma Limited,EXW,4746.0,98521.56,20.758862199747156,Truck,1.5292046183450931,19.229657581402062,1,91263.95488133418
ASN-13373,Rwanda,Aurobindo Pharma Limited,EXW,4027.0,28833.91,7.16014651105041,Truck,1.5292046183450931,5.630941892705317,1,22675.80300192431
ASN-13410,Vietnam,Aurobindo Pharma Limited,EXW,1701.0,4288.83,2.521358024691358,Truck,1.5292046183450931,0.9921534063462649,1,1687.6529441949967
ASN-13412,Haiti,AMSTELFARMA B.V.,EXW,1173.0,7019.07,5.9838618925831195,Truck,1.5292046183450931,4.454657274238026,1,5225.312982681205
ASN-13475,Vietnam,Aurobindo Pharma Limited,EXW,10210.0,17392.05,1.7034329089128304,Truck,1.5292046183450931,0.17422829056773725,1,1778.8708466965973
ASN-13528,Rwanda,"Orgenics, Ltd",EXW,1362.0,62458.88,45.858208516886926,Truck,1.5292046183450931,44.329003898541835,1,60376.10330981398
ASN-13529,Tanzania,"Orgenics, Ltd",EXW,1669.0,30754.1,18.426662672258836,Truck,1.5292046183450931,16.89745805391374,1,28201.857491982035
ASN-1354,Nigeria,"CHEMBIO DIAGNOSTIC SYSTEMS, INC.",EXW,3058.0,18750.2,6.131523871811642,Truck,1.5292046183450931,4.602319253466549,1,14073.892277100706
ASN-13542,Zambia,"Trinity Biotech, Plc",EXW,1647.0,20626.58,12.523727990285368,Truck,1.5292046183450931,10.994523371940275,1,18107.97999358563
ASN-13560,Kenya,"Trinity Biotech, Plc",EXW,5876.0,40091.65,6.822949285228047,Truck,1.5292046183450931,5.2937446668829535,1,31106.043662604236
ASN-13582,Côte d'Ivoire,"Orgenics, Ltd",EXW,1312.0,27254.17,20.77299542682927,Truck,1.5292046183450931,19.243790808484174,1,25247.853540731237
ASN-13651,Zambia,Aurobindo Pharma Limited,EXW,9369.0,50030.37,5.339990393852066,Truck,1.5292046183450931,3.8107857755069725,1,35703.25193072482
ASN-1368,Mozambique,"Trinity Biotech, Plc",EXW,9000.0,55746.59,6.1940655555555555,Truck,1.5292046183450931,4.664860937210462,1,41983.74843489416
ASN-13766,Zambia,Aurobindo Pharma Limited,EXW,9389.0,51294.87,5.463294280541059,Truck,1.5292046183450931,3.934089662195966,1,36937.16783835792
ASN-13818,Mozambique,"Orgenics, Ltd",EXW,1477.0,27686.29,18.74494922139472,Truck,1.5292046183450931,17.215744603049625,1,25427.6547787043
ASN-13819,Mozambique,"Orgenics, Ltd",EXW,1378.0,25607.44,18.583047895500723,Truck,1.5292046183450931,17.05384327715563,1,23500.196035920457
ASN-13852,Tanzania,"Orgenics, Ltd",EXW,1374.0,24000.91,17.46791120815138,Truck,1.5292046183450931,15.938706589806289,1,21899.78285439384
ASN-13884,Zambia,Aurobindo Pharma Limited,EXW,9390.0,45118.64,4.804966986155485,Truck,1.5292046183450931,3.2757623678103913,1,30759.408633739575
ASN-13945,Kenya,"Orgenics, Ltd",EXW,2278.0,31382.03,13.776132572431957,Truck,1.5292046183450931,12.246927954086864,1,27898.501879409876
ASN-13946,Kenya,"Orgenics, Ltd",EXW,2305.0,24428.55,10.598069414316702,Truck,1.5292046183450931,9.06886479597161,1,20903.73335471456
ASN-13948,Pakistan,"Orgenics, Ltd",EXW,1117.0,14959.83,13.392864816472695,Truck,1.5292046183450931,11.863660198127603,1,13251.708441308532
ASN-13952,Tanzania,LAWRENCE LABORATORIES (SUBSIDIARY OF BRISTOL MYERS SQUIBB),FCA,1598.0,12689.71,7.940994993742177,Truck,1.5292046183450931,6.411790375397084,1,10246.04101988454
ASN-13956,Zimbabwe,ABBVIE LOGISTICS (FORMERLY ABBOTT LOGISTICS BV),FCA,1254.0,54424.24,43.400510366826154,Truck,1.5292046183450931,41.87130574848106,1,52506.61740859525
ASN-13965,Zimbabwe,"Orgenics, Ltd",EXW,1113.0,20082.38,18.04346810422282,Truck,1.5292046183450931,16.514263485877727,1,18380.37525978191
ASN-1401,Rwanda,"Trinity Biotech, Plc",EXW,1080.0,15987.05,14.802824074074074,Truck,1.5292046183450931,13.273619455728982,1,14335.5090121873
ASN-14064,Vietnam,STRIDES ARCOLAB LIMITED,EXW,1146.0,5977.2,5.215706806282722,Truck,1.5292046183450931,3.686502187937629,1,4224.731507376523
ASN-14065,Vietnam,STRIDES ARCOLAB LIMITED,EXW,1301.0,5664.49,4.353950807071484,Truck,1.5292046183450931,2.8247461887263903,1,3674.9947915330335
ASN-14274,Tanzania,"Orgenics, Ltd",EXW,1368.0,24308.25,17.76918859649123,Truck,1.5292046183450931,16.239983978146135,1,22216.298082103913
ASN-14302,Mozambique,"Trinity Biotech, Plc",EXW,2451.0,35569.75,14.51234190126479,Truck,1.5292046183450931,12.983137282919698,1,31821.66948043618
ASN-14309,Tanzania,"Trinity Biotech, Plc",EXW,1386.0,13215.15,9.534740259740259,Truck,1.5292046183450931,8.005535641395166,1,11095.6723989737
ASN-14319,Vietnam,MYLAN LABORATORIES LTD (FORMERLY MATRIX LABORATORIES),EXW,1675.0,3401.49,2.0307402985074625,Truck,1.5292046183450931,0.5015356801623694,1,840.0722642719687
ASN-14321,Vietnam,MYLAN LABORATORIES LTD (FORMERLY MATRIX LABORATORIES),EXW,1208.0,3306.51,2.737177152317881,Truck,1.5292046183450931,1.2079725339727878,1,1459.2308210391277
ASN-14408,Haiti,Aurobindo Pharma Limited,EXW,1486.0,12749.39,8.579670255720053,Truck,1.5292046183450931,7.05046563737496,1,10476.99193713919
ASN-14517,Vietnam,MYLAN LABORATORIES LTD (FORMERLY MATRIX LABORATORIES),EXW,6142.0,13850.65,2.255071637902963,Truck,1.5292046183450931,0.7258670195578698,1,4458.275234124437
ASN-146,Zambia,"GILEAD SCIENCES IRELAND, INC.",EXW,1244.0,6546.69,5.262612540192926,Truck,1.5292046183450931,3.7334079218478324,1,4644.359454778703
ASN-1462,Nigeria,"CHEMBIO DIAGNOSTIC SYSTEMS, INC.",EXW,2707.0,13535.55,5.000203176948651,Truck,1.5292046183450931,3.470998558603558,1,9395.993098139832
ASN-14645,Tanzania,"Orgenics, Ltd",EXW,1394.0,24596.33,17.644426111908178,Truck,1.5292046183450931,16.115221493563084,1,22464.618762026937
ASN-14646,Tanzania,"Orgenics, Ltd",EXW,1300.0,23269.06,17.899276923076926,Truck,1.5292046183450931,16.37007230473183,1,21281.09399615138
ASN-14647,Tanzania,"Trinity Biotech, Plc",EXW,3058.0,31491.23,10.297982341399608,Truck,1.5292046183450931,8.768777723054516,1,26814.922277100708
ASN-14729,Haiti,THE MEDICAL EXPORT GROUP BV,EXW,5051.0,37744.27,7.472633141952088,Truck,1.5292046183450931,5.943428523606995,1,30020.257472738933
ASN-14757,Vietnam,MYLAN LABORATORIES LTD (FORMERLY MATRIX LABORATORIES),EXW,4669.0,8334.77,1.785129578068109,Truck,1.5292046183450931,0.25592495972301577,1,1194.9136369467606
ASN-14785,Mozambique,"Trinity Biotech, Plc",EXW,2440.0,37115.71,15.211356557377048,Truck,1.5292046183450931,13.682151939031955,1,33384.45073123797
ASN-14873,Côte d'Ivoire,"Orgenics, Ltd",EXW,1428.0,28142.92,19.707927170868345,Truck,1.5292046183450931,18.17872255252325,1,25959.2158050032
ASN-15070,Pakistan,"Orgenics, Ltd",EXW,2134.0,32272.0,15.12277413308341,Truck,1.5292046183450931,13.593569514738318,1,29008.67734445157
ASN-15131,Nigeria,NOVARTIS PHARMA SERVICES AG,EXW,2006.0,12723.32,6.342632103688933,Truck,1.5292046183450931,4.81342748534384,1,9655.735535599742
ASN-15132,Nigeria,NOVARTIS PHARMA SERVICES AG,EXW,1746.0,11216.78,6.424272623138603,Truck,1.5292046183450931,4.89506800479351,1,8546.788736369468
ASN-15231,Rwanda,CIPLA LIMITED,EXW,1631.0,13116.57,8.042041692213365,Truck,1.5292046183450931,6.512837073868272,1,10622.43726747915
ASN-15274,Zambia,CIPLA LIMITED,EXW,5999.0,25383.34,4.231261876979497,Truck,1.5292046183450931,2.7020572586344036,1,16209.641494547786
ASN-15287,Rwanda,CIPLA LIMITED,EXW,1514.0,6072.8,4.0110964332893,Truck,1.5292046183450931,2.4818918149442064,1,3757.5842078255287
ASN-15288,Rwanda,Aurobindo Pharma Limited,EXW,2145.0,17858.68,8.325724941724943,Truck,1.5292046183450931,6.796520323379849,1,14578.536093649776
ASN-15328,Rwanda,CIPLA LIMITED,CIP,6490.0,3010.89,0.4639275808936826,Truck,1.5292046183450931,-1.0652770374514104,0,0.0
ASN-15367,Kenya,"Orgenics, Ltd",EXW,1378.0,14842.19,10.770820029027577,Truck,1.5292046183450931,9.241615410682485,1,12734.946035920464
ASN-15379,Rwanda,HETERO LABS LIMITED,EXW,3204.0,19625.64,6.125355805243445,Truck,1.5292046183450931,4.596151186898352,1,14726.068402822319
ASN-15388,Vietnam,ABBVIE LOGISTICS (FORMERLY ABBOTT LOGISTICS BV),FCA,1724.0,5248.47,3.0443561484918793,Truck,1.5292046183450931,1.5151515301467862,1,2612.121237973059
ASN-15398,Côte d'Ivoire,"Orgenics, Ltd",EXW,2995.0,57933.93,19.343549248747912,Truck,1.5292046183450931,17.814344630402818,1,53353.96216805644
ASN-15427,Uganda,Aurobindo Pharma Limited,EXW,1770.0,7651.56,4.322915254237288,Truck,1.5292046183450931,2.793710635892195,1,4944.867825529185
ASN-15428,Uganda,Aurobindo Pharma Limited,EXW,4668.0,20869.6,4.470779777206512,Truck,1.5292046183450931,2.9415751588614185,1,13731.272841565102
ASN-15429,Uganda,Aurobindo Pharma Limited,EXW,2145.0,8143.97,3.7967226107226106,Truck,1.5292046183450931,2.2675179923775177,1,4863.826093649775
ASN-15430,Uganda,Aurobindo Pharma Limited,EXW,2709.0,11409.29,4.211624215577705,Truck,1.5292046183450931,2.6824195972326113,1,7266.674688903144
ASN-15431,Uganda,Aurobindo Pharma Limited,EXW,3888.0,17405.65,4.476761831275721,Truck,1.5292046183450931,2.9475572129306276,1,11460.10244387428
ASN-15433,Haiti,MERCK SHARP & DOHME IDEA GMBH (FORMALLY MERCK SHARP & DOHME B.V.),CIP,1979.0,853.07,0.4310611419909045,Truck,1.5292046183450931,-1.0981434763541886,0,0.0
ASN-15443,Rwanda,HETERO LABS LIMITED,EXW,1751.0,13244.8,7.564134780125642,Truck,1.5292046183450931,6.034930161780549,1,10567.162713277741
ASN-15468,Uganda,HETERO LABS LIMITED,EXW,3528.0,16938.13,4.801057256235828,Truck,1.5292046183450931,3.271852637890735,1,11543.096106478513
ASN-15475,Zimbabwe,"Orgenics, Ltd",EXW,2124.0,40520.83,19.077603578154427,Truck,1.5292046183450931,17.548398959809333,1,37272.799390635024
ASN-15514,Uganda,HETERO LABS LIMITED,EXW,12945.0,48653.36,3.7584673619157978,Truck,1.5292046183450931,2.229262743570705,1,28857.806215522774
ASN-15554,Rwanda,HETERO LABS LIMITED,EXW,9117.0,98763.02,10.832841943621807,Truck,1.5292046183450931,9.303637325276714,1,84821.2614945478
ASN-15626,Rwanda,HETERO LABS LIMITED,EXW,4574.0,45060.6,9.85146480104941,Truck,1.5292046183450931,8.322260182704317,1,38066.01807568955
ASN-15668,Kenya,"Orgenics, Ltd",EXW,1139.0,11827.07,10.383731343283582,Truck,1.5292046183450931,8.85452672493849,1,10085.30593970494
ASN-15669,Kenya,"Orgenics, Ltd",EXW,1445.0,10719.64,7.418435986159169,Truck,1.5292046183450931,5.889231367814076,1,8509.93932649134
ASN-15670,Kenya,"Orgenics, Ltd",EXW,1413.0,15387.63,10.89004246284501,Truck,1.5292046183450931,9.360837844499917,1,13226.863874278382
ASN-15698,Nigeria,"Orgenics, Ltd",EXW,1533.0,35813.98,23.36202217873451,Truck,1.5292046183450931,21.832817560389415,1,33469.709320076974
ASN-15699,Mozambique,"Orgenics, Ltd",EXW,2384.0,43848.04,18.39263422818792,Truck,1.5292046183450931,16.863429609842825,1,40202.4161898653
ASN-15729,Rwanda,MYLAN LABORATORIES LTD (FORMERLY MATRIX LABORATORIES),EXW,4810.0,27894.81,5.799336798336799,Truck,1.5292046183450931,4.270132179991705,1,20539.335785760104
ASN-15733,Kenya,"Trinity Biotech, Plc",EXW,6568.0,41300.11,6.288080085261876,Truck,1.5292046183450931,4.758875466916782,1,31256.294066709426
ASN-15742,Rwanda,Aurobindo Pharma Limited,EXW,3114.0,18779.99,6.0308253050738605,Truck,1.5292046183450931,4.501620686728767,1,14018.04681847338
ASN-15743,Zambia,"Trinity Biotech, Plc",EXW,2391.0,25818.23,10.798088665830196,Truck,1.5292046183450931,9.268884047485104,1,22161.90175753688
ASN-15749,Mozambique,"Orgenics, Ltd",EXW,2862.0,52239.49,18.25279175401817,Truck,1.5292046183450931,16.723587135673075,1,47862.90638229634
ASN-15765,Rwanda,MYLAN LABORATORIES LTD (FORMERLY MATRIX LABORATORIES),EXW,10818.0,119695.66,11.064490663708634,Truck,1.5292046183450931,9.535286045363542,1,103152.72443874279
ASN-15775,Uganda,HETERO LABS LIMITED,EXW,7549.0,26095.99,3.4568803815074847,Truck,1.5292046183450931,1.9276757631623915,1,14552.024336112894
ASN-15893,Rwanda,Aurobindo Pharma Limited,EXW,5551.0,49069.74,8.839801837506755,Truck,1.5292046183450931,7.310597219161662,1,40581.12516356639
ASN-15894,Rwanda,Aurobindo Pharma Limited,EXW,5525.0,43237.33,7.825761085972851,Truck,1.5292046183450931,6.296556467627758,1,34788.47448364336
ASN-15895,Rwanda,Aurobindo Pharma Limited,EXW,2520.0,25593.87,10.156297619047619,Truck,1.5292046183450931,8.627093000702526,1,21740.274361770367
ASN-15896,Rwanda,Aurobindo Pharma Limited,EXW,5468.0,48501.5,8.870062179956108,Truck,1.5292046183450931,7.340857561611014,1,40139.80914688903
ASN-1592,Nigeria,"CHEMBIO DIAGNOSTIC SYSTEMS, INC.",EXW,2502.0,15636.7,6.249680255795364,Truck,1.5292046183450931,4.720475637450271,1,11810.630044900578
ASN-1594,Rwanda,CIPLA LIMITED,CIP,3656.0,10500.0,2.8719912472647704,Truck,1.5292046183450931,1.3427866289196773,1,4909.22791533034
ASN-1595,Rwanda,CIPLA LIMITED,CIP,4124.0,10500.0,2.5460717749757515,Truck,1.5292046183450931,1.0168671566306584,1,4193.560153944835
ASN-15953,Nigeria,"Orgenics, Ltd",EXW,3886.0,86928.23,22.369590838908902,Truck,1.5292046183450931,20.840386220563808,1,80985.74085311095
ASN-1596,Rwanda,CIPLA LIMITED,CIP,1766.0,10500.0,5.94563986409966,Truck,1.5292046183450931,4.416435245754567,1,7799.424644002565
ASN-15983,Botswana,"Trinity Biotech, Plc",EXW,1315.0,13179.8,10.022661596958175,Truck,1.5292046183450931,8.493456978613082,1,11168.895926876203
ASN-15987,Zimbabwe,"Orgenics, Ltd",EXW,2486.0,46552.3,18.725784392598552,Truck,1.5292046183450931,17.196579774253458,1,42750.6973187941
ASN-16006,Uganda,MYLAN LABORATORIES LTD (FORMERLY MATRIX LABORATORIES),EXW,24556.0,146850.66,5.980235380355107,Truck,1.5292046183450931,4.451030762010014,1,109299.5113919179
ASN-16036,Tanzania,Aurobindo Pharma Limited,EXW,3267.0,13180.76,4.034514845423937,Truck,1.5292046183450931,2.5053102270788434,1,8184.848511866581
ASN-16037,Tanzania,Aurobindo Pharma Limited,EXW,4611.0,21225.33,4.603194534808068,Truck,1.5292046183450931,3.073989916462975,1,14174.167504810777
ASN-16038,Tanzania,Aurobindo Pharma Limited,EXW,3421.0,15241.75,4.455349313066355,Truck,1.5292046183450931,2.9261446947212617,1,10010.341000641436
ASN-16044,Botswana,"SHANGHAI KEHUA BIOENGINEERING CO.,LTD.  (KHB)",EXW,1111.0,8542.94,7.6894149414941495,Truck,1.5292046183450931,6.160210323149056,1,6843.993669018601
ASN-16096,Mozambique,"Orgenics, Ltd",EXW,14938.0,43304.68,2.898961038961039,Truck,1.5292046183450931,1.369756420615946,1,20461.421411161
ASN-161,Zambia,Abbott GmbH & Co. KG,EXW,857354.0,5157.65,0.006015776447068538,Truck,1.5292046183450931,-1.5231888418980246,0,0.0
ASN-16123,Vietnam,MYLAN LABORATORIES LTD (FORMERLY MATRIX LABORATORIES),EXW,4587.0,11252.53,2.453134946588184,Truck,1.5292046183450931,0.9239303282430911,1,4238.068415651059
ASN-16124,Vietnam,MYLAN LABORATORIES LTD (FORMERLY MATRIX LABORATORIES),EXW,2951.0,7211.04,2.4435920027109455,Truck,1.5292046183450931,0.9143873843658523,1,2698.3571712636303
ASN-16132,Nigeria,"Trinity Biotech, Plc",EXW,2607.0,28595.45,10.968718833908708,Truck,1.5292046183450931,9.439514215563616,1,24608.813559974347
ASN-16178,Vietnam,HETERO LABS LIMITED,EXW,1496.0,2480.22,1.6579010695187164,Truck,1.5292046183450931,0.12869645117362327,1,192.52989095574043
ASN-1619,Zambia,"Trinity Biotech, Plc",EXW,2052.0,24689.0,12.03167641325536,Truck,1.5292046183450931,10.502471794910267,1,21551.072123155867
ASN-16201,Ethiopia,"SHANGHAI KEHUA BIOENGINEERING CO.,LTD.  (KHB)",EXW,17367.0,161962.32,9.325866298151668,Truck,1.5292046183450931,7.796661679806575,1,135404.62339320077
ASN-16217,Tanzania,Aurobindo Pharma Limited,EXW,5578.0,18826.62,3.375155969881678,Truck,1.5292046183450931,1.8459513515365849,1,10296.71663887107
ASN-16218,Tanzania,Aurobindo Pharma Limited,EXW,5215.0,20136.28,3.8612233940556084,Truck,1.5292046183450931,2.332018775710515,1,12161.477915330335
ASN-16219,Tanzania,Aurobindo Pharma Limited,EXW,2210.0,9452.02,4.276932126696833,Truck,1.5292046183450931,2.7477275083517396,1,6072.477793457345
ASN-16286,Haiti,Aurobindo Pharma Limited,EXW,1296.0,9230.19,7.122060185185186,Truck,1.5292046183450931,5.592855566840092,1,7248.340814624759
ASN-16315,Nigeria,MYLAN LABORATORIES LTD (FORMERLY MATRIX LABORATORIES),EXW,1360.0,7665.38,5.636308823529411,Truck,1.5292046183450931,4.107104205184318,1,5585.661719050672
ASN-16362,Vietnam,HETERO LABS LIMITED,EXW,1616.0,3147.88,1.9479455445544556,Truck,1.5292046183450931,0.41874092620936243,1,676.6853367543297
ASN-16382,Vietnam,HETERO LABS LIMITED,EXW,2162.0,3324.85,1.5378584643848288,Truck,1.5292046183450931,0.008653846039735624,1,18.70961513790842
ASN-16417,Zimbabwe,ABBVIE LOGISTICS (FORMERLY ABBOTT LOGISTICS BV),FCA,1374.0,15593.13,11.348711790393013,Truck,1.5292046183450931,9.81950717204792,1,13492.002854393842
ASN-16418,Zimbabwe,ABBVIE LOGISTICS (FORMERLY ABBOTT LOGISTICS BV),FCA,1374.0,15504.4,11.284133915574964,Truck,1.5292046183450931,9.754929297229872,1,13403.272854393843
ASN-16470,Tanzania,HETERO LABS LIMITED,EXW,10579.0,41585.93,3.930988751299745,Truck,1.5292046183450931,2.401784132954652,1,25408.47434252726
ASN-16493,Zambia,"Trinity Biotech, Plc",EXW,1213.0,15504.42,12.781879637262984,Truck,1.5292046183450931,11.252675018917891,1,13649.494797947402
ASN-16494,Kenya,"Trinity Biotech, Plc",EXW,4956.0,36219.03,7.3081174334140435,Truck,1.5292046183450931,5.77891281506895,1,28640.291911481716
ASN-16590,Rwanda,HETERO LABS LIMITED,EXW,4479.0,36677.08,8.188676043759768,Truck,1.5292046183450931,6.659471425414675,1,29827.77251443233
ASN-16600,Côte d'Ivoire,"CHEMBIO DIAGNOSTIC SYSTEMS, INC.",EXW,1056.0,12363.35,11.707717803030304,Truck,1.5292046183450931,10.178513184685212,1,10748.509923027583
ASN-16720,Zambia,"Orgenics, Ltd",EXW,1907.0,34940.02,18.321982170949134,Truck,1.5292046183450931,16.79277755260404,1,32023.826792815904
ASN-16723,Côte d'Ivoire,"Orgenics, Ltd",EXW,1473.0,29742.64,20.191880515953834,Truck,1.5292046183450931,18.66267589760874,1,27490.121597177673
ASN-16853,Zambia,"Orgenics, Ltd",EXW,3896.0,69016.63,17.714740759753596,Truck,1.5292046183450931,16.1855361414085,1,63058.848806927526
ASN-16882,Cameroon,CIPLA LIMITED,EXW,8297.0,60840.32,7.332809449198505,Truck,1.5292046183450931,5.803604830853412,1,48152.509281590756
ASN-16887,Ethiopia,"SHANGHAI KEHUA BIOENGINEERING CO.,LTD.  (KHB)",EXW,13749.0,152368.7,11.082165975707325,Truck,1.5292046183450931,9.552961357362232,1,131343.66570237334
ASN-16907,Tanzania,"Orgenics, Ltd",EXW,3803.0,64075.1,16.848566920851958,Truck,1.5292046183450931,15.319362302506866,1,58259.53483643361
ASN-16908,Zambia,"Orgenics, Ltd",EXW,1428.0,25760.94,18.03987394957983,Truck,1.5292046183450931,16.510669331234737,1,23577.235805003205
ASN-16909,Nigeria,"Orgenics, Ltd",EXW,1352.0,30726.22,22.726494082840237,Truck,1.5292046183450931,21.197289464495142,1,28658.735355997433
ASN-16913,Zimbabwe,ABBVIE LOGISTICS (FORMERLY ABBOTT LOGISTICS BV),FCA,1309.0,15578.89,11.901367456073338,Truck,1.5292046183450931,10.372162837728245,1,13577.161154586272
ASN-16927,Nigeria,"Orgenics, Ltd",EXW,1352.0,30726.22,22.726494082840237,Truck,1.5292046183450931,21.197289464495142,1,28658.735355997433
ASN-16928,Nigeria,"Orgenics, Ltd",EXW,1352.0,31284.02,23.13906804733728,Truck,1.5292046183450931,21.609863428992185,1,29216.535355997432
ASN-16929,Nigeria,"Orgenics, Ltd",EXW,1426.0,33279.83,23.337889200561012,Truck,1.5292046183450931,21.808684582215918,1,31099.1842142399
ASN-16964,Vietnam,MYLAN LABORATORIES LTD (FORMERLY MATRIX LABORATORIES),EXW,4233.0,6878.63,1.6250011811953697,Truck,1.5292046183450931,0.0957965628502766,1,405.50685054522086
ASN-17021,Vietnam,ABBVIE LOGISTICS (FORMERLY ABBOTT LOGISTICS BV),FCA,1138.0,3622.58,3.183286467486819,Truck,1.5292046183450931,1.6540818491417257,1,1882.3451443232839
ASN-17075,Vietnam,Aurobindo Pharma Limited,EXW,5939.0,10770.55,1.8135292136723353,Truck,1.5292046183450931,0.2843245953272422,1,1688.6037716484914
ASN-17077,Vietnam,Aurobindo Pharma Limited,EXW,2998.0,4531.29,1.511437625083389,Truck,1.5292046183450931,-0.017766993261704167,0,0.0
ASN-17081,Tanzania,"Orgenics, Ltd",EXW,1303.0,22223.94,17.055978511128163,Truck,1.5292046183450931,15.526773892783071,1,20231.386382296343
ASN-17082,Tanzania,"Orgenics, Ltd",EXW,1303.0,22223.95,17.05598618572525,Truck,1.5292046183450931,15.526781567380157,1,20231.396382296345
ASN-17083,Tanzania,"Orgenics, Ltd",EXW,1303.0,22158.58,17.00581734458941,Truck,1.5292046183450931,15.476612726244317,1,20166.026382296346
ASN-17084,Tanzania,"Orgenics, Ltd",EXW,1303.0,22617.38,17.357927858787413,Truck,1.5292046183450931,15.82872324044232,1,20624.82638229634
ASN-17085,Tanzania,"Orgenics, Ltd",EXW,1303.0,22317.25,17.12759017651573,Truck,1.5292046183450931,15.598385558170639,1,20324.696382296344
ASN-17092,Cameroon,HETERO LABS LIMITED,EXW,4289.0,30395.15,7.086768477500583,Truck,1.5292046183450931,5.55756385915549,1,23836.391391917896
ASN-17119,Nigeria,NOVARTIS PHARMA SERVICES AG,EXW,1725.0,11954.71,6.930266666666666,Truck,1.5292046183450931,5.401062048321573,1,9316.832033354713
ASN-17166,Nigeria,"Orgenics, Ltd",EXW,1303.0,28734.43,22.052517267843438,Truck,1.5292046183450931,20.523312649498344,1,26741.87638229634
ASN-17167,Nigeria,"Orgenics, Ltd",EXW,1303.0,28734.43,22.052517267843438,Truck,1.5292046183450931,20.523312649498344,1,26741.87638229634
ASN-17168,Nigeria,"Orgenics, Ltd",EXW,1303.0,28734.43,22.052517267843438,Truck,1.5292046183450931,20.523312649498344,1,26741.87638229634
ASN-17169,Nigeria,"Orgenics, Ltd",EXW,1303.0,29251.24,22.449148119723716,Truck,1.5292046183450931,20.919943501378622,1,27258.686382296346
ASN-17177,Vietnam,HETERO LABS LIMITED,EXW,1364.0,2348.57,1.721825513196481,Truck,1.5292046183450931,0.1926208948513879,1,262.7349005772931
ASN-17258,Zimbabwe,ABBVIE LOGISTICS (FORMERLY ABBOTT LOGISTICS BV),FCA,1374.0,21730.49,15.815494905385735,Truck,1.5292046183450931,14.286290287040643,1,19629.362854393843
ASN-17261,Cameroon,MYLAN LABORATORIES LTD (FORMERLY MATRIX LABORATORIES),EXW,3176.0,27939.91,8.79720088161209,Truck,1.5292046183450931,7.267996263266997,1,23083.15613213598
ASN-17272,Nigeria,MYLAN LABORATORIES LTD (FORMERLY MATRIX LABORATORIES),EXW,5059.0,25732.17,5.0864143111286815,Truck,1.5292046183450931,3.557209692783588,1,17995.92383579217
ASN-17316,Nigeria,"Trinity Biotech, Plc",EXW,1990.0,22859.07,11.48696984924623,Truck,1.5292046183450931,9.957765230901138,1,19815.952809493265
ASN-17317,Nigeria,"Trinity Biotech, Plc",EXW,1990.0,23396.04,11.756804020100503,Truck,1.5292046183450931,10.22759940175541,1,20352.922809493266
ASN-17400,Vietnam,Aurobindo Pharma Limited,EXW,1304.0,2220.86,1.7031134969325155,Truck,1.5292046183450931,0.17390887858742232,1,226.7771776779987
ASN-17428,Vietnam,Aurobindo Pharma Limited,EXW,1479.0,5180.86,3.502947937795808,Truck,1.5292046183450931,1.9737433194507148,1,2919.166369467607
ASN-17429,Vietnam,MYLAN LABORATORIES LTD (FORMERLY MATRIX LABORATORIES),EXW,7500.0,19116.64,2.5488853333333332,Truck,1.5292046183450931,1.01968071498824,1,7647.6053624118
ASN-17465,Tanzania,"Orgenics, Ltd",EXW,1186.0,22067.21,18.60641652613828,Truck,1.5292046183450931,17.077211907793185,1,20253.57332264272
ASN-17513,Vietnam,MYLAN LABORATORIES LTD (FORMERLY MATRIX LABORATORIES),EXW,2641.0,4503.42,1.7051950018932223,Truck,1.5292046183450931,0.17599038354812913,1,464.790602950609
ASN-17524,Nigeria,"Orgenics, Ltd",EXW,1186.0,24927.19,21.017866779089374,Truck,1.5292046183450931,19.48866216074428,1,23113.553322642714
ASN-17525,Nigeria,"Orgenics, Ltd",EXW,1186.0,24927.19,21.017866779089374,Truck,1.5292046183450931,19.48866216074428,1,23113.553322642714
ASN-17526,Nigeria,"Orgenics, Ltd",EXW,1186.0,24927.19,21.017866779089374,Truck,1.5292046183450931,19.48866216074428,1,23113.553322642714
ASN-17527,Nigeria,"Orgenics, Ltd",EXW,1186.0,24927.19,21.017866779089374,Truck,1.5292046183450931,19.48866216074428,1,23113.553322642714
ASN-17528,Nigeria,"Orgenics, Ltd",EXW,1186.0,24927.19,21.017866779089374,Truck,1.5292046183450931,19.48866216074428,1,23113.553322642714
ASN-17529,Nigeria,"Orgenics, Ltd",EXW,1186.0,24927.19,21.017866779089374,Truck,1.5292046183450931,19.48866216074428,1,23113.553322642714
ASN-17530,Nigeria,"Orgenics, Ltd",EXW,1186.0,25193.28,21.24222596964587,Truck,1.5292046183450931,19.713021351300775,1,23379.643322642718
ASN-17646,Nigeria,"Orgenics, Ltd",EXW,1235.0,25577.15,20.71024291497976,Truck,1.5292046183450931,19.181038296634664,1,23688.58229634381
ASN-17647,Nigeria,"Orgenics, Ltd",EXW,1058.0,21683.23,20.49454631379962,Truck,1.5292046183450931,18.965341695454526,1,20065.33151379089
ASN-17648,Nigeria,"Orgenics, Ltd",EXW,1235.0,25577.2,20.71028340080972,Truck,1.5292046183450931,19.181078782464624,1,23688.63229634381
ASN-17649,Nigeria,"Orgenics, Ltd",EXW,1235.0,25577.2,20.71028340080972,Truck,1.5292046183450931,19.181078782464624,1,23688.63229634381
ASN-17658,Kenya,"Orgenics, Ltd",CIP,1479.0,91.67,0.06198106828938472,Truck,1.5292046183450931,-1.4672235500557085,0,0.0
ASN-17659,Kenya,"Orgenics, Ltd",CIP,1059.0,91.67,0.08656279508970727,Truck,1.5292046183450931,-1.442641823255386,0,0.0
ASN-17660,Kenya,"Orgenics, Ltd",CIP,1476.0,91.66,0.062100271002710025,Truck,1.5292046183450931,-1.467104347342383,0,0.0
ASN-17808,Zimbabwe,ABBVIE LOGISTICS (FORMERLY ABBOTT LOGISTICS BV),FCA,1374.0,15509.16,11.287598253275108,Truck,1.5292046183450931,9.758393634930016,1,13408.032854393841
ASN-17824,Nigeria,"Trinity Biotech, Plc",EXW,8273.0,94267.77,11.394629517708207,Truck,1.5292046183450931,9.865424899363115,1,81616.66019243105
ASN-18172,Nigeria,"Orgenics, Ltd",EXW,1235.0,88176.17,71.39770850202429,Truck,1.5292046183450931,69.8685038836792,1,86287.6022963438
ASN-18202,Tanzania,"Trinity Biotech, Plc",EXW,2770.0,26281.49,9.487902527075812,Truck,1.5292046183450931,7.958697908730719,1,22045.59320718409
ASN-18271,Zimbabwe,Premier Medical Corporation Ltd.,EXW,2460.0,13380.07,5.4390528455284555,Truck,1.5292046183450931,3.909848227183362,1,9618.22663887107
ASN-18339,Zambia,"Trinity Biotech, Plc",EXW,3445.0,39662.72,11.513126269956459,Truck,1.5292046183450931,9.983921651611366,1,34394.61008980116
ASN-18369,Mozambique,"Orgenics, Ltd",EXW,1329.0,13394.09,10.078322046651618,Truck,1.5292046183450931,8.549117428306525,1,11361.777062219371
ASN-18406,Vietnam,MYLAN LABORATORIES LTD (FORMERLY MATRIX LABORATORIES),EXW,1961.0,7308.37,3.726858745537991,Truck,1.5292046183450931,2.197654127192898,1,4309.599743425273
ASN-18408,Vietnam,MYLAN LABORATORIES LTD (FORMERLY MATRIX LABORATORIES),EXW,2741.0,4802.92,1.7522510032834733,Truck,1.5292046183450931,0.22304638493838014,1,611.3701411161
ASN-18422,Tanzania,"Trinity Biotech, Plc",EXW,2753.0,25485.81,9.257468216491102,Truck,1.5292046183450931,7.728263598146008,1,21275.909685695962
ASN-18530,Mozambique,"Orgenics, Ltd",EXW,1298.0,13146.21,10.128050847457626,Truck,1.5292046183450931,8.598846229112533,1,11161.302405388069
ASN-18531,Mozambique,"Orgenics, Ltd",EXW,1325.0,13303.36,10.040271698113209,Truck,1.5292046183450931,8.511067079768116,1,11277.163880692755
ASN-18532,Mozambique,"Orgenics, Ltd",EXW,1330.0,13801.89,10.377360902255639,Truck,1.5292046183450931,8.848156283910546,1,11768.047857601026
ASN-18599,Nigeria,"Orgenics, Ltd",EXW,1252.0,26380.35,21.070567092651757,Truck,1.5292046183450931,19.541362474306663,1,24465.78581783194
ASN-18600,Nigeria,"Orgenics, Ltd",EXW,1249.0,26380.35,21.12117694155324,Truck,1.5292046183450931,19.591972323208147,1,24470.373431686974
ASN-18601,Nigeria,"Orgenics, Ltd",EXW,1247.0,26859.39,21.539206094627104,Truck,1.5292046183450931,20.01000147628201,1,24952.471840923667
ASN-18602,Nigeria,"Orgenics, Ltd",EXW,1271.0,26859.39,21.132486231313926,Truck,1.5292046183450931,19.603281612968832,1,24915.770930083385
ASN-18603,Tanzania,MYLAN LABORATORIES LTD (FORMERLY MATRIX LABORATORIES),EXW,1710.0,8344.86,4.880035087719299,Truck,1.5292046183450931,3.3508304693742055,1,5729.9201026298915
ASN-18662,Vietnam,HETERO LABS LIMITED,EXW,1089.0,2006.63,1.8426354453627183,Truck,1.5292046183450931,0.31343082701762515,1,341.3261706221938
ASN-18664,Vietnam,HETERO LABS LIMITED,EXW,2228.0,3565.08,1.6001256732495512,Truck,1.5292046183450931,0.0709210549044581,1,158.01211032713266
ASN-18665,Vietnam,HETERO LABS LIMITED,EXW,1505.0,2604.31,1.73043853820598,Truck,1.5292046183450931,0.2012339198608868,1,302.85704939063464
ASN-1874,Nigeria,"CHEMBIO DIAGNOSTIC SYSTEMS, INC.",EXW,2093.0,16036.94,7.6621786908743434,Truck,1.5292046183450931,6.13297407252925,1,12836.31473380372
ASN-18759,Vietnam,HETERO LABS LIMITED,EXW,1726.0,11984.91,6.94374855156431,Truck,1.5292046183450931,5.414543933219217,1,9345.502828736368
ASN-18761,Vietnam,HETERO LABS LIMITED,EXW,1483.0,11346.48,7.651031692515172,Truck,1.5292046183450931,6.121827074170079,1,9078.669550994227
ASN-18803,Zimbabwe,ABBVIE LOGISTICS (FORMERLY ABBOTT LOGISTICS BV),FCA,1374.0,9299.26,6.76802037845706,Truck,1.5292046183450931,5.238815760111967,1,7198.1328543938425
ASN-18882,Uganda,"Orgenics, Ltd",EXW,1346.0,32471.83,24.124687964338783,Truck,1.5292046183450931,22.59548334599369,1,30413.520583707505
ASN-18883,Uganda,"Orgenics, Ltd",EXW,1313.0,31917.19,24.308598629093677,Truck,1.5292046183450931,22.779394010748582,1,29909.34433611289
ASN-18903,Vietnam,HETERO LABS LIMITED,EXW,2804.0,9759.55,3.4805813124108416,Truck,1.5292046183450931,1.9513766940657484,1,5471.660250160358
ASN-18913,Vietnam,HETERO LABS LIMITED,EXW,3442.0,10533.01,3.0601423590935504,Truck,1.5292046183450931,1.5309377407484572,1,5269.48770365619
ASN-18970,Vietnam,STRIDES ARCOLAB LIMITED,EXW,1741.0,3821.49,2.194997128087306,Truck,1.5292046183450931,0.6657925097422128,1,1159.1447594611925
ASN-18971,Vietnam,STRIDES ARCOLAB LIMITED,EXW,2777.0,4461.72,1.606669067338855,Truck,1.5292046183450931,0.07746444899376193,1,215.11877485567686
ASN-19032,Pakistan,INVERNESS MEDICAL INNOVATIONS HONG KONG LTD,EXW,1948.0,21689.39,11.134183778234085,Truck,1.5292046183450931,9.604979159888993,1,18710.499403463757
ASN-19076,Zambia,"Orgenics, Ltd",EXW,2910.0,21684.99,7.451886597938145,Truck,1.5292046183450931,5.922681979593052,1,17235.00456061578
ASN-19077,Zambia,"Orgenics, Ltd",EXW,1222.0,22041.41,18.03716039279869,Truck,1.5292046183450931,16.507955774453595,1,20172.721956382295
ASN-19078,Zambia,"Orgenics, Ltd",EXW,1080.0,19598.71,18.1469537037037,Truck,1.5292046183450931,16.617749085358607,1,17947.169012187296
ASN-19138,Côte d'Ivoire,"Orgenics, Ltd",EXW,1280.0,23270.25,18.1798828125,Truck,1.5292046183450931,16.650678194154906,1,21312.86808851828
ASN-19139,Côte d'Ivoire,"Orgenics, Ltd",EXW,1284.0,23273.76,18.125981308411212,Truck,1.5292046183450931,16.596776690066118,1,21310.261270044895
ASN-1932,Tanzania,"Standard Diagnostics, Inc.",EXW,3122.0,22691.75,7.268337604099936,Truck,1.5292046183450931,5.739132985754843,1,17917.57318152662
ASN-1933,Tanzania,"Standard Diagnostics, Inc.",EXW,3110.0,22663.18,7.287196141479099,Truck,1.5292046183450931,5.757991523134006,1,17907.35363694676
ASN-19383,Vietnam,MICRO LABS LIMITED,EXW,1588.0,11413.52,7.18735516372796,Truck,1.5292046183450931,5.658150545382867,1,8985.143066067993
ASN-19389,Zambia,ABBVIE LOGISTICS (FORMERLY ABBOTT LOGISTICS BV),FCA,1374.0,10365.13,7.543762736535662,Truck,1.5292046183450931,6.0145581181905685,1,8264.00285439384
ASN-19516,Zambia,CIPLA LIMITED,EXW,3533.0,20188.13,5.714160769883952,Truck,1.5292046183450931,4.1849561515388585,1,14785.450083386788
ASN-19611,Zimbabwe,ABBVIE LOGISTICS (FORMERLY ABBOTT LOGISTICS BV),FCA,2172.0,31073.95,14.306606813996318,Truck,1.5292046183450931,12.777402195651225,1,27752.517568954463
ASN-19620,Vietnam,MICRO LABS LIMITED,EXW,2350.0,10627.8,4.522468085106382,Truck,1.5292046183450931,2.993263466761289,1,7034.169146889029
ASN-19635,Côte d'Ivoire,"Orgenics, Ltd",EXW,1284.0,125.42,0.0976791277258567,Truck,1.5292046183450931,-1.4315254906192365,0,0.0
ASN-19636,Côte d'Ivoire,"Orgenics, Ltd",EXW,1280.0,125.42,0.097984375,Truck,1.5292046183450931,-1.4312202433450931,0,0.0
ASN-19648,Nigeria,"CHEMBIO DIAGNOSTIC SYSTEMS, INC.",EXW,1784.0,8248.33,4.6235033632287,Truck,1.5292046183450931,3.0942987448836066,1,5520.228960872354
ASN-1966,Rwanda,Premier Medical Corporation Ltd.,EXW,2130.0,17331.66,8.13692957746479,Truck,1.5292046183450931,6.607724959119696,1,14074.454162924952
ASN-19695,Vietnam,MICRO LABS LIMITED,EXW,1782.0,9648.44,5.414388327721661,Truck,1.5292046183450931,3.8851837093765678,1,6923.397370109044
ASN-19787,Vietnam,HETERO LABS LIMITED,EXW,1736.0,8163.83,4.702667050691244,Truck,1.5292046183450931,3.1734624323461507,1,5509.1307825529175
ASN-19859,Vietnam,HETERO LABS LIMITED,EXW,3751.0,10867.28,2.8971687549986673,Truck,1.5292046183450931,1.3679641366535742,1,5131.233476587557
ASN-19860,Vietnam,HETERO LABS LIMITED,EXW,5092.0,7312.6,1.4360958366064416,Truck,1.5292046183450931,-0.09310878173865156,0,0.0
ASN-20042,Vietnam,MYLAN LABORATORIES LTD (FORMERLY MATRIX LABORATORIES),EXW,4806.0,18700.09,3.8909883478984604,Truck,1.5292046183450931,2.361783729553367,1,11350.732604233483
ASN-20043,Vietnam,MYLAN LABORATORIES LTD (FORMERLY MATRIX LABORATORIES),EXW,3419.0,15006.27,4.389081602807838,Truck,1.5292046183450931,2.859876984462745,1,9777.919409878124
ASN-20055,Zambia,"Trinity Biotech, Plc",EXW,2262.0,27038.58,11.953395225464192,Truck,1.5292046183450931,10.4241906071191,1,23579.5191533034
ASN-2008,Nigeria,"Orgenics, Ltd",EXW,1251.0,16090.22,12.861886490807354,Truck,1.5292046183450931,11.332681872462262,1,14177.185022450289
ASN-201,Ethiopia,Abbott GmbH & Co. KG,EXW,1707.0,24859.45,14.563239601640305,Truck,1.5292046183450931,13.034034983295212,1,22249.09771648493
ASN-2014,Nigeria,"CHEMBIO DIAGNOSTIC SYSTEMS, INC.",EXW,2907.0,18864.37,6.489291365669074,Truck,1.5292046183450931,4.960086747323981,1,14418.972174470813
ASN-20150,Kenya,Premier Medical Corporation Ltd.,EXW,2020.0,10682.41,5.288321782178218,Truck,1.5292046183450931,3.7591171638331247,1,7593.416670942912
ASN-20159,Tanzania,Aurobindo Pharma Limited,EXW,4611.0,20618.55,4.471600520494469,Truck,1.5292046183450931,2.942395902149376,1,13567.387504810773
ASN-20160,Tanzania,Aurobindo Pharma Limited,EXW,4059.0,17997.84,4.434057649667406,Truck,1.5292046183450931,2.904853031322313,1,11790.798454137268
ASN-20238,Uganda,"Orgenics, Ltd",EXW,1215.0,16337.03,13.446115226337449,Truck,1.5292046183450931,11.916910607992357,1,14479.046388710713
ASN-20239,Uganda,"Orgenics, Ltd",EXW,1239.0,16337.03,13.185657788539144,Truck,1.5292046183450931,11.656453170194052,1,14442.34547787043
ASN-2024,Nigeria,IDA FOUNDATION,EXW,1920.0,20134.43,10.486682291666666,Truck,1.5292046183450931,8.957477673321574,1,17198.357132777423
ASN-20240,Uganda,"Orgenics, Ltd",EXW,1323.0,16337.04,12.348480725623583,Truck,1.5292046183450931,10.81927610727849,1,14313.902289929443
ASN-20241,Uganda,"Orgenics, Ltd",EXW,1317.0,47892.57,36.36489749430524,Truck,1.5292046183450931,34.83569287596015,1,45878.60751763952
ASN-20329,Haiti,"Orgenics, Ltd",EXW,1740.0,24069.99,13.833327586206897,Truck,1.5292046183450931,12.304122967861804,1,21409.17396407954
ASN-20353,Zambia,"Orgenics, Ltd",EXW,1184.0,17657.02,14.913023648648648,Truck,1.5292046183450931,13.383819030303556,1,15846.441731879411
ASN-20366,Vietnam,MYLAN LABORATORIES LTD (FORMERLY MATRIX LABORATORIES),EXW,5281.0,13625.75,2.580145805718614,Truck,1.5292046183450931,1.0509411873735208,1,5550.0204105195635
ASN-20367,Vietnam,MYLAN LABORATORIES LTD (FORMERLY MATRIX LABORATORIES),EXW,3425.0,11077.85,3.2344087591240878,Truck,1.5292046183450931,1.7052041407789946,1,5840.324182168057
ASN-20368,Vietnam,MYLAN LABORATORIES LTD (FORMERLY MATRIX LABORATORIES),EXW,2843.0,9740.27,3.4260534646500176,Truck,1.5292046183450931,1.8968488463049245,1,5392.7412700449
ASN-20434,Haiti,MICRO LABS LIMITED,EXW,2284.0,13257.25,5.804400175131349,Truck,1.5292046183450931,4.275195556786255,1,9764.546651699808
ASN-20469,Tanzania,"Standard Diagnostics, Inc.",EXW,1642.0,25778.9,15.699695493300853,Truck,1.5292046183450931,14.17049087495576,1,23267.946016677357
ASN-20472,"Congo, DRC","Orgenics, Ltd",EXW,1361.0,24410.67,17.935833945628215,Truck,1.5292046183450931,16.40662932728312,1,22329.422514432328
ASN-20474,Zambia,"Orgenics, Ltd",EXW,2606.0,38354.26,14.717674597083654,Truck,1.5292046183450931,13.188469978738562,1,34369.15276459269
ASN-20475,Zambia,"Orgenics, Ltd",EXW,1204.0,19587.34,16.26855481727575,Truck,1.5292046183450931,14.739350198930657,1,17746.177639512513
ASN-20477,Zambia,"Orgenics, Ltd",EXW,1214.0,18875.83,15.54845963756178,Truck,1.5292046183450931,14.019255019216688,1,17019.37559332906
ASN-20481,Zambia,"Orgenics, Ltd",EXW,1259.0,19517.12,15.502081016679904,Truck,1.5292046183450931,13.972876398334812,1,17591.851385503527
ASN-20547,Mozambique,HETERO LABS LIMITED,EXW,3957.0,18263.45,4.615478898155168,Truck,1.5292046183450931,3.086274279810075,1,12212.387325208467
ASN-20555,Vietnam,Aurobindo Pharma Limited,EXW,1846.0,3314.03,1.7952491874322862,Truck,1.5292046183450931,0.2660445690871931,1,491.11827453495846
ASN-20675,Ethiopia,"SHANGHAI KEHUA BIOENGINEERING CO.,LTD.  (KHB)",EXW,2777.0,34137.03,12.292772776377385,Truck,1.5292046183450931,10.763568158032292,1,29890.428774855674
ASN-2068,Rwanda,Aurobindo Pharma Limited,CIP,3953.0,23071.26,5.8363926132051605,Truck,1.5292046183450931,4.307187994860067,1,17026.314143681844
ASN-2079,Rwanda,Aurobindo Pharma Limited,CIP,5311.0,30408.04,5.725482959894559,Truck,1.5292046183450931,4.1962783415494656,1,22286.43427196921
ASN-2080,Rwanda,Aurobindo Pharma Limited,CIP,6768.0,38120.96,5.632529550827423,Truck,1.5292046183450931,4.103324932482329,1,27771.303143040404
ASN-20858,Tanzania,Aurobindo Pharma Limited,EXW,4699.0,17907.7,3.810959778676314,Truck,1.5292046183450931,2.2817551603312207,1,10721.967498396407
ASN-20859,Tanzania,Aurobindo Pharma Limited,EXW,4190.0,16066.92,3.8345871121718376,Truck,1.5292046183450931,2.3053824938267446,1,9659.55264913406
ASN-20860,Tanzania,Aurobindo Pharma Limited,EXW,4609.0,17581.92,3.814692991972228,Truck,1.5292046183450931,2.2854883736271345,1,10533.815914047464
ASN-20912,Cameroon,HETERO LABS LIMITED,EXW,1632.0,15773.2,9.664950980392158,Truck,1.5292046183450931,8.135746362047065,1,13277.53806286081
ASN-20922,Uganda,MYLAN LABORATORIES LTD (FORMERLY MATRIX LABORATORIES),EXW,8402.0,28304.85,3.368822899309688,Truck,1.5292046183450931,1.8396182809645947,1,15456.472796664524
ASN-20951,Côte d'Ivoire,"Orgenics, Ltd",EXW,1394.0,20822.73,14.937395982783357,Truck,1.5292046183450931,13.408191364438265,1,18691.018762026943
ASN-20969,Kenya,"SHANGHAI KEHUA BIOENGINEERING CO.,LTD.  (KHB)",EXW,18580.0,241407.27,12.992856297093649,Truck,1.5292046183450931,11.463651678748557,1,212994.64819114818
ASN-20983,Cameroon,CIPLA LIMITED,EXW,5753.0,49502.92,8.604714062228402,Truck,1.5292046183450931,7.075509443883308,1,40705.405830660675
ASN-21073,Zambia,Aurobindo Pharma Limited,EXW,7133.0,40583.63,5.689559792513668,Truck,1.5292046183450931,4.160355174168575,1,29675.813457344444
ASN-21218,Nigeria,"Orgenics, Ltd",EXW,1241.0,13325.59,10.737784045124899,Truck,1.5292046183450931,9.208579426779806,1,11427.84706863374
ASN-21219,Nigeria,"Orgenics, Ltd",EXW,1248.0,13383.47,10.723934294871794,Truck,1.5292046183450931,9.194729676526702,1,11475.022636305324
ASN-21220,Nigeria,"Orgenics, Ltd",EXW,1248.0,13325.5,10.677483974358974,Truck,1.5292046183450931,9.148279356013882,1,11417.052636305325
ASN-21221,Nigeria,"Orgenics, Ltd",EXW,1228.0,13325.65,10.85150651465798,Truck,1.5292046183450931,9.322301896312888,1,11447.786728672227
ASN-21222,Nigeria,"Orgenics, Ltd",EXW,1221.0,12793.7,10.478050778050779,Truck,1.5292046183450931,8.948846159705687,1,10926.541161000643
ASN-21223,Nigeria,"Orgenics, Ltd",EXW,1245.0,13383.47,10.749775100401607,Truck,1.5292046183450931,9.220570482056514,1,11479.61025016036
ASN-21224,Nigeria,"Orgenics, Ltd",EXW,1235.0,13383.47,10.836817813765181,Truck,1.5292046183450931,9.307613195420089,1,11494.90229634381
ASN-21229,Tanzania,"Standard Diagnostics, Inc.",EXW,1208.0,20583.37,17.03921357615894,Truck,1.5292046183450931,15.510008957813847,1,18736.090821039128
ASN-21230,Tanzania,"Standard Diagnostics, Inc.",EXW,1265.0,21384.75,16.90494071146245,Truck,1.5292046183450931,15.375736093117359,1,19450.30615779346
ASN-21231,Tanzania,"Standard Diagnostics, Inc.",EXW,1255.0,21384.75,17.039641434262947,Truck,1.5292046183450931,15.510436815917855,1,19465.598203976908
ASN-21233,Tanzania,"Standard Diagnostics, Inc.",EXW,1249.0,20906.77,16.73880704563651,Truck,1.5292046183450931,15.209602427291417,1,18996.79343168698
ASN-21234,Tanzania,"Standard Diagnostics, Inc.",EXW,1257.0,21351.18,16.98582338902148,Truck,1.5292046183450931,15.456618770676387,1,19428.96979474022
ASN-21309,Cameroon,"Orgenics, Ltd",EXW,2268.0,37942.89,16.72966931216931,Truck,1.5292046183450931,15.200464693824218,1,34474.653925593324
ASN-21347,Côte d'Ivoire,"CHEMBIO DIAGNOSTIC SYSTEMS, INC.",EXW,1252.0,10821.66,8.64349840255591,Truck,1.5292046183450931,7.114293784210816,1,8907.095817831942
ASN-21405,Uganda,MYLAN LABORATORIES LTD (FORMERLY MATRIX LABORATORIES),EXW,6918.0,22886.81,3.308298641225788,Truck,1.5292046183450931,1.779094022880695,1,12307.772450288649
ASN-21423,Rwanda,"SHANGHAI KEHUA BIOENGINEERING CO.,LTD.  (KHB)",EXW,18667.0,289653.2,15.51685862752451,Truck,1.5292046183450931,13.987654009179417,1,261107.5373893522
ASN-21426,Mozambique,STRIDES ARCOLAB LIMITED,EXW,1139.0,4683.02,4.1115188762071995,Truck,1.5292046183450931,2.582314257862106,1,2941.255939704939
ASN-21499,Cameroon,MYLAN LABORATORIES LTD (FORMERLY MATRIX LABORATORIES),EXW,5016.0,43408.7,8.654047049441786,Truck,1.5292046183450931,7.124842431096693,1,35738.20963438101
ASN-21501,Tanzania,MYLAN LABORATORIES LTD (FORMERLY MATRIX LABORATORIES),EXW,28678.0,118541.26,4.133526047841551,Truck,1.5292046183450931,2.6043214294964576,1,74686.7299550994
ASN-21520,Uganda,STRIDES ARCOLAB LIMITED,EXW,6953.0,30711.92,4.417074644038545,Truck,1.5292046183450931,2.8878700256934513,1,20079.360288646567
ASN-21530,Cameroon,CIPLA LIMITED,EXW,4549.0,36166.79,7.950492415915586,Truck,1.5292046183450931,6.421287797570493,1,29210.438191148172
ASN-21532,Uganda,HETERO LABS LIMITED,EXW,2773.0,8723.46,3.1458564731337897,Truck,1.5292046183450931,1.6166518547886966,1,4482.975593329055
ASN-21551,Vietnam,ABBVIE LOGISTICS (FORMERLY ABBOTT LOGISTICS BV),FCA,2042.0,6969.82,3.413232125367287,Truck,1.5292046183450931,1.884027507022194,1,3847.18416933932
ASN-21559,Tanzania,CIPLA LIMITED,EXW,21674.0,90677.04,4.1836781397065606,Truck,1.5292046183450931,2.654473521361467,1,57533.05910198844
ASN-21568,Zambia,Aurobindo Pharma Limited,EXW,1184.0,5904.94,4.987280405405405,Truck,1.5292046183450931,3.458075787060312,1,4094.3617318794095
ASN-21651,Vietnam,HETERO LABS LIMITED,EXW,1228.0,1849.17,1.5058387622149838,Truck,1.5292046183450931,-0.02336585613010933,0,0.0
ASN-21652,Vietnam,HETERO LABS LIMITED,EXW,2321.0,3353.3,1.444765187419216,Truck,1.5292046183450931,-0.08443943092587713,0,0.0
ASN-21694,Vietnam,MYLAN LABORATORIES LTD (FORMERLY MATRIX LABORATORIES),EXW,1640.0,2503.07,1.5262621951219513,Truck,1.5292046183450931,-0.0029424232231418657,0,0.0
ASN-21695,Vietnam,MYLAN LABORATORIES LTD (FORMERLY MATRIX LABORATORIES),EXW,1295.0,2021.05,1.5606563706563705,Truck,1.5292046183450931,0.03145175231127739,1,40.73001924310422
ASN-21698,Cameroon,Aurobindo Pharma Limited,EXW,2993.0,28620.2,9.562378884062813,Truck,1.5292046183450931,8.03317426571772,1,24043.290577293137
ASN-21700,Cameroon,Aurobindo Pharma Limited,EXW,4117.0,35943.58,8.730527082827303,Truck,1.5292046183450931,7.201322464482209,1,29647.844586273255
ASN-21701,Cameroon,Aurobindo Pharma Limited,EXW,3642.0,31434.31,8.63105711147721,Truck,1.5292046183450931,7.1018524931321165,1,25864.946779987167
ASN-21703,Cameroon,Aurobindo Pharma Limited,EXW,4426.0,37479.21,8.467964301852689,Truck,1.5292046183450931,6.9387596835075955,1,30710.950359204617
ASN-21704,Cameroon,Aurobindo Pharma Limited,EXW,4926.0,40227.6,8.166382460414129,Truck,1.5292046183450931,6.637177842069035,1,32694.73805003207
ASN-21706,Cameroon,Aurobindo Pharma Limited,EXW,4892.0,41173.77,8.416551512673752,Truck,1.5292046183450931,6.887346894328659,1,33692.9010070558
ASN-21707,Cameroon,Aurobindo Pharma Limited,EXW,3234.0,26980.59,8.342792207792208,Truck,1.5292046183450931,6.813587589447114,1,22035.142264271966
ASN-21708,Cameroon,Aurobindo Pharma Limited,EXW,3227.0,26930.79,8.345457080880074,Truck,1.5292046183450931,6.8162524625349805,1,21996.04669660038
ASN-21709,Cameroon,Aurobindo Pharma Limited,EXW,2100.0,17568.6,8.366,Truck,1.5292046183450931,6.836795381654906,1,14357.270301475302
ASN-21710,Cameroon,Aurobindo Pharma Limited,EXW,4093.0,34441.93,8.414837527485952,Truck,1.5292046183450931,6.885632909140859,1,28182.895497113535
ASN-21763,Côte d'Ivoire,"Standard Diagnostics, Inc.",EXW,1267.0,12711.93,10.033093922651934,Truck,1.5292046183450931,8.503889304306842,1,10774.427748556769
ASN-21766,Uganda,CIPLA LIMITED,EXW,15435.0,56180.34,3.639801749271137,Truck,1.5292046183450931,2.1105971309260436,1,32577.066715843484
ASN-21767,Uganda,CIPLA LIMITED,EXW,8722.0,32208.32,3.692767713827104,Truck,1.5292046183450931,2.1635630954820106,1,18870.597318794098
ASN-21813,Burundi,"Orgenics, Ltd",EXW,1133.0,20572.96,18.157952338923213,Truck,1.5292046183450931,16.62874772057812,1,18840.371167415007
ASN-21817,Vietnam,MYLAN LABORATORIES LTD (FORMERLY MATRIX LABORATORIES),EXW,9479.0,14402.92,1.519455638780462,Truck,1.5292046183450931,-0.009748979564631055,0,0.0
ASN-21846,Zambia,"Trinity Biotech, Plc",EXW,1353.0,17507.94,12.940088691796008,Truck,1.5292046183450931,11.410884073450916,1,15438.92615137909
ASN-21848,Haiti,"Orgenics, Ltd",EXW,1624.0,16994.9,10.464839901477834,Truck,1.5292046183450931,8.935635283132742,1,14511.471699807573
ASN-21851,Cameroon,CIPLA LIMITED,EXW,4082.0,51243.69,12.553574228319452,Truck,1.5292046183450931,11.024369609974359,1,45001.47674791533
ASN-21906,Zambia,"Orgenics, Ltd",EXW,1623.0,20644.03,12.719673444239064,Truck,1.5292046183450931,11.190468825893971,1,18162.130904425914
ASN-21926,Tanzania,HETERO LABS LIMITED,EXW,28168.0,127285.48,4.518797216699801,Truck,1.5292046183450931,2.989592598354708,1,84210.84431045542
ASN-21946,Cameroon,HETERO LABS LIMITED,EXW,11615.0,102199.13,8.798891950064572,Truck,1.5292046183450931,7.269687331719479,1,84437.41835792175
ASN-21967,Cameroon,Orasure Technologies Inc.,EXW,5006.0,88560.19,17.690809029165003,Truck,1.5292046183450931,16.16160441081991,1,80904.99168056446
ASN-22068,Cameroon,CIPLA LIMITED,EXW,1278.0,15106.61,11.820508607198748,Truck,1.5292046183450931,10.291303988853656,1,13152.286497754973
ASN-22072,Vietnam,MYLAN LABORATORIES LTD (FORMERLY MATRIX LABORATORIES),EXW,1984.0,3225.12,1.6255645161290322,Truck,1.5292046183450931,0.09635989778393905,1,191.17803720333507
ASN-22130,Uganda,MYLAN LABORATORIES LTD (FORMERLY MATRIX LABORATORIES),EXW,3262.0,12034.96,3.689442060085837,Truck,1.5292046183450931,2.160237441740744,1,7046.694534958307
ASN-22141,Uganda,CIPLA LIMITED,EXW,1874.0,7487.81,3.995629669156884,Truck,1.5292046183450931,2.4664250508117904,1,4622.080545221295
ASN-22152,Tanzania,Aurobindo Pharma Limited,EXW,1909.0,9612.49,5.035353588266108,Truck,1.5292046183450931,3.506148969921014,1,6693.238383579216
ASN-22171,Cameroon,"Orgenics, Ltd",EXW,1238.0,46044.38,37.19255250403877,Truck,1.5292046183450931,35.66334788569368,1,44151.22468248878
ASN-22172,Nigeria,"Orgenics, Ltd",EXW,1233.0,20602.3,16.709083536090834,Truck,1.5292046183450931,15.179878917745741,1,18716.790705580497
ASN-22173,Nigeria,"Orgenics, Ltd",EXW,1244.0,20602.3,16.561334405144695,Truck,1.5292046183450931,15.032129786799603,1,18699.969454778704
ASN-22179,Cameroon,HETERO LABS LIMITED,EXW,7912.0,62102.07,7.8490988372093025,Truck,1.5292046183450931,6.319894218864209,1,50003.00305965362
ASN-22180,Cameroon,SUN PHARMACEUTICAL INDUSTRIES LTD (RANBAXY LABORATORIES LIMITED),EXW,4123.0,28778.76,6.9800533592044625,Truck,1.5292046183450931,5.450848740859369,1,22473.84935856318
ASN-22342,Nigeria,"Orgenics, Ltd",EXW,1248.0,20602.3,16.508253205128206,Truck,1.5292046183450931,14.979048586783113,1,18693.852636305324
ASN-22343,Nigeria,"Orgenics, Ltd",EXW,1231.0,20705.23,16.819845653939886,Truck,1.5292046183450931,15.290641035594794,1,18822.779114817193
ASN-22344,Nigeria,"Orgenics, Ltd",EXW,1241.0,20602.3,16.601369863013698,Truck,1.5292046183450931,15.072165244668605,1,18704.557068633738
ASN-22346,Nigeria,"Orgenics, Ltd",EXW,1234.0,21084.84,17.086580226904378,Truck,1.5292046183450931,15.557375608559285,1,19197.80150096216
ASN-22347,Nigeria,"Orgenics, Ltd",EXW,1221.0,19891.2,16.290909090909093,Truck,1.5292046183450931,14.761704472564,1,18024.041161000645
ASN-22348,Nigeria,"Orgenics, Ltd",EXW,1240.0,20705.23,16.697766129032257,Truck,1.5292046183450931,15.168561510687164,1,18809.016273252084
ASN-22349,Nigeria,"Orgenics, Ltd",EXW,1249.0,20705.23,16.577445956765413,Truck,1.5292046183450931,15.04824133842032,1,18795.25343168698
ASN-22350,Nigeria,"Orgenics, Ltd",EXW,1233.0,21084.84,17.10043795620438,Truck,1.5292046183450931,15.571233337859288,1,19199.3307055805
ASN-22351,Nigeria,"Orgenics, Ltd",EXW,1234.0,21084.84,17.086580226904378,Truck,1.5292046183450931,15.557375608559285,1,19197.80150096216
ASN-22352,Nigeria,"Orgenics, Ltd",EXW,1238.0,22872.42,18.475298869143778,Truck,1.5292046183450931,16.946094250798684,1,20979.26468248877
ASN-22353,Nigeria,"Orgenics, Ltd",EXW,1235.0,21084.84,17.072744939271256,Truck,1.5292046183450931,15.543540320926164,1,19196.272296343814
ASN-22354,Nigeria,"Orgenics, Ltd",EXW,1249.0,21084.84,16.881377101681345,Truck,1.5292046183450931,15.352172483336252,1,19174.86343168698
ASN-22356,Nigeria,"Orgenics, Ltd",EXW,1192.0,19458.84,16.32453020134228,Truck,1.5292046183450931,14.795325582997188,1,17636.028094932648
ASN-22467,Cameroon,STRIDES ARCOLAB LIMITED,EXW,1638.0,18141.62,11.075470085470085,Truck,1.5292046183450931,9.546265467124993,1,15636.782835150738
ASN-22493,Uganda,CIPLA LIMITED,EXW,5714.0,20416.03,3.5729838991949596,Truck,1.5292046183450931,2.0437792808498667,1,11678.15481077614
ASN-22494,Uganda,CIPLA LIMITED,EXW,8638.0,30764.18,3.5614934012502895,Truck,1.5292046183450931,2.032288782905196,1,17554.910506735083
ASN-22495,Uganda,CIPLA LIMITED,EXW,4620.0,18550.93,4.015352813852814,Truck,1.5292046183450931,2.4861481955077203,1,11486.004663245667
ASN-22496,Uganda,CIPLA LIMITED,EXW,5593.0,19759.68,3.5329304487752546,Truck,1.5292046183450931,2.0037258304301613,1,11206.838569595891
ASN-22654,Cameroon,MYLAN LABORATORIES LTD (FORMERLY MATRIX LABORATORIES),EXW,9268.0,77756.12,8.389741044454034,Truck,1.5292046183450931,6.860536426108941,1,63583.451597177664
ASN-2267,Nigeria,"CHEMBIO DIAGNOSTIC SYSTEMS, INC.",EXW,2224.0,12768.47,5.741218525179856,Truck,1.5292046183450931,4.212013906834763,1,9367.518928800511
ASN-22712,Haiti,MYLAN LABORATORIES LTD (FORMERLY MATRIX LABORATORIES),EXW,1189.0,7296.97,6.137064760302776,Truck,1.5292046183450931,4.607860141957683,1,5478.745708787685
ASN-2274,Vietnam,Aurobindo Pharma Limited,EXW,2719.0,18614.72,6.8461640308937115,Truck,1.5292046183450931,5.316959412548618,1,14456.812642719693
ASN-22752,Nigeria,"CHEMBIO DIAGNOSTIC SYSTEMS, INC.",EXW,2097.0,9634.16,4.594258464473056,Truck,1.5292046183450931,3.065053846127963,1,6427.4179153303385
ASN-22827,Vietnam,CIPLA LIMITED,EXW,1485.0,2702.63,1.819952861952862,Truck,1.5292046183450931,0.29074824360776885,1,431.76114175753673
ASN-22833,Tanzania,CIPLA LIMITED,EXW,7696.0,33442.63,4.345456081081081,Truck,1.5292046183450931,2.8162514627359876,1,21673.87125721616
ASN-22834,Tanzania,CIPLA LIMITED,EXW,11646.0,50445.73,4.331592821569638,Truck,1.5292046183450931,2.8023882032245444,1,32636.613014753046
ASN-22835,Tanzania,CIPLA LIMITED,EXW,2368.0,11363.07,4.79859375,Truck,1.5292046183450931,3.269389131654907,1,7741.9134637588195
ASN-22849,Rwanda,Aurobindo Pharma Limited,EXW,1428.0,9061.84,6.345826330532213,Truck,1.5292046183450931,4.8166217121871195,1,6878.135805003207
ASN-22877,Nigeria,"Orgenics, Ltd",EXW,3788.0,61035.9,16.112961985216472,Truck,1.5292046183450931,14.58375736687138,1,55243.272905708785
ASN-22879,Nigeria,"Orgenics, Ltd",EXW,3787.0,61637.1,16.27597042513863,Truck,1.5292046183450931,14.746765806793539,1,55846.00211032713
ASN-22882,Nigeria,"Orgenics, Ltd",EXW,3090.0,60185.33,19.477453074433658,Truck,1.5292046183450931,17.948248456088564,1,55460.087729313665
ASN-22885,Nigeria,"Orgenics, Ltd",EXW,3778.0,59767.71,15.819933827421917,Truck,1.5292046183450931,14.290729209076824,1,53990.37495189224
ASN-22886,Nigeria,"Orgenics, Ltd",EXW,2425.0,39069.63,16.111187628865977,Truck,1.5292046183450931,14.581983010520885,1,35361.30880051314
ASN-22982,Uganda,Aurobindo Pharma Limited,EXW,2127.0,10898.13,5.1237094499294775,Truck,1.5292046183450931,3.594504831584384,1,7645.511776779985
ASN-22983,Uganda,Aurobindo Pharma Limited,EXW,2385.0,10898.12,4.569442348008386,Truck,1.5292046183450931,3.0402377296632928,1,7250.966985246953
ASN-22984,Uganda,Aurobindo Pharma Limited,EXW,2454.0,10898.12,4.4409616951915245,Truck,1.5292046183450931,2.911757076846431,1,7145.451866581142
ASN-23125,Rwanda,"SHANGHAI KEHUA BIOENGINEERING CO.,LTD.  (KHB)",EXW,13656.0,139951.34,10.24834065612185,Truck,1.5292046183450931,8.719136037776758,1,119068.52173187942
ASN-23182,Vietnam,ABBVIE LOGISTICS (FORMERLY ABBOTT LOGISTICS BV),FCA,1736.0,5265.22,3.0329608294930877,Truck,1.5292046183450931,1.5037562111479945,1,2610.5207825529183
ASN-23200,Nigeria,"CHEMBIO DIAGNOSTIC SYSTEMS, INC.",EXW,1252.0,5758.84,4.5997124600638974,Truck,1.5292046183450931,3.070507841718804,1,3844.2758178319427
ASN-23213,Tanzania,MYLAN LABORATORIES LTD (FORMERLY MATRIX LABORATORIES),EXW,2039.0,9182.45,4.5034085335949,Truck,1.5292046183450931,2.9742039152498068,1,6064.401783194356
ASN-2325,Botswana,"Orgenics, Ltd",EXW,5406.0,559.95,0.10357935627081022,Truck,1.5292046183450931,-1.4256252620742829,0,0.0
ASN-23338,Cameroon,Aurobindo Pharma Limited,EXW,4927.0,65875.32,13.370269941140656,Truck,1.5292046183450931,11.841065322795563,1,58340.92884541374
ASN-2336,Vietnam,MYLAN LABORATORIES LTD (FORMERLY MATRIX LABORATORIES),EXW,1537.0,13507.92,8.788497072218608,Truck,1.5292046183450931,7.259292453873514,1,11157.532501603591
ASN-23375,Nigeria,ABBVIE LOGISTICS (FORMERLY ABBOTT LOGISTICS BV),FCA,1848.0,17654.94,9.55353896103896,Truck,1.5292046183450931,8.024334342693868,1,14828.969865298268
ASN-23390,Zambia,ABBVIE LOGISTICS (FORMERLY ABBOTT LOGISTICS BV),FCA,2410.0,14384.91,5.968842323651452,Truck,1.5292046183450931,4.4396377053063585,1,10699.526869788324
ASN-23425,Cameroon,Aurobindo Pharma Limited,EXW,4962.0,63818.03,12.861352277307537,Truck,1.5292046183450931,11.332147658962445,1,56230.11668377165
ASN-23441,Nigeria,"Trinity Biotech, Plc",EXW,9312.0,77833.24,8.35838058419244,Truck,1.5292046183450931,6.829175965847347,1,63593.2865939705
ASN-23519,Pakistan,INVERNESS MEDICAL INNOVATIONS HONG KONG LTD,EXW,1744.0,19489.83,11.175361238532112,Truck,1.5292046183450931,9.64615662018702,1,16822.897145606163
ASN-2352,Nigeria,"Orgenics, Ltd",EXW,1566.0,19992.75,12.76676245210728,Truck,1.5292046183450931,11.237557833762187,1,17598.015567671584
ASN-2359,Nigeria,"CHEMBIO DIAGNOSTIC SYSTEMS, INC.",EXW,2985.0,20635.3,6.9129983249581235,Truck,1.5292046183450931,5.38379370661303,1,16070.624214239895
ASN-23622,Vietnam,Aurobindo Pharma Limited,EXW,3301.0,5764.28,1.7462223568615571,Truck,1.5292046183450931,0.217017738516464,1,716.3755548428477
ASN-23647,Vietnam,MYLAN LABORATORIES LTD (FORMERLY MATRIX LABORATORIES),EXW,1578.0,2689.85,1.704594423320659,Truck,1.5292046183450931,0.17538980497556578,1,276.7651122514428
ASN-23648,Vietnam,MYLAN LABORATORIES LTD (FORMERLY MATRIX LABORATORIES),EXW,1745.0,3977.24,2.279220630372493,Truck,1.5292046183450931,0.7500160120273998,1,1308.7779409878126
ASN-23656,Rwanda,MYLAN LABORATORIES LTD (FORMERLY MATRIX LABORATORIES),EXW,3948.0,24035.49,6.088016717325228,Truck,1.5292046183450931,4.558812098980135,1,17998.190166773573
ASN-23666,Vietnam,MYLAN LABORATORIES LTD (FORMERLY MATRIX LABORATORIES),EXW,4585.0,6881.65,1.500905125408942,Truck,1.5292046183450931,-0.028299492936151083,0,0.0
ASN-23686,Zambia,MYLAN LABORATORIES LTD (FORMERLY MATRIX LABORATORIES),EXW,24233.0,119474.09,4.930222836627739,Truck,1.5292046183450931,3.401018218282646,1,82416.87448364336
ASN-23721,Uganda,Aurobindo Pharma Limited,EXW,1863.0,6757.18,3.6270424047235643,Truck,1.5292046183450931,2.097837786378471,1,3908.2717960230916
ASN-23737,Côte d'Ivoire,"Orgenics, Ltd",EXW,1808.0,23237.62,12.852665929203539,Truck,1.5292046183450931,11.323461310858447,1,20472.81805003207
ASN-23840,Haiti,STRIDES ARCOLAB LIMITED,EXW,1772.0,11656.59,6.578211060948082,Truck,1.5292046183450931,5.049006442602988,1,8946.839416292496
ASN-23877,Côte d'Ivoire,"Orgenics, Ltd",EXW,1272.0,16856.6,13.25204402515723,Truck,1.5292046183450931,11.722839406812138,1,14911.45172546504
ASN-2390,Rwanda,HETERO LABS LIMITED,CIP,6701.0,87692.85,13.086531860916281,Truck,1.5292046183450931,11.557327242571189,1,77445.64985246953
ASN-23916,Tanzania,Aurobindo Pharma Limited,EXW,1104.0,5765.11,5.222019927536231,Truck,1.5292046183450931,3.692815309191138,1,4076.8681013470164
ASN-23946,Nigeria,"Orgenics, Ltd",EXW,4388.0,66059.65,15.054614858705559,Truck,1.5292046183450931,13.525410240360467,1,59349.500134701724
ASN-23947,Nigeria,"Orgenics, Ltd",EXW,3800.0,58592.54,15.419089473684211,Truck,1.5292046183450931,13.889884855339119,1,52781.56245028865
ASN-23948,Nigeria,"Orgenics, Ltd",EXW,3759.0,57561.38,15.312950252726788,Truck,1.5292046183450931,13.783745634381695,1,51813.099839640796
ASN-23949,Nigeria,"Orgenics, Ltd",EXW,3787.0,57017.68,15.056160549247425,Truck,1.5292046183450931,13.526955930902332,1,51226.58211032713
ASN-23950,Nigeria,"Orgenics, Ltd",EXW,3744.0,57484.06,15.353648504273504,Truck,1.5292046183450931,13.824443885928412,1,51758.717908915976
ASN-2396,Rwanda,"Trinity Biotech, Plc",EXW,1131.0,22370.64,19.7795225464191,Truck,1.5292046183450931,18.250317928074004,1,20641.1095766517
ASN-2399,Zambia,"Trinity Biotech, Plc",EXW,3000.0,34902.96,11.634319999999999,Truck,1.5292046183450931,10.105115381654906,1,30315.34614496472
ASN-24041,Vietnam,MYLAN LABORATORIES LTD (FORMERLY MATRIX LABORATORIES),EXW,1585.0,2965.32,1.870864353312303,Truck,1.5292046183450931,0.3416597349672099,1,541.5306799230277
ASN-24094,Côte d'Ivoire,"Standard Diagnostics, Inc.",EXW,1281.0,13222.33,10.321881342701015,Truck,1.5292046183450931,8.792676724355923,1,11263.418883899938
ASN-24097,Mozambique,"Orgenics, Ltd",EXW,3890.0,29244.02,7.517742930591259,Truck,1.5292046183450931,5.988538312246166,1,23295.414034637586
ASN-24127,Mozambique,HETERO LABS LIMITED,EXW,34074.0,146734.85,4.306358220343958,Truck,1.5292046183450931,2.7771536019988643,1,94628.73183450931
ASN-24162,Nigeria,"CHEMBIO DIAGNOSTIC SYSTEMS, INC.",EXW,1252.0,5850.25,4.672723642172524,Truck,1.5292046183450931,3.14351902382743,1,3935.6858178319426
ASN-242,Rwanda,CIPLA LIMITED,EXW,7416.0,64179.42,8.65418284789644,Truck,1.5292046183450931,7.124978229551346,1,52838.83855035278
ASN-24302,Tanzania,Aurobindo Pharma Limited,EXW,1337.0,8403.67,6.2854674644727,Truck,1.5292046183450931,4.756262846127607,1,6359.12342527261
ASN-24368,Haiti,MYLAN LABORATORIES LTD (FORMERLY MATRIX LABORATORIES),EXW,2082.0,16574.55,7.960878962536023,Truck,1.5292046183450931,6.431674344190929,1,13390.745984605515
ASN-2438,Nigeria,"Orgenics, Ltd",EXW,1927.0,24870.05,12.90609756097561,Truck,1.5292046183450931,11.376892942630517,1,21923.272700449008
ASN-24394,Vietnam,HETERO LABS LIMITED,EXW,1953.0,3658.08,1.8730568356374808,Truck,1.5292046183450931,0.3438522172923877,1,671.5433803720332
ASN-24398,Vietnam,HETERO LABS LIMITED,EXW,2832.0,7474.2,2.639194915254237,Truck,1.5292046183450931,1.109990296909144,1,3143.4925208466957
ASN-24416,Uganda,CIPLA LIMITED,EXW,1411.0,13983.98,9.910687455705173,Truck,1.5292046183450931,8.38148283736008,1,11826.272283515073
ASN-24418,Nigeria,"Trinity Biotech, Plc",EXW,7080.0,70509.14,9.958918079096046,Truck,1.5292046183450931,8.429713460750953,1,59682.37130211675
ASN-24439,Rwanda,"SHANGHAI KEHUA BIOENGINEERING CO.,LTD.  (KHB)",EXW,1992.0,27313.0,13.711345381526105,Truck,1.5292046183450931,12.182140763181012,1,24266.824400256577
ASN-24474,Mozambique,"Trinity Biotech, Plc",EXW,1674.0,10780.63,6.440041816009558,Truck,1.5292046183450931,4.910837197664464,1,8220.741468890314
ASN-24552,Nigeria,Aurobindo Pharma Limited,EXW,1548.0,11663.16,7.5343410852713175,Truck,1.5292046183450931,6.005136466926224,1,9295.951250801794
ASN-24564,Tanzania,Aurobindo Pharma Limited,EXW,1899.0,10879.44,5.729036334913112,Truck,1.5292046183450931,4.199831716568019,1,7975.480429762668
ASN-24569,Vietnam,HETERO LABS LIMITED,EXW,3443.0,6323.76,1.8367005518443218,Truck,1.5292046183450931,0.30749593349922866,1,1058.7084990378444
ASN-24570,Vietnam,HETERO LABS LIMITED,EXW,3385.0,8764.53,2.5892259970457903,Truck,1.5292046183450931,1.0600213787006971,1,3588.1723669018597
ASN-24571,Vietnam,HETERO LABS LIMITED,EXW,2982.0,8036.88,2.6951307847082497,Truck,1.5292046183450931,1.1659261663631566,1,3476.791828094933
ASN-24662,Tanzania,HETERO LABS LIMITED,EXW,4007.0,23397.41,5.839134015472922,Truck,1.5292046183450931,4.309929397127829,1,17269.88709429121
ASN-24696,Vietnam,ABBVIE LOGISTICS (FORMERLY ABBOTT LOGISTICS BV),FCA,1720.0,5324.08,3.0953953488372092,Truck,1.5292046183450931,1.566190730492116,1,2693.84805644644
ASN-24715,Rwanda,"SHANGHAI KEHUA BIOENGINEERING CO.,LTD.  (KHB)",EXW,1992.0,26266.34,13.185913654618474,Truck,1.5292046183450931,11.656709036273382,1,23220.164400256577
ASN-24716,Rwanda,"SHANGHAI KEHUA BIOENGINEERING CO.,LTD.  (KHB)",EXW,1992.0,26266.34,13.185913654618474,Truck,1.5292046183450931,11.656709036273382,1,23220.164400256577
ASN-24717,Rwanda,"SHANGHAI KEHUA BIOENGINEERING CO.,LTD.  (KHB)",EXW,1992.0,26266.34,13.185913654618474,Truck,1.5292046183450931,11.656709036273382,1,23220.164400256577
ASN-24718,Rwanda,"SHANGHAI KEHUA BIOENGINEERING CO.,LTD.  (KHB)",EXW,1992.0,26266.34,13.185913654618474,Truck,1.5292046183450931,11.656709036273382,1,23220.164400256577
ASN-24719,Rwanda,"SHANGHAI KEHUA BIOENGINEERING CO.,LTD.  (KHB)",EXW,1992.0,26266.34,13.185913654618474,Truck,1.5292046183450931,11.656709036273382,1,23220.164400256577
ASN-24720,Rwanda,"SHANGHAI KEHUA BIOENGINEERING CO.,LTD.  (KHB)",EXW,1383.0,18323.97,13.24943600867679,Truck,1.5292046183450931,11.720231390331698,1,16209.080012828737
ASN-24722,Côte d'Ivoire,"Orgenics, Ltd",EXW,2393.0,33029.82,13.802682824905975,Truck,1.5292046183450931,12.273478206560883,1,29370.433348300194
ASN-2473,Guyana,"Trinity Biotech, Plc",EXW,1062.0,3976.33,3.7441902071563087,Truck,1.5292046183450931,2.2149855888112153,1,2352.3146953175105
ASN-2486,Vietnam,CIPLA LIMITED,EXW,1360.0,5412.14,3.979514705882353,Truck,1.5292046183450931,2.45031008753726,1,3332.421719050674
ASN-24980,Haiti,"Orgenics, Ltd",EXW,1624.0,15537.04,9.567142857142859,Truck,1.5292046183450931,8.037938238797766,1,13053.611699807572
ASN-25073,Tanzania,HETERO LABS LIMITED,EXW,6320.0,33343.63,5.27589082278481,Truck,1.5292046183450931,3.7466862044397162,1,23679.056812059007
ASN-25080,Zimbabwe,"Orgenics, Ltd",EXW,3560.0,52462.81,14.73674438202247,Truck,1.5292046183450931,13.207539763677378,1,47018.84155869146
ASN-25196,Mozambique,"Orgenics, Ltd",EXW,3611.0,24079.79,6.668454721683744,Truck,1.5292046183450931,5.139250103338651,1,18557.83212315587
ASN-25197,Mozambique,"Orgenics, Ltd",EXW,3543.0,13789.73,3.892105560259667,Truck,1.5292046183450931,2.3629009419145737,1,8371.758037203335
ASN-25267,Rwanda,Aurobindo Pharma Limited,EXW,3790.0,66260.33,17.48293667546174,Truck,1.5292046183450931,15.953732057116648,1,60464.644496472094
ASN-2532,Mozambique,"Trinity Biotech, Plc",EXW,1796.0,32437.45,18.060940979955458,Truck,1.5292046183450931,16.531736361610363,1,29690.99850545221
ASN-25332,Tanzania,MYLAN LABORATORIES LTD (FORMERLY MATRIX LABORATORIES),EXW,2069.0,9716.76,4.696355727404543,Truck,1.5292046183450931,3.16715110905945,1,6552.835644644002
ASN-25451,Mozambique,HETERO LABS LIMITED,EXW,4784.0,19286.53,4.031465301003344,Truck,1.5292046183450931,2.5022606826582505,1,11970.815105837071
ASN-25452,Mozambique,HETERO LABS LIMITED,EXW,4610.0,16835.52,3.6519566160520607,Truck,1.5292046183450931,2.1227519977069678,1,9785.886709429122
ASN-25453,Mozambique,HETERO LABS LIMITED,EXW,4516.0,16537.11,3.661893268379097,Truck,1.5292046183450931,2.1326886500340034,1,9631.221943553559
ASN-25454,Mozambique,HETERO LABS LIMITED,EXW,3138.0,16537.12,5.269955385595921,Truck,1.5292046183450931,3.7407507672508276,1,11738.475907633097
ASN-25455,Mozambique,HETERO LABS LIMITED,EXW,3392.0,16835.52,4.963301886792453,Truck,1.5292046183450931,3.43409726844736,1,11648.457934573446
ASN-25469,Uganda,"Orgenics, Ltd",EXW,2224.0,21346.47,9.598232913669065,Truck,1.5292046183450931,8.069028295323973,1,17945.518928800517
ASN-25473,Haiti,"Orgenics, Ltd",EXW,1623.0,15230.88,9.384399260628465,Truck,1.5292046183450931,7.855194642283371,1,12748.980904425911
ASN-25540,Rwanda,"SHANGHAI KEHUA BIOENGINEERING CO.,LTD.  (KHB)",EXW,3996.0,53062.21,13.27883133133133,Truck,1.5292046183450931,11.749626712986238,1,46951.50834509301
ASN-25541,Rwanda,"SHANGHAI KEHUA BIOENGINEERING CO.,LTD.  (KHB)",EXW,3996.0,53102.22,13.288843843843845,Truck,1.5292046183450931,11.759639225498752,1,46991.51834509301
ASN-25542,Rwanda,"SHANGHAI KEHUA BIOENGINEERING CO.,LTD.  (KHB)",EXW,3996.0,53062.21,13.27883133133133,Truck,1.5292046183450931,11.749626712986238,1,46951.50834509301
ASN-25543,Rwanda,"SHANGHAI KEHUA BIOENGINEERING CO.,LTD.  (KHB)",EXW,2712.0,37680.04,13.89382005899705,Truck,1.5292046183450931,12.364615440651958,1,33532.83707504811
ASN-25559,Tanzania,MYLAN LABORATORIES LTD (FORMERLY MATRIX LABORATORIES),EXW,2205.0,9815.52,4.4514829931972795,Truck,1.5292046183450931,2.922278374852186,1,6443.62381654907
ASN-25604,Tanzania,MYLAN LABORATORIES LTD (FORMERLY MATRIX LABORATORIES),EXW,1412.0,6758.01,4.786126062322946,Truck,1.5292046183450931,3.256921443977853,1,4598.773078896728
ASN-2562,Vietnam,Aurobindo Pharma Limited,EXW,1114.0,5822.44,5.226606822262118,Truck,1.5292046183450931,3.697402203917025,1,4118.906055163566
ASN-2563,Vietnam,Aurobindo Pharma Limited,EXW,2600.0,10179.16,3.9150615384615386,Truck,1.5292046183450931,2.3858569201164457,1,6203.227992302759
ASN-2572,Nigeria,"CHEMBIO DIAGNOSTIC SYSTEMS, INC.",EXW,3508.0,29954.15,8.538811288483467,Truck,1.5292046183450931,7.009606670138374,1,24589.700198845414
ASN-2575,Ethiopia,"SHANGHAI KEHUA BIOENGINEERING CO.,LTD.  (KHB)",EXW,5057.0,44347.71,8.769568914376112,Truck,1.5292046183450931,7.240364296031019,1,36614.522245028864
ASN-25755,Cameroon,Orasure Technologies Inc.,EXW,2090.0,51331.09,24.560330143540668,Truck,1.5292046183450931,23.031125525195574,1,48135.05234765875
ASN-2576,Ethiopia,"SHANGHAI KEHUA BIOENGINEERING CO.,LTD.  (KHB)",EXW,5057.0,44347.71,8.769568914376112,Truck,1.5292046183450931,7.240364296031019,1,36614.522245028864
ASN-2577,Ethiopia,"SHANGHAI KEHUA BIOENGINEERING CO.,LTD.  (KHB)",EXW,5057.0,44347.71,8.769568914376112,Truck,1.5292046183450931,7.240364296031019,1,36614.522245028864
ASN-2579,Ethiopia,"SHANGHAI KEHUA BIOENGINEERING CO.,LTD.  (KHB)",EXW,5057.0,44347.71,8.769568914376112,Truck,1.5292046183450931,7.240364296031019,1,36614.522245028864
ASN-25862,Ghana,CIPLA LIMITED,EXW,3227.0,20654.13,6.400412147505423,Truck,1.5292046183450931,4.87120752916033,1,15719.386696600384
ASN-2591,Ethiopia,"Trinity Biotech, Plc",EXW,1413.0,18180.65,12.866702052370844,Truck,1.5292046183450931,11.337497434025751,1,16019.883874278386
ASN-2592,Ethiopia,"CHEMBIO DIAGNOSTIC SYSTEMS, INC.",EXW,2147.0,11066.17,5.154247787610619,Truck,1.5292046183450931,3.625043169265526,1,7782.967684413084
ASN-25924,Rwanda,"SHANGHAI KEHUA BIOENGINEERING CO.,LTD.  (KHB)",EXW,2820.0,37130.88,13.166978723404254,Truck,1.5292046183450931,11.637774105059162,1,32818.52297626684
ASN-25925,Rwanda,"SHANGHAI KEHUA BIOENGINEERING CO.,LTD.  (KHB)",EXW,2771.0,36502.8,13.173150487188742,Truck,1.5292046183450931,11.64394586884365,1,32265.374002565753
ASN-25986,Cameroon,"Orgenics, Ltd",EXW,2020.0,29918.58,14.811178217821784,Truck,1.5292046183450931,13.281973599476691,1,26829.586670942917
ASN-26109,Ghana,STRIDES ARCOLAB LIMITED,EXW,1874.0,9507.26,5.07324439701174,Truck,1.5292046183450931,3.5440397786666464,1,6641.530545221295
ASN-26117,Zimbabwe,Aurobindo Pharma Limited,EXW,3232.0,25955.06,8.030649752475249,Truck,1.5292046183450931,6.501445134130155,1,21012.670673508663
ASN-26118,Zimbabwe,Aurobindo Pharma Limited,EXW,3155.0,25316.94,8.024386687797147,Truck,1.5292046183450931,6.495182069452054,1,20492.29942912123
ASN-26119,Zimbabwe,Aurobindo Pharma Limited,EXW,3076.0,25730.13,8.364801690507152,Truck,1.5292046183450931,6.8355970721620585,1,21026.29659397049
ASN-26120,Zimbabwe,Aurobindo Pharma Limited,EXW,2448.0,20407.95,8.33658088235294,Truck,1.5292046183450931,6.807376264007847,1,16664.45709429121
ASN-26131,Mozambique,"Trinity Biotech, Plc",EXW,1153.0,7754.14,6.725186470078057,Truck,1.5292046183450931,5.195981851732964,1,5990.967075048107
ASN-2615,Haiti,IDA FOUNDATION,EXW,3221.0,21015.77,6.524610369450482,Truck,1.5292046183450931,4.995405751105388,1,16090.201924310457
ASN-26283,Zimbabwe,"Orgenics, Ltd",EXW,3567.0,51732.62,14.503117465657416,Truck,1.5292046183450931,12.973912847312324,1,46277.94712636306
ASN-26314,Zimbabwe,ABBVIE LOGISTICS (FORMERLY ABBOTT LOGISTICS BV),FCA,1128.0,13330.73,11.81802304964539,Truck,1.5292046183450931,10.288818431300298,1,11605.787190506735
ASN-2632,Zimbabwe,"Standard Diagnostics, Inc.",EXW,2450.0,18087.86,7.3828000000000005,Truck,1.5292046183450931,5.853595381654907,1,14341.308685054522
ASN-26373,Ghana,Aurobindo Pharma Limited,EXW,2323.0,7326.63,3.1539517864829962,Truck,1.5292046183450931,1.624747168137903,1,3774.287671584349
ASN-26391,Zambia,"Trinity Biotech, Plc",EXW,2783.0,20621.1,7.409665828242903,Truck,1.5292046183450931,5.88046120989781,1,16365.323547145605
ASN-26447,Uganda,"Orgenics, Ltd",EXW,2432.0,23178.68,9.530707236842105,Truck,1.5292046183450931,8.001502618497012,1,19459.654368184732
ASN-26460,Ghana,STRIDES ARCOLAB LIMITED,EXW,3077.0,22734.92,7.388664283392915,Truck,1.5292046183450931,5.8594596650478215,1,18029.557389352147
ASN-26462,Ghana,STRIDES ARCOLAB LIMITED,EXW,3862.0,25512.84,6.606121180735371,Truck,1.5292046183450931,5.076916562390277,1,19607.05176395125
ASN-26464,Ghana,STRIDES ARCOLAB LIMITED,EXW,3862.0,31401.36,8.130854479544277,Truck,1.5292046183450931,6.601649861199184,1,25495.571763951248
ASN-26465,Zambia,Aurobindo Pharma Limited,EXW,3978.0,20519.07,5.158137254901961,Truck,1.5292046183450931,3.6289326365568675,1,14435.89402822322
ASN-26466,Zambia,Aurobindo Pharma Limited,EXW,3986.0,20555.45,5.156911690918214,Truck,1.5292046183450931,3.627707072573121,1,14460.04039127646
ASN-26467,Zambia,Aurobindo Pharma Limited,EXW,3962.0,20233.34,5.106850075719334,Truck,1.5292046183450931,3.5776454573742402,1,14174.631302116739
ASN-26468,Zambia,Aurobindo Pharma Limited,EXW,4369.0,22508.32,5.15182421606775,Truck,1.5292046183450931,3.6226195977226565,1,15827.225022450286
ASN-26469,Zambia,Aurobindo Pharma Limited,EXW,1273.0,6637.36,5.2139512961508245,Truck,1.5292046183450931,3.684746677805731,1,4690.682520846696
ASN-26472,Zambia,Aurobindo Pharma Limited,EXW,3503.0,19461.76,5.55574079360548,Truck,1.5292046183450931,4.026536175260387,1,14104.956221937135
ASN-26564,Haiti,"Orgenics, Ltd",EXW,1825.0,17758.82,9.730860273972603,Truck,1.5292046183450931,8.20165565562751,1,14968.021571520207
ASN-26571,Zambia,"Orgenics, Ltd",EXW,3247.0,41461.1,12.769048352325223,Truck,1.5292046183450931,11.23984373398013,1,36495.77260423348
ASN-26572,Zambia,"Orgenics, Ltd",EXW,2439.0,30885.26,12.663083230832308,Truck,1.5292046183450931,11.133878612487216,1,27155.52993585632
ASN-2658,Mozambique,"Orgenics, Ltd",EXW,2278.0,23743.01,10.42274363476734,Truck,1.5292046183450931,8.893539016422247,1,20259.48187940988
ASN-26603,Ghana,Aurobindo Pharma Limited,EXW,2343.0,20464.55,8.73433632095604,Truck,1.5292046183450931,7.205131702610946,1,16881.623579217445
ASN-26604,Ghana,Aurobindo Pharma Limited,EXW,2773.0,21807.62,7.8642697439596105,Truck,1.5292046183450931,6.335065125614517,1,17567.135593329058
ASN-26736,"Congo, DRC","Orgenics, Ltd",EXW,1581.0,40965.77,25.911302972802023,Truck,1.5292046183450931,24.38209835445693,1,38548.097498396404
ASN-26755,Rwanda,MYLAN LABORATORIES LTD (FORMERLY MATRIX LABORATORIES),CIP,2402.0,1832.54,0.7629225645295586,Truck,1.5292046183450931,-0.7662820538155345,0,0.0
ASN-26758,Nigeria,"Orgenics, Ltd",EXW,4495.0,67915.7,15.10916573971079,Truck,1.5292046183450931,13.579961121365697,1,61041.92524053881
ASN-26759,Nigeria,"Orgenics, Ltd",EXW,4038.0,59711.34,14.787355126300147,Truck,1.5292046183450931,13.258150507955055,1,53536.41175112251
ASN-26760,Nigeria,"Orgenics, Ltd",EXW,4212.0,62466.03,14.830491452991453,Truck,1.5292046183450931,13.30128683464636,1,56025.02014753047
ASN-26863,Zimbabwe,STRIDES ARCOLAB LIMITED,EXW,2180.0,19328.2,8.866146788990825,Truck,1.5292046183450931,7.336942170645732,1,15994.533932007695
ASN-26923,Vietnam,HETERO LABS LIMITED,EXW,2922.0,5616.02,1.921978097193703,Truck,1.5292046183450931,0.3927734788486099,1,1147.6841051956383
ASN-26924,Vietnam,HETERO LABS LIMITED,EXW,3195.0,5583.11,1.747452269170579,Truck,1.5292046183450931,0.2182476508254858,1,697.3012443874271
ASN-26927,Vietnam,HETERO LABS LIMITED,EXW,2175.0,4354.8,2.002206896551724,Truck,1.5292046183450931,0.473002278206631,1,1028.7799550994223
ASN-26928,Vietnam,HETERO LABS LIMITED,EXW,3283.0,5173.14,1.5757356076759064,Truck,1.5292046183450931,0.04653098933081323,1,152.76123797305985
ASN-26929,Vietnam,HETERO LABS LIMITED,EXW,3138.0,4964.6,1.5820905035054176,Truck,1.5292046183450931,0.05288588516032444,1,165.9559076330981
ASN-2694,Nigeria,"CHEMBIO DIAGNOSTIC SYSTEMS, INC.",EXW,2441.0,22229.32,9.106644817697665,Truck,1.5292046183450931,7.577440199352572,1,18496.531526619627
ASN-26987,Uganda,STRIDES ARCOLAB LIMITED,EXW,3858.0,20553.85,5.3275920165889055,Truck,1.5292046183450931,3.798387398243812,1,14654.178582424627
ASN-270,Vietnam,SUN PHARMACEUTICAL INDUSTRIES LTD (RANBAXY LABORATORIES LIMITED),EXW,4300.0,27923.26,6.493781395348837,Truck,1.5292046183450931,4.964576777003743,1,21347.680141116096
ASN-2700,Tanzania,"Standard Diagnostics, Inc.",EXW,3112.0,22856.02,7.344479434447301,Truck,1.5292046183450931,5.815274816102208,1,18097.13522771007
ASN-27095,Zimbabwe,MYLAN LABORATORIES LTD (FORMERLY MATRIX LABORATORIES),EXW,2383.0,18232.17,7.65093159882501,Truck,1.5292046183450931,6.121726980479917,1,14588.075394483642
ASN-27098,Vietnam,ABBVIE LOGISTICS (FORMERLY ABBOTT LOGISTICS BV),FCA,1175.0,1779.1,1.514127659574468,Truck,1.5292046183450931,-0.015076958770625204,0,0.0
ASN-27101,Vietnam,MYLAN LABORATORIES LTD (FORMERLY MATRIX LABORATORIES),EXW,1685.0,3251.35,1.9295845697329377,Truck,1.5292046183450931,0.40037995138784455,1,674.640218088518
ASN-27131,Vietnam,ABBVIE LOGISTICS (FORMERLY ABBOTT LOGISTICS BV),FCA,1272.0,3824.06,3.0063364779874213,Truck,1.5292046183450931,1.4771318596423282,1,1878.9117254650414
ASN-27132,Vietnam,MYLAN LABORATORIES LTD (FORMERLY MATRIX LABORATORIES),EXW,3868.0,7238.46,1.8713702171664943,Truck,1.5292046183450931,0.3421655988214012,1,1323.4965362411797
ASN-27173,Ethiopia,"SHANGHAI KEHUA BIOENGINEERING CO.,LTD.  (KHB)",EXW,5020.0,78813.53,15.699906374501992,Truck,1.5292046183450931,14.1707017561569,1,71136.92281590764
ASN-27174,Uganda,"Orgenics, Ltd",EXW,2432.0,23482.06,9.655452302631579,Truck,1.5292046183450931,8.126247684286486,1,19763.034368184733
ASN-2719,Ethiopia,"SHANGHAI KEHUA BIOENGINEERING CO.,LTD.  (KHB)",EXW,5057.0,44360.44,8.772086217124778,Truck,1.5292046183450931,7.242881598779685,1,36627.25224502887
ASN-272,Vietnam,CIPLA LIMITED,EXW,2575.0,18772.94,7.290462135922329,Truck,1.5292046183450931,5.761257517577236,1,14835.238107761383
ASN-2720,Ethiopia,"SHANGHAI KEHUA BIOENGINEERING CO.,LTD.  (KHB)",EXW,5056.0,44360.44,8.773821202531646,Truck,1.5292046183450931,7.244616584186553,1,36628.78144964721
ASN-273,Vietnam,STRIDES ARCOLAB LIMITED,EXW,9170.0,42453.21,4.629575790621592,Truck,1.5292046183450931,3.100371172276499,1,28430.403649775493
ASN-27344,Ghana,HETERO LABS LIMITED,EXW,1825.0,10790.63,5.9126739726027395,Truck,1.5292046183450931,4.383469354257646,1,7999.831571520204
ASN-27349,Haiti,HETERO LABS LIMITED,EXW,2608.0,21886.49,8.392059049079755,Truck,1.5292046183450931,6.862854430734662,1,17898.324355356
ASN-27384,"Congo, DRC",CIPLA LIMITED,EXW,1463.0,12498.65,8.543164730006835,Truck,1.5292046183450931,7.013960111661741,1,10261.423643361128
ASN-27466,Nigeria,"Orgenics, Ltd",EXW,1934.0,28895.07,14.940573940020682,Truck,1.5292046183450931,13.41136932167559,1,25937.58826812059
ASN-27467,Nigeria,"Orgenics, Ltd",EXW,2471.0,35912.43,14.533561311210036,Truck,1.5292046183450931,13.004356692864944,1,32133.765388069274
ASN-27468,Nigeria,"Orgenics, Ltd",EXW,2571.0,37297.95,14.50717619603267,Truck,1.5292046183450931,12.977971577687578,1,33366.36492623476
ASN-27469,Nigeria,"Orgenics, Ltd",EXW,1279.0,19112.91,14.943635652853791,Truck,1.5292046183450931,13.414431034508699,1,17157.057293136626
ASN-2747,Ethiopia,"CHEMBIO DIAGNOSTIC SYSTEMS, INC.",EXW,1445.0,7303.25,5.054152249134948,Truck,1.5292046183450931,3.524947630789855,1,5093.54932649134
ASN-27470,Nigeria,"Orgenics, Ltd",EXW,2402.0,35747.28,14.882298084929225,Truck,1.5292046183450931,13.353093466584133,1,32074.130506735088
ASN-27471,Nigeria,"Orgenics, Ltd",EXW,3435.0,34730.62,10.110806404657934,Truck,1.5292046183450931,8.581601786312842,1,29477.80213598461
ASN-27472,Nigeria,"Orgenics, Ltd",EXW,3473.0,35117.35,10.11153181687302,Truck,1.5292046183450931,8.582327198527928,1,29806.422360487493
ASN-27473,Nigeria,"Orgenics, Ltd",EXW,2355.0,16816.33,7.1406921443736735,Truck,1.5292046183450931,5.61148752602858,1,13215.053123797306
ASN-27474,Nigeria,"Orgenics, Ltd",EXW,2755.0,25709.5,9.331941923774954,Truck,1.5292046183450931,7.8027373054298605,1,21496.541276459266
ASN-27475,Nigeria,"Orgenics, Ltd",EXW,3764.0,38029.42,10.103459086078638,Truck,1.5292046183450931,8.574254467733546,1,32273.493816549068
ASN-27476,Nigeria,"Orgenics, Ltd",EXW,2022.0,30257.97,14.964376854599408,Truck,1.5292046183450931,13.435172236254315,1,27165.918261706225
ASN-27495,Ghana,MYLAN LABORATORIES LTD (FORMERLY MATRIX LABORATORIES),EXW,4707.0,32683.47,6.943588272785214,Truck,1.5292046183450931,5.414383654440121,1,25485.503861449648
ASN-27557,Zambia,HETERO LABS LIMITED,EXW,6304.0,34182.97,5.422425444162437,Truck,1.5292046183450931,3.8932208258173437,1,24542.864085952537
ASN-27589,Ghana,Aurobindo Pharma Limited,EXW,1575.0,8130.55,5.162253968253968,Truck,1.5292046183450931,3.633049349908875,1,5722.052726106478
ASN-276,Vietnam,Aurobindo Pharma Limited,EXW,3822.0,25124.12,6.573553113553113,Truck,1.5292046183450931,5.04434849520802,1,19279.49994868505
ASN-2767,Vietnam,MYLAN LABORATORIES LTD (FORMERLY MATRIX LABORATORIES),EXW,1224.0,4686.88,3.829150326797386,Truck,1.5292046183450931,2.2999457084522925,1,2815.133547145606
ASN-27675,Ghana,HETERO LABS LIMITED,EXW,4486.0,20394.49,4.546252786446724,Truck,1.5292046183450931,3.0170481681016303,1,13534.478082103913
ASN-27716,Haiti,MICRO LABS LIMITED,EXW,2423.0,14650.41,6.046392901361948,Truck,1.5292046183450931,4.517188283016854,1,10945.147209749839
ASN-27766,Mozambique,"Orgenics, Ltd",EXW,1914.0,13489.96,7.048045977011494,Truck,1.5292046183450931,5.518841358666401,1,10563.06236048749
ASN-27768,Mozambique,"Orgenics, Ltd",EXW,1351.0,9168.48,6.7864396743153215,Truck,1.5292046183450931,5.257235055970228,1,7102.524560615778
ASN-27769,Mozambique,"Orgenics, Ltd",EXW,1287.0,9209.0,7.155400155400155,Truck,1.5292046183450931,5.626195537055062,1,7240.913656189865
ASN-27786,"Congo, DRC",IMRES B.V.,EXW,1125.0,9693.68,8.616604444444445,Truck,1.5292046183450931,7.087399826099351,1,7973.3248043617705
ASN-27796,Haiti,CIPLA LIMITED,EXW,2866.0,17036.99,5.9445184926727155,Truck,1.5292046183450931,4.415313874327622,1,12654.289563822966
ASN-27809,Vietnam,HETERO LABS LIMITED,EXW,1948.0,3138.25,1.611011293634497,Truck,1.5292046183450931,0.08180667528940377,1,159.35940346375855
ASN-27810,Vietnam,HETERO LABS LIMITED,EXW,2388.0,3790.32,1.5872361809045228,Truck,1.5292046183450931,0.05803156255942965,1,138.57937139191802
ASN-27811,Vietnam,HETERO LABS LIMITED,EXW,1955.0,6194.69,3.168639386189258,Truck,1.5292046183450931,1.639434767844165,1,3205.0949711353423
ASN-27812,Vietnam,HETERO LABS LIMITED,EXW,2190.0,3467.7,1.5834246575342465,Truck,1.5292046183450931,0.05422003918915341,1,118.74188582424597
ASN-27813,Vietnam,HETERO LABS LIMITED,EXW,1671.0,2718.03,1.6265888689407542,Truck,1.5292046183450931,0.09738425059566103,1,162.7290827453496
ASN-27814,Vietnam,HETERO LABS LIMITED,EXW,2401.0,3701.66,1.541715951686797,Truck,1.5292046183450931,0.012511333341703956,1,30.039711353431198
ASN-27913,Zimbabwe,ABBVIE LOGISTICS (FORMERLY ABBOTT LOGISTICS BV),EXW,1902.0,16777.24,8.820841219768665,Truck,1.5292046183450931,7.291636601423572,1,13868.692815907634
ASN-27927,Zimbabwe,MYLAN LABORATORIES LTD (FORMERLY MATRIX LABORATORIES),CIP,9210.0,7510.0,0.8154180238870793,Truck,1.5292046183450931,-0.7137865944580138,0,0.0
ASN-2794,Nigeria,"CHEMBIO DIAGNOSTIC SYSTEMS, INC.",EXW,3039.0,24025.77,7.905814412635736,Truck,1.5292046183450931,6.376609794290642,1,19378.51716484926
ASN-27943,Vietnam,MYLAN LABORATORIES LTD (FORMERLY MATRIX LABORATORIES),EXW,2235.0,3708.72,1.6593825503355704,Truck,1.5292046183450931,0.13017793199047722,1,290.9476779987166
ASN-27961,Namibia,MYLAN LABORATORIES LTD (FORMERLY MATRIX LABORATORIES),EXW,4171.0,20371.77,4.8841452888995445,Truck,1.5292046183450931,3.354940670554451,1,13993.457536882615
ASN-27964,Vietnam,MYLAN LABORATORIES LTD (FORMERLY MATRIX LABORATORIES),EXW,1725.0,3273.14,1.897472463768116,Truck,1.5292046183450931,0.3682678454230228,1,635.2620333547144
ASN-2797,Zambia,"Trinity Biotech, Plc",EXW,1989.0,19569.48,9.838853695324284,Truck,1.5292046183450931,8.309649076979191,1,16527.89201411161
ASN-280,Nigeria,"CHEMBIO DIAGNOSTIC SYSTEMS, INC.",EXW,1531.0,11731.15,7.66241018941868,Truck,1.5292046183450931,6.133205571073587,1,9389.937729313662
ASN-28062,Vietnam,MICRO LABS LIMITED,EXW,1292.0,2800.95,2.1679179566563467,Truck,1.5292046183450931,0.6387133383112535,1,825.2176330981396
ASN-28194,Burundi,"Orgenics, Ltd",EXW,1415.0,33228.68,23.483166077738517,Truck,1.5292046183450931,21.953961459393422,1,31064.85546504169
ASN-28220,Vietnam,ABBVIE LOGISTICS (FORMERLY ABBOTT LOGISTICS BV),FCA,1714.0,4881.42,2.8479696616102683,Truck,1.5292046183450931,1.3187650432651752,1,2260.3632841565104
ASN-28229,Ghana,MYLAN LABORATORIES LTD (FORMERLY MATRIX LABORATORIES),EXW,2184.0,15041.23,6.887010073260073,Truck,1.5292046183450931,5.357805454914979,1,11701.447113534316
ASN-28248,Vietnam,MYLAN LABORATORIES LTD (FORMERLY MATRIX LABORATORIES),EXW,4168.0,6717.79,1.611753838771593,Truck,1.5292046183450931,0.08254922042649993,1,344.06515073765166
ASN-28293,Zimbabwe,ABBVIE LOGISTICS (FORMERLY ABBOTT LOGISTICS BV),EXW,3287.0,26515.21,8.066689990873137,Truck,1.5292046183450931,6.537485372528043,1,21488.71441949968
ASN-28379,"Congo, DRC","Orgenics, Ltd",EXW,2131.0,62196.13,29.186358517128106,Truck,1.5292046183450931,27.65715389878301,1,58937.3949583066
ASN-2839,Ethiopia,"SHANGHAI KEHUA BIOENGINEERING CO.,LTD.  (KHB)",EXW,4922.0,46117.09,9.369583502641202,Truck,1.5292046183450931,7.840378884296109,1,38590.344868505446
ASN-28398,Namibia,HETERO LABS LIMITED,EXW,1812.0,8683.99,4.792488962472406,Truck,1.5292046183450931,3.263284344127313,1,5913.071231558691
ASN-2840,Ethiopia,"SHANGHAI KEHUA BIOENGINEERING CO.,LTD.  (KHB)",EXW,4913.0,46117.09,9.38674740484429,Truck,1.5292046183450931,7.857542786499196,1,38604.10771007055
ASN-28465,Zimbabwe,"Orgenics, Ltd",EXW,2933.0,42028.45,14.329509035117626,Truck,1.5292046183450931,12.800304416772534,1,37543.29285439384
ASN-28481,Namibia,HETERO LABS LIMITED,EXW,2630.0,12463.74,4.73906463878327,Truck,1.5292046183450931,3.2098600204381764,1,8441.931853752403
ASN-28482,Namibia,HETERO LABS LIMITED,EXW,2631.0,12463.74,4.737263397947548,Truck,1.5292046183450931,3.208058779602455,1,8440.40264913406
ASN-28483,Namibia,HETERO LABS LIMITED,EXW,2637.0,13397.02,5.080401971937809,Truck,1.5292046183450931,3.5511973535927153,1,9364.50742142399
ASN-28512,Uganda,"Orgenics, Ltd",EXW,1624.0,14692.8,9.047290640394088,Truck,1.5292046183450931,7.518086022048995,1,12209.371699807567
ASN-28552,Ghana,HETERO LABS LIMITED,EXW,4539.0,22271.36,4.906666666666667,Truck,1.5292046183450931,3.377462048321574,1,15330.300237331623
ASN-28671,Ghana,Aurobindo Pharma Limited,EXW,3167.0,16189.27,5.111862961793496,Truck,1.5292046183450931,3.5826583434484025,1,11346.27897370109
ASN-28672,Ghana,Aurobindo Pharma Limited,EXW,3647.0,18545.17,5.0850479846449135,Truck,1.5292046183450931,3.55584336629982,1,12968.160756895444
ASN-28673,Ghana,Aurobindo Pharma Limited,EXW,3612.0,18256.1,5.054291251384274,Truck,1.5292046183450931,3.525086633039181,1,12732.612918537521
ASN-28715,Ghana,MYLAN LABORATORIES LTD (FORMERLY MATRIX LABORATORIES),EXW,4656.0,31521.65,6.77011383161512,Truck,1.5292046183450931,5.240909213270027,1,24401.673296985246
ASN-28731,Haiti,"Orgenics, Ltd",EXW,1624.0,14758.34,9.087647783251231,Truck,1.5292046183450931,7.558443164906138,1,12274.911699807568
ASN-28777,Vietnam,MICRO LABS LIMITED,EXW,3244.0,6195.84,1.9099383477188656,Truck,1.5292046183450931,0.3807337293737725,1,1235.100218088518
ASN-2903,Ethiopia,"CHEMBIO DIAGNOSTIC SYSTEMS, INC.",EXW,3231.0,15619.2,4.834168987929434,Truck,1.5292046183450931,3.304964369584341,1,10678.339878127006
ASN-2909,Nigeria,"Orgenics, Ltd",EXW,1091.0,15045.56,13.790614115490376,Truck,1.5292046183450931,12.261409497145284,1,13377.197761385505
ASN-29093,Zambia,"Orgenics, Ltd",EXW,2564.0,37444.1,14.603783151326052,Truck,1.5292046183450931,13.07457853298096,1,33523.21935856318
ASN-29094,Zambia,"Orgenics, Ltd",EXW,2561.0,35696.95,13.938676298320967,Truck,1.5292046183450931,12.409471679975875,1,31780.656972418215
ASN-29095,Namibia,HETERO LABS LIMITED,EXW,4262.0,27262.44,6.396630689816987,Truck,1.5292046183450931,4.867426071471893,1,20744.96991661321
ASN-29096,Namibia,HETERO LABS LIMITED,EXW,4237.0,6786.64,1.6017559594052397,Truck,1.5292046183450931,0.0725513410601466,1,307.40003207184117
ASN-29097,Namibia,HETERO LABS LIMITED,EXW,4233.0,26663.64,6.298993621545003,Truck,1.5292046183450931,4.76978900319991,1,20190.51685054522
ASN-29127,Ghana,Aurobindo Pharma Limited,EXW,4673.0,22212.75,4.753423924673657,Truck,1.5292046183450931,3.224219306328564,1,15066.77681847338
ASN-29183,Namibia,MYLAN LABORATORIES LTD (FORMERLY MATRIX LABORATORIES),EXW,3575.0,17969.34,5.026388811188811,Truck,1.5292046183450931,3.4971841928437177,1,12502.433489416291
ASN-29184,Namibia,MYLAN LABORATORIES LTD (FORMERLY MATRIX LABORATORIES),EXW,3402.0,17118.8,5.031981187536743,Truck,1.5292046183450931,3.5027765691916493,1,11916.445888389992
ASN-2921,Côte d'Ivoire,IDA FOUNDATION,EXW,1708.0,12830.91,7.512242388758782,Truck,1.5292046183450931,5.983037770413689,1,10219.02851186658
ASN-2933,Ethiopia,"SHANGHAI KEHUA BIOENGINEERING CO.,LTD.  (KHB)",EXW,2535.0,23035.69,9.087057199211046,Truck,1.5292046183450931,7.557852580865952,1,19159.15629249519
ASN-2934,Ethiopia,"SHANGHAI KEHUA BIOENGINEERING CO.,LTD.  (KHB)",EXW,2535.0,23035.69,9.087057199211046,Truck,1.5292046183450931,7.557852580865952,1,19159.15629249519
ASN-2935,Ethiopia,"SHANGHAI KEHUA BIOENGINEERING CO.,LTD.  (KHB)",EXW,2535.0,22433.91,8.849668639053254,Truck,1.5292046183450931,7.320464020708161,1,18557.376292495188
ASN-2936,Ethiopia,"SHANGHAI KEHUA BIOENGINEERING CO.,LTD.  (KHB)",EXW,2509.0,22803.8,9.088800318852131,Truck,1.5292046183450931,7.559595700507038,1,18967.025612572157
ASN-29372,Vietnam,HETERO LABS LIMITED,EXW,2517.0,3789.5,1.5055621771950736,Truck,1.5292046183450931,-0.023642441150019566,0,0.0
ASN-29373,Vietnam,HETERO LABS LIMITED,EXW,2877.0,4312.92,1.4991032325338896,Truck,1.5292046183450931,-0.030101385811203585,0,0.0
ASN-29374,Vietnam,HETERO LABS LIMITED,EXW,2959.0,4427.52,1.4962892869212574,Truck,1.5292046183450931,-0.032915331423835736,0,0.0
ASN-29375,Vietnam,HETERO LABS LIMITED,EXW,2719.0,4084.56,1.5022287605737403,Truck,1.5292046183450931,-0.026975857771352807,0,0.0
ASN-29384,Vietnam,HETERO LABS LIMITED,EXW,2490.0,4545.64,1.825558232931727,Truck,1.5292046183450931,0.2963536145866339,1,737.9205003207184
ASN-29385,Vietnam,HETERO LABS LIMITED,EXW,2452.0,3691.22,1.5053915171288743,Truck,1.5292046183450931,-0.023813101216218824,0,0.0
ASN-29386,Vietnam,HETERO LABS LIMITED,EXW,1570.0,2690.2,1.7135031847133757,Truck,1.5292046183450931,0.18429856636828257,1,289.3487491982036
ASN-2946,Mozambique,"Trinity Biotech, Plc",EXW,1651.0,23300.18,14.112768019382193,Truck,1.5292046183450931,12.5835634010371,1,20775.463175112254
ASN-29540,Zimbabwe,ABBVIE LOGISTICS (FORMERLY ABBOTT LOGISTICS BV),FCA,1065.0,11368.84,10.674967136150235,Truck,1.5292046183450931,9.145762517805142,1,9740.237081462477
ASN-29588,Vietnam,ABBVIE LOGISTICS (FORMERLY ABBOTT LOGISTICS BV),FCA,1073.0,1475.94,1.3755265610438026,Truck,1.5292046183450931,-0.15367805730129058,0,0.0
ASN-29592,Vietnam,ABBVIE LOGISTICS (FORMERLY ABBOTT LOGISTICS BV),FCA,1368.0,4489.32,3.2816666666666663,Truck,1.5292046183450931,1.7524620483215732,1,2397.368082103912
ASN-29768,Vietnam,MYLAN LABORATORIES LTD (FORMERLY MATRIX LABORATORIES),EXW,2672.0,2504.64,0.9373652694610778,Truck,1.5292046183450931,-0.5918393488840153,0,0.0
ASN-29928,Nigeria,"Orgenics, Ltd",EXW,2483.0,31306.65,12.608397100281918,Truck,1.5292046183450931,11.079192481936825,1,27509.634932649136
ASN-29929,Nigeria,"Orgenics, Ltd",EXW,2474.0,31305.04,12.653613581244947,Truck,1.5292046183450931,11.124408962899855,1,27521.78777421424
ASN-29930,Nigeria,"Orgenics, Ltd",EXW,1241.0,15994.73,12.888581788879936,Truck,1.5292046183450931,11.359377170534843,1,14096.98706863374
ASN-29931,Nigeria,"Orgenics, Ltd",EXW,1276.0,15681.99,12.289960815047023,Truck,1.5292046183450931,10.76075619670193,1,13730.724906991663
ASN-29932,Nigeria,"Orgenics, Ltd",EXW,1288.0,16002.97,12.424666149068322,Truck,1.5292046183450931,10.89546153072323,1,14033.35445157152
ASN-29933,Nigeria,"Orgenics, Ltd",EXW,1288.0,16002.97,12.424666149068322,Truck,1.5292046183450931,10.89546153072323,1,14033.35445157152
ASN-29934,Nigeria,"Orgenics, Ltd",EXW,2498.0,30648.28,12.269127301841472,Truck,1.5292046183450931,10.73992268349638,1,26828.326863373957
ASN-29935,Nigeria,"Orgenics, Ltd",EXW,2493.0,31090.27,12.471026875250702,Truck,1.5292046183450931,10.94182225690561,1,27277.962886465684
ASN-29936,Nigeria,"Orgenics, Ltd",EXW,1290.0,15890.52,12.318232558139535,Truck,1.5292046183450931,10.789027939794442,1,13917.84604233483
ASN-29937,Nigeria,"Orgenics, Ltd",EXW,6010.0,30132.32,5.013697171381032,Truck,1.5292046183450931,3.4844925530359383,1,20941.80024374599
ASN-29946,Côte d'Ivoire,"Orgenics, Ltd",EXW,1930.0,23013.2,11.923937823834198,Truck,1.5292046183450931,10.394733205489105,1,20061.835086593972
ASN-30019,Côte d'Ivoire,"Orgenics, Ltd",EXW,2634.0,30778.29,11.685,Truck,1.5292046183450931,10.155795381654908,1,26750.36503527903
ASN-30066,Haiti,MYLAN LABORATORIES LTD (FORMERLY MATRIX LABORATORIES),EXW,9057.0,55886.43,6.170523352103346,Truck,1.5292046183450931,4.641318733758252,1,42036.42377164849
ASN-30093,Haiti,HETERO LABS LIMITED,EXW,4669.0,34778.32,7.4487727564789035,Truck,1.5292046183450931,5.91956813813381,1,27638.46363694676
ASN-30242,Zambia,"Orgenics, Ltd",EXW,2492.0,32728.96,13.133611556982343,Truck,1.5292046183450931,11.60440693863725,1,28918.18209108403
ASN-30244,Zambia,"Orgenics, Ltd",EXW,1159.0,15174.53,13.092778257118207,Truck,1.5292046183450931,11.563573638773114,1,13402.181847338039
ASN-30328,Haiti,"Orgenics, Ltd",EXW,1825.0,15408.29,8.442898630136987,Truck,1.5292046183450931,6.913694011791894,1,12617.491571520206
ASN-30367,Haiti,HETERO LABS LIMITED,EXW,4792.0,30046.84,6.270208681135226,Truck,1.5292046183450931,4.741004062790132,1,22718.891468890313
ASN-30481,Rwanda,"SHANGHAI KEHUA BIOENGINEERING CO.,LTD.  (KHB)",EXW,2676.0,35281.73,13.184502989536623,Truck,1.5292046183450931,11.655298371191531,1,31189.57844130854
ASN-30485,Rwanda,"SHANGHAI KEHUA BIOENGINEERING CO.,LTD.  (KHB)",EXW,2688.0,35437.38,13.183549107142856,Truck,1.5292046183450931,11.654344488797763,1,31326.877985888386
ASN-30487,Rwanda,"SHANGHAI KEHUA BIOENGINEERING CO.,LTD.  (KHB)",EXW,2700.0,35593.04,13.182607407407408,Truck,1.5292046183450931,11.653402789062316,1,31464.18753046825
ASN-30488,Rwanda,"SHANGHAI KEHUA BIOENGINEERING CO.,LTD.  (KHB)",EXW,2733.0,36060.0,13.194291986827661,Truck,1.5292046183450931,11.665087368482569,1,31880.68377806286
ASN-30492,Uganda,"Orgenics, Ltd",EXW,1978.0,16876.25,8.531976744186046,Truck,1.5292046183450931,7.002772125840953,1,13851.483264913404
ASN-30499,Ghana,MYLAN LABORATORIES LTD (FORMERLY MATRIX LABORATORIES),EXW,1976.0,12580.0,6.366396761133603,Truck,1.5292046183450931,4.83719214278851,1,9558.291674150096
ASN-30553,Vietnam,MYLAN LABORATORIES LTD (FORMERLY MATRIX LABORATORIES),EXW,2406.0,4219.32,1.7536658354114711,Truck,1.5292046183450931,0.224461217066378,1,540.0536882617055
ASN-30554,Vietnam,MYLAN LABORATORIES LTD (FORMERLY MATRIX LABORATORIES),EXW,2406.0,4219.32,1.7536658354114711,Truck,1.5292046183450931,0.224461217066378,1,540.0536882617055
ASN-30555,Vietnam,MYLAN LABORATORIES LTD (FORMERLY MATRIX LABORATORIES),EXW,2510.0,4363.06,1.7382709163346615,Truck,1.5292046183450931,0.20906629798956833,1,524.7564079538165
ASN-30652,Haiti,ABBVIE LOGISTICS (FORMERLY ABBOTT LOGISTICS BV),FCA,3834.0,16386.12,4.273896713615023,Truck,1.5292046183450931,2.7446920952699294,1,10523.14949326491
ASN-30672,Vietnam,ABBVIE LOGISTICS (FORMERLY ABBOTT LOGISTICS BV),FCA,1232.0,2769.45,2.247930194805195,Truck,1.5292046183450931,0.7187255764601017,1,885.4699101988454
ASN-30674,Vietnam,ABBVIE LOGISTICS (FORMERLY ABBOTT LOGISTICS BV),FCA,2235.0,5134.12,2.297145413870246,Truck,1.5292046183450931,0.7679407955251529,1,1716.3476779987168
ASN-30809,Haiti,MYLAN LABORATORIES LTD (FORMERLY MATRIX LABORATORIES),EXW,3458.0,19839.26,5.737206477732793,Truck,1.5292046183450931,4.2080018593877,1,14551.270429762666
ASN-30810,Haiti,MYLAN LABORATORIES LTD (FORMERLY MATRIX LABORATORIES),EXW,3699.0,21146.04,5.71669099756691,Truck,1.5292046183450931,4.187486379221816,1,15489.512116741498
ASN-30816,Zimbabwe,ABBVIE LOGISTICS (FORMERLY ABBOTT LOGISTICS BV),FCA,5060.0,44952.61,8.883915019762846,Truck,1.5292046183450931,7.354710401417752,1,37214.83463117383
ASN-30881,Zambia,"Trinity Biotech, Plc",EXW,2328.0,14581.51,6.263535223367698,Truck,1.5292046183450931,4.734330605022604,1,11021.521648492622
ASN-30942,Vietnam,HETERO LABS LIMITED,EXW,2356.0,3688.77,1.5656918505942274,Truck,1.5292046183450931,0.036487232249134305,1,85.96391917896042
ASN-31073,Zimbabwe,ABBVIE LOGISTICS (FORMERLY ABBOTT LOGISTICS BV),FCA,5747.0,50104.34,8.718346963633198,Truck,1.5292046183450931,7.189142345288105,1,41316.00105837074
ASN-31164,Zambia,"Orgenics, Ltd",EXW,2548.0,28709.52,11.267472527472528,Truck,1.5292046183450931,9.738267909127435,1,24813.106632456704
ASN-31165,Zambia,"Orgenics, Ltd",EXW,5538.0,25380.88,4.583040808956302,Truck,1.5292046183450931,3.053836190611209,1,16912.144823604875
ASN-31166,Zambia,"Orgenics, Ltd",EXW,1290.0,14493.3,11.235116279069766,Truck,1.5292046183450931,9.705911660724674,1,12520.626042334829
ASN-31188,Zimbabwe,ABBVIE LOGISTICS (FORMERLY ABBOTT LOGISTICS BV),FCA,2584.0,20480.64,7.92594427244582,Truck,1.5292046183450931,6.396739654100727,1,16529.17526619628
ASN-31190,Zimbabwe,ABBVIE LOGISTICS (FORMERLY ABBOTT LOGISTICS BV),FCA,2583.0,20559.39,7.959500580720093,Truck,1.5292046183450931,6.430295962374999,1,16609.454470814624
ASN-31235,Haiti,"SHANGHAI KEHUA BIOENGINEERING CO.,LTD.  (KHB)",EXW,1130.0,10893.85,9.640575221238938,Truck,1.5292046183450931,8.111370602893846,1,9165.848781270046
ASN-31318,Nigeria,"Trinity Biotech, Plc",EXW,2134.0,13771.63,6.453434864104967,Truck,1.5292046183450931,4.9242302457598734,1,10508.30734445157
ASN-31390,Botswana,HETERO LABS LIMITED,EXW,4260.0,21035.49,4.937908450704226,Truck,1.5292046183450931,3.4087038323591328,1,14521.078325849905
ASN-31391,Botswana,HETERO LABS LIMITED,EXW,4840.0,23796.98,4.916731404958678,Truck,1.5292046183450931,3.3875267866135843,1,16395.62964720975
ASN-31392,Botswana,HETERO LABS LIMITED,EXW,3989.0,19745.22,4.949917272499373,Truck,1.5292046183450931,3.42071265415428,1,13645.222777421423
ASN-31449,Zimbabwe,ABBVIE LOGISTICS (FORMERLY ABBOTT LOGISTICS BV),FCA,3991.0,34670.93,8.687278877474318,Truck,1.5292046183450931,7.158074259129225,1,28567.874368184737
ASN-31452,Haiti,"Orgenics, Ltd",EXW,2557.0,21256.43,8.313034806413766,Truck,1.5292046183450931,6.783830188068673,1,17346.253790891595
ASN-31453,Haiti,"Orgenics, Ltd",EXW,2314.0,22194.09,9.591222990492653,Truck,1.5292046183450931,8.062018372147561,1,18655.510513149457
ASN-31496,Uganda,"Orgenics, Ltd",EXW,2527.0,20534.4,8.125999208547686,Truck,1.5292046183450931,6.596794590202593,1,16670.099929441953
ASN-31497,Uganda,"Orgenics, Ltd",EXW,2477.0,19775.55,7.983669761808639,Truck,1.5292046183450931,6.454465143463546,1,15987.710160359204
ASN-31498,Uganda,"Orgenics, Ltd",EXW,2290.0,18423.91,8.045375545851527,Truck,1.5292046183450931,6.516170927506434,1,14922.031423989734
ASN-3154,Ethiopia,"SHANGHAI KEHUA BIOENGINEERING CO.,LTD.  (KHB)",EXW,2535.0,20083.74,7.922579881656805,Truck,1.5292046183450931,6.393375263311712,1,16207.20629249519
ASN-3155,Ethiopia,"SHANGHAI KEHUA BIOENGINEERING CO.,LTD.  (KHB)",EXW,2509.0,19882.25,7.924372259864488,Truck,1.5292046183450931,6.395167641519395,1,16045.475612572161
ASN-31556,Mozambique,"Orgenics, Ltd",EXW,2139.0,19193.57,8.97315100514259,Truck,1.5292046183450931,7.443946386797497,1,15922.601321359845
ASN-3156,Ethiopia,"SHANGHAI KEHUA BIOENGINEERING CO.,LTD.  (KHB)",EXW,2535.0,20083.74,7.922579881656805,Truck,1.5292046183450931,6.393375263311712,1,16207.20629249519
ASN-3157,Ethiopia,"SHANGHAI KEHUA BIOENGINEERING CO.,LTD.  (KHB)",EXW,2535.0,20083.74,7.922579881656805,Truck,1.5292046183450931,6.393375263311712,1,16207.20629249519
ASN-31603,Rwanda,EMCURE PHARMACEUTICALS LTD,EXW,1805.0,10743.33,5.951983379501385,Truck,1.5292046183450931,4.422778761156292,1,7983.115663887107
ASN-31624,Ethiopia,"SHANGHAI KEHUA BIOENGINEERING CO.,LTD.  (KHB)",EXW,2764.0,40716.16,14.730882778581767,Truck,1.5292046183450931,13.201678160236675,1,36489.43843489417
ASN-31631,Zambia,ABBVIE LOGISTICS (FORMERLY ABBOTT LOGISTICS BV),FCA,2272.0,13949.95,6.1399427816901415,Truck,1.5292046183450931,4.610738163345048,1,10475.59710711995
ASN-31638,Zambia,ABBVIE LOGISTICS (FORMERLY ABBOTT LOGISTICS BV),FCA,2272.0,14603.71,6.42768926056338,Truck,1.5292046183450931,4.898484642218286,1,11129.357107119946
ASN-31639,Zambia,ABBVIE LOGISTICS (FORMERLY ABBOTT LOGISTICS BV),FCA,2277.0,13894.08,6.101923583662714,Truck,1.5292046183450931,4.572718965317621,1,10412.081084028223
ASN-31640,Zambia,ABBVIE LOGISTICS (FORMERLY ABBOTT LOGISTICS BV),FCA,2272.0,13303.8,5.855545774647887,Truck,1.5292046183450931,4.326341156302794,1,9829.447107119948
ASN-31646,Vietnam,MYLAN LABORATORIES LTD (FORMERLY MATRIX LABORATORIES),EXW,1456.0,2984.0,2.0494505494505493,Truck,1.5292046183450931,0.5202459311054561,1,757.4780756895441
ASN-31647,Vietnam,MYLAN LABORATORIES LTD (FORMERLY MATRIX LABORATORIES),EXW,2406.0,4872.65,2.0252078137988363,Truck,1.5292046183450931,0.49600319545374316,1,1193.383688261706
ASN-31648,Vietnam,MYLAN LABORATORIES LTD (FORMERLY MATRIX LABORATORIES),EXW,2101.0,4384.01,2.086630176106616,Truck,1.5292046183450931,0.5574255577615228,1,1171.1510968569594
ASN-3170,Tanzania,ABBVIE LOGISTICS (FORMERLY ABBOTT LOGISTICS BV),FCA,3088.0,12937.16,4.189494818652849,Truck,1.5292046183450931,2.660290200307756,1,8214.97613855035
ASN-31704,Uganda,"CHEMBIO DIAGNOSTIC SYSTEMS, INC.",EXW,2328.0,13456.05,5.780090206185567,Truck,1.5292046183450931,4.250885587840473,1,9896.061648492621
ASN-3178,Ethiopia,"CHEMBIO DIAGNOSTIC SYSTEMS, INC.",EXW,3061.0,15288.75,4.99469127736034,Truck,1.5292046183450931,3.465486659015246,1,10607.85466324567
ASN-31785,Nigeria,"Orgenics, Ltd",EXW,2292.0,27361.87,11.937988656195461,Truck,1.5292046183450931,10.408784037850369,1,23856.933014753045
ASN-31786,Nigeria,"Orgenics, Ltd",EXW,2579.0,28759.53,11.151426909654905,Truck,1.5292046183450931,9.622222291309813,1,24815.711289288007
ASN-31826,Haiti,Aurobindo Pharma Limited,EXW,2254.0,12791.34,5.6749511978704525,Truck,1.5292046183450931,4.145746579525359,1,9344.512790250159
ASN-31852,Sierra Leone,"Orgenics, Ltd",EXW,1556.0,28703.53,18.446998714652956,Truck,1.5292046183450931,16.917794096307862,1,26324.087613855034
ASN-31869,Côte d'Ivoire,"Orgenics, Ltd",EXW,3374.0,24821.13,7.35658861885003,Truck,1.5292046183450931,5.827384000504937,1,19661.593617703656
ASN-32051,Zimbabwe,ABBVIE LOGISTICS (FORMERLY ABBOTT LOGISTICS BV),FCA,6090.0,41141.5,6.755582922824302,Truck,1.5292046183450931,5.2263783044792085,1,31828.64387427838
ASN-32118,Nigeria,EMCURE PHARMACEUTICALS LTD,EXW,1400.0,11732.9,8.380642857142856,Truck,1.5292046183450931,6.851438238797763,1,9592.013534316868
ASN-32234,Nigeria,"Trinity Biotech, Plc",EXW,3655.0,25636.67,7.014136798905608,Truck,1.5292046183450931,5.484932180560515,1,20047.427119948683
ASN-32258,Vietnam,HETERO LABS LIMITED,EXW,2486.0,3775.5,1.5187047465808527,Truck,1.5292046183450931,-0.010499871764240387,0,0.0
ASN-32259,Vietnam,HETERO LABS LIMITED,EXW,2516.0,3816.3,1.51681240063593,Truck,1.5292046183450931,-0.0123922177091631,0,0.0
ASN-32260,Vietnam,HETERO LABS LIMITED,EXW,2516.0,3809.94,1.5142845786963435,Truck,1.5292046183450931,-0.014920039648749661,0,0.0
ASN-32261,Vietnam,HETERO LABS LIMITED,EXW,2516.0,3809.94,1.5142845786963435,Truck,1.5292046183450931,-0.014920039648749661,0,0.0
ASN-32265,Vietnam,HETERO LABS LIMITED,EXW,2541.0,5489.55,2.1603896103896103,Truck,1.5292046183450931,0.6311849920445172,1,1603.841064785118
ASN-32266,Vietnam,HETERO LABS LIMITED,EXW,2523.0,4761.9,1.8873959571938168,Truck,1.5292046183450931,0.3581913388487237,1,903.7167479153298
ASN-32267,Vietnam,HETERO LABS LIMITED,EXW,2523.0,4784.19,1.8962306777645659,Truck,1.5292046183450931,0.36702605941947275,1,926.0067479153297
ASN-32268,Vietnam,HETERO LABS LIMITED,EXW,2523.0,4784.19,1.8962306777645659,Truck,1.5292046183450931,0.36702605941947275,1,926.0067479153297
ASN-32270,Vietnam,HETERO LABS LIMITED,EXW,1400.0,2859.58,2.042557142857143,Truck,1.5292046183450931,0.5133525245120498,1,718.6935343168698
ASN-3231,Nigeria,"Orgenics, Ltd",EXW,1584.0,22775.45,14.378440656565656,Truck,1.5292046183450931,12.849236038220564,1,20353.189884541374
ASN-3242,Côte d'Ivoire,IDA FOUNDATION,EXW,5209.0,25405.22,4.877177961220964,Truck,1.5292046183450931,3.3479733428758705,1,17439.59314304041
ASN-32442,Vietnam,HETERO LABS LIMITED,EXW,1320.0,2730.91,2.068871212121212,Truck,1.5292046183450931,0.5396665937761187,1,712.3599037844767
ASN-32498,Uganda,MYLAN LABORATORIES LTD (FORMERLY MATRIX LABORATORIES),EXW,1652.0,7172.9,4.341949152542373,Truck,1.5292046183450931,2.8127445341972797,1,4646.653970493906
ASN-32527,Nigeria,HETERO LABS LIMITED,EXW,6093.0,42199.11,6.925834564254062,Truck,1.5292046183450931,5.396629945908969,1,32881.66626042335
ASN-32534,Uganda,EMCURE PHARMACEUTICALS LTD,EXW,1197.0,5375.13,4.490501253132832,Truck,1.5292046183450931,2.9612966347877387,1,3544.6720718409233
ASN-3259,Ethiopia,"CHEMBIO DIAGNOSTIC SYSTEMS, INC.",EXW,1341.0,6112.63,4.558262490678598,Truck,1.5292046183450931,3.029057872333505,1,4061.9666067992302
ASN-32716,Haiti,ABBVIE LOGISTICS (FORMERLY ABBOTT LOGISTICS BV),FCA,1825.0,4126.9,2.2613150684931504,Truck,1.5292046183450931,0.7321104501480573,1,1336.1015715202045
ASN-32754,Nigeria,"Orgenics, Ltd",EXW,2307.0,26294.95,11.397897702644126,Truck,1.5292046183450931,9.868693084299034,1,22767.07494547787
ASN-32756,Nigeria,"Orgenics, Ltd",EXW,2575.0,29274.16,11.36860582524272,Truck,1.5292046183450931,9.839401206897627,1,25336.458107761388
ASN-32758,Nigeria,"Orgenics, Ltd",EXW,2307.0,21672.24,9.394122236671002,Truck,1.5292046183450931,7.864917618325909,1,18144.36494547787
ASN-32779,Vietnam,MYLAN LABORATORIES LTD (FORMERLY MATRIX LABORATORIES),EXW,1748.0,3868.49,2.213094965675057,Truck,1.5292046183450931,0.683890347329964,1,1195.4403271327772
ASN-32780,Vietnam,MYLAN LABORATORIES LTD (FORMERLY MATRIX LABORATORIES),EXW,2446.0,4559.25,1.8639615699100571,Truck,1.5292046183450931,0.334756951564964,1,818.8155035279019
ASN-3312,Vietnam,Aurobindo Pharma Limited,EXW,1068.0,3894.21,3.64626404494382,Truck,1.5292046183450931,2.1170594265987273,1,2261.0194676074407
ASN-33318,Cameroon,ABBVIE LOGISTICS (FORMERLY ABBOTT LOGISTICS BV),FCA,1485.0,10334.23,6.959077441077441,Truck,1.5292046183450931,5.429872822732348,1,8063.361141757537
ASN-3332,Tanzania,MERCK SHARP & DOHME IDEA GMBH (FORMALLY MERCK SHARP & DOHME B.V.),CIP,4093.0,9339.0,2.281700464207183,Truck,1.5292046183450931,0.7524958458620901,1,3079.9654971135346
ASN-3458,Rwanda,Premier Medical Corporation Ltd.,EXW,1320.0,15022.74,11.380863636363637,Truck,1.5292046183450931,9.851659018018545,1,13004.18990378448
ASN-3497,Nigeria,MERCK SHARP & DOHME IDEA GMBH (FORMALLY MERCK SHARP & DOHME B.V.),CIP,2067.0,7933.38,3.83811320754717,Truck,1.5292046183450931,2.308908589202077,1,4772.514053880694
ASN-3505,Rwanda,CIPLA LIMITED,CIP,1698.0,16414.22,9.666796230859836,Truck,1.5292046183450931,8.137591612514743,1,13817.630558050034
ASN-3507,Mozambique,"Orgenics, Ltd",EXW,1417.0,13093.27,9.24013408609739,Truck,1.5292046183450931,7.710929467752297,1,10926.387055805004
ASN-3508,Zambia,"Orgenics, Ltd",EXW,1624.0,12646.15,7.787038177339901,Truck,1.5292046183450931,6.2578335589948075,1,10162.721699807567
ASN-3509,Mozambique,"Trinity Biotech, Plc",EXW,1906.0,23914.8,12.547114375655823,Truck,1.5292046183450931,11.017909757310731,1,21000.135997434252
ASN-3522,Vietnam,CIPLA LIMITED,EXW,2165.0,4443.97,2.052642032332564,Truck,1.5292046183450931,0.5234374139874707,1,1133.242001282874
ASN-3561,Vietnam,Aurobindo Pharma Limited,EXW,2228.0,9809.7,4.402917414721724,Truck,1.5292046183450931,2.8737127963766307,1,6402.632110327133
ASN-3562,Vietnam,Aurobindo Pharma Limited,EXW,3509.0,12835.2,3.657794243374181,Truck,1.5292046183450931,2.128589625029088,1,7469.220994227069
ASN-3665,Nigeria,"Orgenics, Ltd",EXW,1723.0,22451.67,13.030568775391757,Truck,1.5292046183450931,11.501364157046664,1,19816.850442591403
ASN-3694,Tanzania,ABBVIE LOGISTICS (FORMERLY ABBOTT LOGISTICS BV),FCA,3073.0,12815.42,4.170328669053043,Truck,1.5292046183450931,2.6411240507079494,1,8116.174207825528
ASN-3698,Zambia,"Trinity Biotech, Plc",EXW,2657.0,25513.66,9.60243131351148,Truck,1.5292046183450931,8.073226695166387,1,21450.563329057088
ASN-3710,Rwanda,Premier Medical Corporation Ltd.,EXW,2800.0,12595.81,4.4985035714285715,Truck,1.5292046183450931,2.969298953083478,1,8314.03706863374
ASN-3743,Haiti,MYLAN LABORATORIES LTD (FORMERLY MATRIX LABORATORIES),EXW,32050.0,806.55,0.025165366614664585,Truck,1.5292046183450931,-1.5040392517304286,0,0.0
ASN-3852,Rwanda,CIPLA LIMITED,CIP,2086.0,853.87,0.40933365292425694,Truck,1.5292046183450931,-1.1198709654208363,0,0.0
ASN-3853,Tanzania,MERCK SHARP & DOHME IDEA GMBH (FORMALLY MERCK SHARP & DOHME B.V.),CIP,2462.0,3451.41,1.401872461413485,Truck,1.5292046183450931,-0.12733215693160815,0,0.0
ASN-3857,Mozambique,"Orgenics, Ltd",EXW,2655.0,25052.69,9.436041431261769,Truck,1.5292046183450931,7.9068368129166755,1,20992.651738293775
ASN-386,Vietnam,CIPLA LIMITED,EXW,6813.0,31858.09,4.676073682665493,Truck,1.5292046183450931,3.1468690643203994,1,21439.61893521488
ASN-3894,Kenya,"Standard Diagnostics, Inc.",EXW,1558.0,11653.64,7.47987163029525,Truck,1.5292046183450931,5.950667011950157,1,9271.139204618345
ASN-3904,Uganda,BRISTOL-MYERS SQUIBB,CIP,3000.0,428.91,0.14297,Truck,1.5292046183450931,-1.386234618345093,0,0.0
ASN-4081,Namibia,"Trinity Biotech, Plc",EXW,2261.0,17643.81,7.803542680229987,Truck,1.5292046183450931,6.274338061884894,1,14186.278357921745
ASN-4086,Côte d'Ivoire,ABBVIE LOGISTICS (FORMERLY ABBOTT LOGISTICS BV),FCA,2523.0,14806.48,5.8686008719778044,Truck,1.5292046183450931,4.339396253632711,1,10948.29674791533
ASN-4099,Kenya,"Trinity Biotech, Plc",EXW,4995.0,275.0,0.055055055055055056,Truck,1.5292046183450931,-1.474149563290038,0,0.0
ASN-4289,Côte d'Ivoire,BIO-RAD LABORATORIES (FRANCE),EXW,1073.0,8114.11,7.562078285181733,Truck,1.5292046183450931,6.03287366683664,1,6473.273444515714
ASN-4294,Nigeria,"Orgenics, Ltd",EXW,1920.0,30697.91,15.988494791666666,Truck,1.5292046183450931,14.459290173321573,1,27761.837132777422
ASN-4303,Vietnam,CIPLA LIMITED,EXW,1899.0,5209.46,2.743264876250658,Truck,1.5292046183450931,1.214060257905565,1,2305.500429762668
ASN-4343,Kenya,"Orgenics, Ltd",EXW,2215.0,16835.31,7.600591422121897,Truck,1.5292046183450931,6.071386803776804,1,13448.12177036562
ASN-4357,Zambia,"Trinity Biotech, Plc",EXW,2379.0,21686.21,9.115683060109289,Truck,1.5292046183450931,7.5864784417641955,1,18048.23221295702
ASN-4371,Vietnam,CIPLA LIMITED,EXW,3479.0,10048.1,2.8882150043115837,Truck,1.5292046183450931,1.3590103859664906,1,4727.997132777421
ASN-4381,Tanzania,ABBVIE LOGISTICS (FORMERLY ABBOTT LOGISTICS BV),FCA,2724.0,12620.12,4.632936857562409,Truck,1.5292046183450931,3.1037322392173152,1,8454.566619627967
ASN-4419,Vietnam,Aurobindo Pharma Limited,EXW,1815.0,9931.49,5.4718953168044075,Truck,1.5292046183450931,3.942690698459314,1,7155.983617703655
ASN-4420,Vietnam,Aurobindo Pharma Limited,EXW,1804.0,6341.88,3.5154545454545456,Truck,1.5292046183450931,1.9862499271094525,1,3583.194868505452
ASN-4437,Nigeria,"Orgenics, Ltd",EXW,1915.0,24514.33,12.801216710182768,Truck,1.5292046183450931,11.272012091837675,1,21585.90315586915
ASN-4439,Zambia,"Orgenics, Ltd",EXW,1330.0,11559.65,8.691466165413534,Truck,1.5292046183450931,7.16226154706844,1,9525.807857601025
ASN-4446,Vietnam,MYLAN LABORATORIES LTD (FORMERLY MATRIX LABORATORIES),EXW,1775.0,5761.87,3.246123943661972,Truck,1.5292046183450931,1.7169193253168789,1,3047.53180243746
ASN-4460,Rwanda,MYLAN LABORATORIES LTD (FORMERLY MATRIX LABORATORIES),CIP,3080.0,33235.44,10.790727272727274,Truck,1.5292046183450931,9.261522654382182,1,28525.48977549712
ASN-4462,Rwanda,MYLAN LABORATORIES LTD (FORMERLY MATRIX LABORATORIES),CIP,3393.0,30661.5,9.036693191865606,Truck,1.5292046183450931,7.507488573520512,1,25472.9087299551
ASN-4500,Kenya,"Orgenics, Ltd",EXW,2215.0,17662.98,7.974257336343115,Truck,1.5292046183450931,6.4450527179980215,1,14275.791770365617
ASN-4503,Rwanda,HETERO LABS LIMITED,CIP,4482.0,37404.74,8.345546630968316,Truck,1.5292046183450931,6.816342012623223,1,30550.844900577285
ASN-451,Nigeria,"CHEMBIO DIAGNOSTIC SYSTEMS, INC.",EXW,2278.0,15893.71,6.977045654082528,Truck,1.5292046183450931,5.447841035737435,1,12410.181879409876
ASN-4533,Nigeria,MISSIONPHARMA A/S,EXW,1250.0,17170.07,13.736056,Truck,1.5292046183450931,12.206851381654907,1,15258.564227068633
ASN-4553,Rwanda,HETERO LABS LIMITED,CIP,2268.0,19023.36,8.387724867724868,Truck,1.5292046183450931,6.858520249379775,1,15555.12392559333
ASN-4596,Nigeria,ABBVIE LOGISTICS (FORMERLY ABBOTT LOGISTICS BV),FCA,1246.0,10490.77,8.419558587479937,Truck,1.5292046183450931,6.890353969134844,1,8585.381045542015
ASN-4647,Kenya,"Orgenics, Ltd",EXW,2215.0,17974.69,8.114984198645598,Truck,1.5292046183450931,6.585779580300504,1,14587.501770365616
ASN-4648,Kenya,"Orgenics, Ltd",EXW,2215.0,17974.65,8.114966139954854,Truck,1.5292046183450931,6.5857615216097605,1,14587.461770365619
ASN-4672,Mozambique,"Trinity Biotech, Plc",EXW,1650.0,23167.84,14.041115151515152,Truck,1.5292046183450931,12.51191053317006,1,20644.6523797306
ASN-4687,Rwanda,MYLAN LABORATORIES LTD (FORMERLY MATRIX LABORATORIES),CIP,7278.0,61925.7,8.508615004122012,Truck,1.5292046183450931,6.9794103857769185,1,50796.14878768441
ASN-4696,Tanzania,Hoffmann-La Roche ltd Basel,FCA,2666.0,16751.58,6.283413353338335,Truck,1.5292046183450931,4.754208734993242,1,12674.720487491983
ASN-4791,Côte d'Ivoire,BIO-RAD LABORATORIES (FRANCE),EXW,1101.0,8074.03,7.333360581289736,Truck,1.5292046183450931,5.804155962944643,1,6390.375715202052
ASN-4872,Vietnam,MYLAN LABORATORIES LTD (FORMERLY MATRIX LABORATORIES),EXW,1849.0,4191.83,2.267079502433748,Truck,1.5292046183450931,0.7378748840886546,1,1364.3306606799224
ASN-4927,Mozambique,"Trinity Biotech, Plc",EXW,1265.0,18937.3,14.970197628458498,Truck,1.5292046183450931,13.440993010113406,1,17002.85615779346
ASN-4929,Mozambique,"Trinity Biotech, Plc",EXW,1462.0,23097.81,15.798775649794802,Truck,1.5292046183450931,14.26957103144971,1,20862.112847979475
ASN-4976,Rwanda,"Orgenics, Ltd",EXW,1153.0,46638.41,40.449618386817,Truck,1.5292046183450931,38.92041376847191,1,44875.23707504811
ASN-4979,Côte d'Ivoire,ABBVIE LOGISTICS (FORMERLY ABBOTT LOGISTICS BV),FCA,4794.0,28238.31,5.890344180225282,Truck,1.5292046183450931,4.361139561880188,1,20907.303059653623
ASN-50,Vietnam,SUN PHARMACEUTICAL INDUSTRIES LTD (RANBAXY LABORATORIES LIMITED),EXW,1855.0,16007.06,8.629142857142856,Truck,1.5292046183450931,7.099938238797763,1,13170.38543296985
ASN-5002,Kenya,"Standard Diagnostics, Inc.",EXW,3733.0,29039.18,7.77904634342352,Truck,1.5292046183450931,6.249841725078427,1,23330.659159717765
ASN-5061,Côte d'Ivoire,ABBVIE LOGISTICS (FORMERLY ABBOTT LOGISTICS BV),FCA,3080.0,18459.58,5.99337012987013,Truck,1.5292046183450931,4.464165511525037,1,13749.629775497113
ASN-5076,Tanzania,"Standard Diagnostics, Inc.",EXW,6223.0,82236.74,13.214967057689218,Truck,1.5292046183450931,11.685762439344126,1,72720.49966003849
ASN-5095,Tanzania,ABBVIE LOGISTICS (FORMERLY ABBOTT LOGISTICS BV),FCA,1210.0,7015.04,5.797553719008264,Truck,1.5292046183450931,4.268349100663171,1,5164.7024118024365
ASN-5103,Mozambique,"Orgenics, Ltd",EXW,1593.0,29373.14,18.438882611424983,Truck,1.5292046183450931,16.90967799307989,1,26937.117042976264
ASN-5104,Nigeria,"Orgenics, Ltd",EXW,2305.0,43338.93,18.802138828633407,Truck,1.5292046183450931,17.272934210288312,1,39814.11335471456
ASN-5131,Vietnam,Aurobindo Pharma Limited,EXW,3099.0,5018.69,1.6194546627944497,Truck,1.5292046183450931,0.09025004444935658,1,279.68488774855604
ASN-5143,Kenya,"Orgenics, Ltd",EXW,5902.0,52057.8,8.820365977634701,Truck,1.5292046183450931,7.291161359289608,1,43032.43434252727
ASN-522,Nigeria,"CHEMBIO DIAGNOSTIC SYSTEMS, INC.",EXW,2603.0,22838.29,8.773834037648866,Truck,1.5292046183450931,7.244629419303773,1,18857.77037844772
ASN-5222,Tanzania,"Standard Diagnostics, Inc.",EXW,3240.0,36096.76,11.140975308641975,Truck,1.5292046183450931,9.611770690296883,1,31142.1370365619
ASN-5225,Nigeria,"Orgenics, Ltd",EXW,2440.0,43692.46,17.906745901639344,Truck,1.5292046183450931,16.37754128329425,1,39961.20073123797
ASN-5258,Côte d'Ivoire,ABBVIE LOGISTICS (FORMERLY ABBOTT LOGISTICS BV),FCA,2598.0,15873.33,6.109826789838337,Truck,1.5292046183450931,4.580622171493244,1,11900.456401539446
ASN-5364,Tanzania,BRISTOL-MYERS SQUIBB,CIP,1478.0,1312.2,0.8878213802435724,Truck,1.5292046183450931,-0.6413832381015208,0,0.0
ASN-54,Vietnam,CIPLA LIMITED,EXW,1520.0,19044.32,12.529157894736842,Truck,1.5292046183450931,10.99995327639175,1,16719.92898011546
ASN-542,Vietnam,CIPLA LIMITED,EXW,2336.0,21150.56,9.05417808219178,Truck,1.5292046183450931,7.524973463846687,1,17578.33801154586
ASN-544,Nigeria,"CHEMBIO DIAGNOSTIC SYSTEMS, INC.",EXW,3045.0,28118.58,9.234344827586208,Truck,1.5292046183450931,7.705140209241114,1,23462.15193713919
ASN-55,Vietnam,Aurobindo Pharma Limited,EXW,7590.0,45450.08,5.988152832674572,Truck,1.5292046183450931,4.458948214329479,1,33843.41694676074
ASN-5501,Zimbabwe,"Standard Diagnostics, Inc.",EXW,1694.0,12127.58,7.15913813459268,Truck,1.5292046183450931,5.629933516247586,1,9537.10737652341
ASN-5589,Rwanda,HETERO LABS LIMITED,CIP,2044.0,10883.65,5.324681996086105,Truck,1.5292046183450931,3.795477377741012,1,7757.955760102628
ASN-5591,Tanzania,"Standard Diagnostics, Inc.",EXW,1650.0,11737.26,7.113490909090909,Truck,1.5292046183450931,5.5842862907458155,1,9214.072379730596
ASN-5592,Tanzania,"Standard Diagnostics, Inc.",EXW,1639.0,2277.0,1.389261744966443,Truck,1.5292046183450931,-0.13994287337865008,0,0.0
ASN-5595,Kenya,"Standard Diagnostics, Inc.",EXW,3158.0,24172.01,7.6542146928435715,Truck,1.5292046183450931,6.125010074498478,1,19342.781815266193
ASN-5633,Nigeria,IDA FOUNDATION,EXW,1295.0,8423.76,6.504833976833977,Truck,1.5292046183450931,4.9756293584888835,1,6443.440019243104
ASN-5660,Kenya,"Orgenics, Ltd",EXW,1065.0,10075.76,9.46080751173709,Truck,1.5292046183450931,7.931602893391996,1,8447.157081462476
ASN-5683,Vietnam,CIPLA LIMITED,EXW,1926.0,12423.96,6.450654205607476,Truck,1.5292046183450931,4.921449587262383,1,9478.711905067348
ASN-5689,Kenya,"Standard Diagnostics, Inc.",EXW,2842.0,21825.6,7.67966220971147,Truck,1.5292046183450931,6.150457591366377,1,17479.600474663242
ASN-5739,Vietnam,CIPLA LIMITED,EXW,3919.0,12704.0,3.241643276346007,Truck,1.5292046183450931,1.7124386580009137,1,6711.04710070558
ASN-5747,Ethiopia,MYLAN LABORATORIES LTD (FORMERLY MATRIX LABORATORIES),EXW,2504.0,7354.24,2.936996805111821,Truck,1.5292046183450931,1.4077921867667278,1,3525.1116356638863
ASN-5791,Tanzania,"Standard Diagnostics, Inc.",EXW,3997.0,28620.81,7.160572929697273,Truck,1.5292046183450931,5.63136831135218,1,22508.579140474663
ASN-5819,Côte d'Ivoire,BIO-RAD LABORATORIES (FRANCE),EXW,2635.0,19145.8,7.265958254269449,Truck,1.5292046183450931,5.736753635924356,1,15116.345830660679
ASN-582,Nigeria,Abbott GmbH & Co. KG,EXW,1192.0,10879.22,9.126862416107382,Truck,1.5292046183450931,7.597657797762289,1,9056.408094932649
ASN-5827,Rwanda,MYLAN LABORATORIES LTD (FORMERLY MATRIX LABORATORIES),CIP,2768.0,29603.24,10.694812138728324,Truck,1.5292046183450931,9.165607520383231,1,25370.401616420782
ASN-5831,Rwanda,"Orgenics, Ltd",EXW,1154.0,46723.42,40.48823223570191,Truck,1.5292046183450931,38.95902761735682,1,44958.71787042977
ASN-5843,Ethiopia,STRIDES ARCOLAB LIMITED,EXW,2038.0,11789.31,5.784744847890088,Truck,1.5292046183450931,4.2555402295449944,1,8672.7909878127
ASN-5853,Zambia,"Orgenics, Ltd",EXW,1382.0,18369.56,13.292011577424024,Truck,1.5292046183450931,11.762806959078931,1,16256.199217447083
ASN-5854,Zambia,"Orgenics, Ltd",EXW,1409.0,21714.68,15.411412349183818,Truck,1.5292046183450931,13.882207730838726,1,19560.030692751763
ASN-5855,Zambia,"Orgenics, Ltd",EXW,1106.0,16793.45,15.183951175406872,Truck,1.5292046183450931,13.65474655706178,1,15102.149692110328
ASN-5857,Zambia,"Trinity Biotech, Plc",EXW,1907.0,17975.84,9.426240167802831,Truck,1.5292046183450931,7.897035549457738,1,15059.646792815905
ASN-587,Nigeria,"CHEMBIO DIAGNOSTIC SYSTEMS, INC.",EXW,3276.0,43664.71,13.328666056166055,Truck,1.5292046183450931,11.799461437820963,1,38655.03567030148
ASN-5877,Kenya,"Orgenics, Ltd",EXW,1462.0,14419.86,9.86310533515732,Truck,1.5292046183450931,8.333900716812227,1,12184.162847979476
ASN-5878,Kenya,"Orgenics, Ltd",EXW,1489.0,14532.09,9.759630624580256,Truck,1.5292046183450931,8.230426006235163,1,12255.104323284158
ASN-5898,Kenya,"Orgenics, Ltd",EXW,1357.0,12965.93,9.55484893146647,Truck,1.5292046183450931,8.025644313121377,1,10890.79933290571
ASN-5899,Kenya,"Orgenics, Ltd",EXW,1224.0,11847.25,9.679125816993464,Truck,1.5292046183450931,8.149921198648372,1,9975.503547145607
ASN-5946,Vietnam,ABBVIE LOGISTICS (FORMERLY ABBOTT LOGISTICS BV),FCA,1063.0,11167.45,10.505597365945437,Truck,1.5292046183450931,8.976392747600345,1,9541.905490699166
ASN-5953,Mozambique,"Trinity Biotech, Plc",EXW,1636.0,21087.7,12.889792176039121,Truck,1.5292046183450931,11.360587557694029,1,18585.92124438743
ASN-5992,Côte d'Ivoire,ABBVIE LOGISTICS (FORMERLY ABBOTT LOGISTICS BV),FCA,1523.0,10051.89,6.6000590938936305,Truck,1.5292046183450931,5.070854475548537,1,7722.911366260422
ASN-6004,Ethiopia,STRIDES ARCOLAB LIMITED,EXW,3652.0,15236.52,4.1721029572836805,Truck,1.5292046183450931,2.642898338938587,1,9651.86473380372
ASN-6060,Vietnam,MYLAN LABORATORIES LTD (FORMERLY MATRIX LABORATORIES),EXW,2405.0,11448.01,4.760087318087318,Truck,1.5292046183450931,3.2308826997422244,1,7770.27289288005
ASN-6062,Vietnam,MYLAN LABORATORIES LTD (FORMERLY MATRIX LABORATORIES),EXW,1503.0,11884.14,7.906946107784431,Truck,1.5292046183450931,6.377741489439337,1,9585.745458627323
ASN-61,Côte d'Ivoire,Aurobindo Pharma Limited,EXW,1498.0,20257.08,13.522750333778372,Truck,1.5292046183450931,11.99354571543328,1,17966.331481719055
ASN-6101,Côte d'Ivoire,Aurobindo Pharma Limited,EXW,154780.0,1664.12,0.010751518284016022,Truck,1.5292046183450931,-1.518453100061077,0,0.0
ASN-6175,Zambia,"Trinity Biotech, Plc",EXW,1826.0,16438.26,9.002332968236582,Truck,1.5292046183450931,7.473128349891488,1,13645.932366901858
ASN-6178,Mozambique,"Orgenics, Ltd",EXW,1179.0,14110.84,11.968481764206954,Truck,1.5292046183450931,10.439277145861862,1,12307.907754971135
ASN-6190,Vietnam,CIPLA LIMITED,EXW,1936.0,5314.56,2.745123966942149,Truck,1.5292046183450931,1.2159193485970559,1,2354.0198588839003
ASN-6191,Vietnam,CIPLA LIMITED,EXW,1481.0,6390.83,4.315212694125591,Truck,1.5292046183450931,2.7860080757804973,1,4126.077960230917
ASN-6210,Ethiopia,Aurobindo Pharma Limited,EXW,2996.0,10612.93,3.5423664886515356,Truck,1.5292046183450931,2.0131618703064422,1,6031.432963438101
ASN-622,Nigeria,Abbott GmbH & Co. KG,EXW,1194.0,5858.57,4.9066750418760465,Truck,1.5292046183450931,3.377470423530953,1,4032.699685695958
ASN-624,Vietnam,CIPLA LIMITED,EXW,2348.0,21439.59,9.131000851788757,Truck,1.5292046183450931,7.601796233443664,1,17849.017556125724
ASN-6264,Vietnam,Aurobindo Pharma Limited,EXW,4762.0,17541.06,3.68354892902142,Truck,1.5292046183450931,2.1543443106763265,1,10258.987607440667
ASN-6265,Vietnam,Aurobindo Pharma Limited,EXW,2011.0,11648.31,5.792297364495275,Truck,1.5292046183450931,4.263092746150182,1,8573.079512508017
ASN-6266,Vietnam,Aurobindo Pharma Limited,EXW,3536.0,20910.43,5.91358314479638,Truck,1.5292046183450931,4.384378526451287,1,15503.16246953175
ASN-6267,Rwanda,MYLAN LABORATORIES LTD (FORMERLY MATRIX LABORATORIES),CIP,5795.0,63600.4,10.97504745470233,Truck,1.5292046183450931,9.445842836357237,1,54738.65923669019
ASN-6268,Vietnam,Aurobindo Pharma Limited,EXW,1572.0,13479.25,8.57458651399491,Truck,1.5292046183450931,7.045381895649817,1,11075.340339961513
ASN-6290,Zambia,"Orgenics, Ltd",EXW,1276.0,20121.14,15.768918495297806,Truck,1.5292046183450931,14.239713876952713,1,18169.874906991663
ASN-6341,Vietnam,MYLAN LABORATORIES LTD (FORMERLY MATRIX LABORATORIES),EXW,3002.0,6808.99,2.268151232511659,Truck,1.5292046183450931,0.7389466141665657,1,2218.31773572803
ASN-6355,Vietnam,MYLAN LABORATORIES LTD (FORMERLY MATRIX LABORATORIES),EXW,2128.0,7784.92,3.658327067669173,Truck,1.5292046183450931,2.12912244932408,1,4530.772572161642
ASN-6357,Zambia,"Trinity Biotech, Plc",EXW,2521.0,22460.87,8.909508131693771,Truck,1.5292046183450931,7.380303513348678,1,18605.745157152018
ASN-6453,Côte d'Ivoire,MERCK SHARP & DOHME IDEA GMBH (FORMALLY MERCK SHARP & DOHME B.V.),CIP,1061.0,2454.99,2.313845428840716,Truck,1.5292046183450931,0.7846408104956228,1,832.5038999358559
ASN-6489,Rwanda,Aurobindo Pharma Limited,CIP,1297.0,23760.45,18.319545104086355,Truck,1.5292046183450931,16.79034048574126,1,21777.071610006416
ASN-649,Tanzania,"Standard Diagnostics, Inc.",EXW,3336.0,25165.3,7.5435551558753,Truck,1.5292046183450931,6.014350537530206,1,20063.873393200767
ASN-6504,Côte d'Ivoire,ABBVIE LOGISTICS (FORMERLY ABBOTT LOGISTICS BV),FCA,1299.0,9689.81,7.459438029253271,Truck,1.5292046183450931,5.930233410908178,1,7703.373200769724
ASN-6538,Rwanda,EMCURE PHARMACEUTICALS LTD,CIP,3889.0,31784.09,8.172818205194137,Truck,1.5292046183450931,6.643613586849043,1,25837.013239255928
ASN-6569,Rwanda,HETERO LABS LIMITED,CIP,3539.0,16769.43,4.738465668267873,Truck,1.5292046183450931,3.2092610499227794,1,11357.574855676716
ASN-6612,Zambia,"Orgenics, Ltd",EXW,1360.0,20067.34,14.75539705882353,Truck,1.5292046183450931,13.226192440478437,1,17987.621719050676
ASN-6614,Zambia,"Orgenics, Ltd",EXW,1304.0,19502.09,14.955590490797546,Truck,1.5292046183450931,13.426385872452453,1,17508.007177678
ASN-6619,Nigeria,"Orgenics, Ltd",EXW,1284.0,21821.97,16.99530373831776,Truck,1.5292046183450931,15.466099119972666,1,19858.4712700449
ASN-6686,Vietnam,Aurobindo Pharma Limited,EXW,1056.0,2160.52,2.0459469696969697,Truck,1.5292046183450931,0.5167423513518765,1,545.6799230275816
ASN-6720,Tanzania,ABBVIE LOGISTICS (FORMERLY ABBOTT LOGISTICS BV),FCA,1604.0,9915.56,6.181770573566085,Truck,1.5292046183450931,4.652565955220991,1,7462.71579217447
ASN-6750,South Africa,CIPLA LIMITED,DDP,2649.0,3908.55,1.4754813137032843,Truck,1.5292046183450931,-0.053723304641808856,0,0.0
ASN-6753,Zimbabwe,"Orgenics, Ltd",EXW,1183.0,21170.3,17.89543533389687,Truck,1.5292046183450931,16.366230715551776,1,19361.250936497752
ASN-682,Tanzania,"Standard Diagnostics, Inc.",EXW,3336.0,28837.28,8.644268585131893,Truck,1.5292046183450931,7.1150639667868,1,23735.853393200767
ASN-6840,Rwanda,MYLAN LABORATORIES LTD (FORMERLY MATRIX LABORATORIES),CIP,1795.0,21340.35,11.888774373259052,Truck,1.5292046183450931,10.35956975491396,1,18595.42771007056
ASN-6883,South Africa,Aurobindo Pharma Limited,DDP,2892.0,6105.79,2.111269017980636,Truck,1.5292046183450931,0.582064399635543,1,1683.3302437459904
ASN-6886,South Africa,Aurobindo Pharma Limited,DDP,4568.0,6105.79,1.3366440455341506,Truck,1.5292046183450931,-0.19256057281094252,0,0.0
ASN-6890,Rwanda,EMCURE PHARMACEUTICALS LTD,CIP,4227.0,33008.05,7.808859711379229,Truck,1.5292046183450931,6.279655093034136,1,26544.10207825529
ASN-69,Côte d'Ivoire,Abbott GmbH & Co. KG,FCA,291096.0,156.97,0.0005392379146398439,Truck,1.5292046183450931,-1.5286653804304533,0,0.0
ASN-6911,South Africa,STRIDES ARCOLAB LIMITED,DDP,15006.0,20134.62,1.3417712914834066,Truck,1.5292046183450931,-0.18743332686168657,0,0.0
ASN-6932,South Africa,Aurobindo Pharma Limited,DDP,4564.0,6105.79,1.3378155127081508,Truck,1.5292046183450931,-0.19138910563694234,0,0.0
ASN-6933,South Africa,Aurobindo Pharma Limited,DDP,4561.0,6105.79,1.3386954615215962,Truck,1.5292046183450931,-0.1905091568234969,0,0.0
ASN-6937,South Africa,Aurobindo Pharma Limited,DDP,4565.0,6105.83,1.3375312157721797,Truck,1.5292046183450931,-0.19167340257291343,0,0.0
ASN-6978,Nigeria,"Orgenics, Ltd",EXW,1130.0,21654.06,19.162884955752215,Truck,1.5292046183450931,17.63368033740712,1,19926.058781270047
ASN-698,Tanzania,"Standard Diagnostics, Inc.",EXW,3338.0,28466.06,8.52787896944278,Truck,1.5292046183450931,6.998674351097686,1,23361.574983964078
ASN-70,Côte d'Ivoire,Abbott GmbH & Co. KG,FCA,205503.0,4110.88,0.020003990209388672,Truck,1.5292046183450931,-1.5092006281357044,0,0.0
ASN-7020,Vietnam,ABBVIE LOGISTICS (FORMERLY ABBOTT LOGISTICS BV),FCA,2018.0,10263.55,5.086000991080277,Truck,1.5292046183450931,3.5567963727351835,1,7177.6150801796
ASN-7021,South Africa,Aurobindo Pharma Limited,DDP,1431.0,4885.21,3.413843466107617,Truck,1.5292046183450931,1.8846388477625238,1,2696.9181911481714
ASN-7022,South Africa,Aurobindo Pharma Limited,DDP,3085.0,4885.2,1.5835332252836305,Truck,1.5292046183450931,0.05432860693853736,1,167.60375240538775
ASN-7050,South Africa,Aurobindo Pharma Limited,DDP,3869.0,4088.43,1.056714913414319,Truck,1.5292046183450931,-0.47248970493077413,0,0.0
ASN-7077,South Africa,Aurobindo Pharma Limited,DDP,4528.0,6369.79,1.4067557420494698,Truck,1.5292046183450931,-0.12244887629562329,0,0.0
ASN-7078,South Africa,Aurobindo Pharma Limited,DDP,2655.0,6369.79,2.3991676082862523,Truck,1.5292046183450931,0.8699629899411592,1,2309.7517382937776
ASN-7079,South Africa,Aurobindo Pharma Limited,DDP,4806.0,6369.79,1.3253828547648772,Truck,1.5292046183450931,-0.20382176358021598,0,0.0
ASN-7080,South Africa,Aurobindo Pharma Limited,DDP,4528.0,6369.79,1.4067557420494698,Truck,1.5292046183450931,-0.12244887629562329,0,0.0
ASN-7083,South Africa,Aurobindo Pharma Limited,DDP,4522.0,6369.8,1.408624502432552,Truck,1.5292046183450931,-0.12058011591254103,0,0.0
ASN-710,Tanzania,"Standard Diagnostics, Inc.",EXW,3335.0,27869.74,8.356743628185907,Truck,1.5292046183450931,6.827539009840813,1,22769.84259781911
ASN-7101,South Africa,Aurobindo Pharma Limited,DDP,3230.0,4116.81,1.2745541795665636,Truck,1.5292046183450931,-0.25465043877852955,0,0.0
ASN-7102,South Africa,Aurobindo Pharma Limited,DDP,2512.0,4116.82,1.6388614649681528,Truck,1.5292046183450931,0.10965684662305963,1,275.4579987171258
ASN-7103,South Africa,Aurobindo Pharma Limited,DDP,3211.0,4116.81,1.282095920274058,Truck,1.5292046183450931,-0.24710869807103508,0,0.0
ASN-7110,South Africa,STRIDES ARCOLAB LIMITED,DDP,5437.0,9205.05,1.6930384403163508,Truck,1.5292046183450931,0.16383382197125762,1,890.7644900577277
ASN-7171,Vietnam,STRIDES ARCOLAB LIMITED,EXW,2367.0,10648.45,4.498711449091678,Truck,1.5292046183450931,2.9695068307465844,1,7028.822668377165
ASN-7181,South Africa,Aurobindo Pharma Limited,DDP,4621.0,4762.44,1.0306080934862583,Truck,1.5292046183450931,-0.4985965248588349,0,0.0
ASN-7191,South Africa,STRIDES ARCOLAB LIMITED,DDP,14550.0,20706.21,1.4231072164948453,Truck,1.5292046183450931,-0.10609740185024785,0,0.0
ASN-7198,Kenya,"Orgenics, Ltd",EXW,1302.0,12678.52,9.737726574500769,Truck,1.5292046183450931,8.208521956155677,1,10687.49558691469
ASN-7199,Kenya,"Orgenics, Ltd",EXW,1098.0,10929.38,9.953897996357012,Truck,1.5292046183450931,8.42469337801192,1,9250.313329057088
ASN-7216,Rwanda,MYLAN LABORATORIES LTD (FORMERLY MATRIX LABORATORIES),CIP,6842.0,73790.43,10.784921075708857,Truck,1.5292046183450931,9.255716457363764,1,63327.612001282876
ASN-7217,South Africa,STRIDES ARCOLAB LIMITED,DDP,16496.0,25285.11,1.5328024975751697,Truck,1.5292046183450931,0.003597879230076595,1,59.350615779343514
ASN-7220,Vietnam,CIPLA LIMITED,EXW,2933.0,12067.26,4.114306171155813,Truck,1.5292046183450931,2.5851015528107197,1,7582.102854393841
ASN-7236,Vietnam,CIPLA LIMITED,EXW,4799.0,10959.54,2.2837132735986665,Truck,1.5292046183450931,0.7545086552535734,1,3620.8870365618986
ASN-7249,Rwanda,HETERO LABS LIMITED,CIP,3845.0,20194.78,5.252218465539662,Truck,1.5292046183450931,3.7230138471945686,1,14314.988242463116
ASN-7251,Tanzania,ABBVIE LOGISTICS (FORMERLY ABBOTT LOGISTICS BV),FCA,2020.0,9169.63,4.539420792079207,Truck,1.5292046183450931,3.010216173734114,1,6080.63667094291
ASN-7260,Vietnam,STRIDES ARCOLAB LIMITED,EXW,2799.0,11838.56,4.229567702750982,Truck,1.5292046183450931,2.700363084405889,1,7558.316273252082
ASN-7262,Vietnam,Aurobindo Pharma Limited,EXW,3802.0,26084.14,6.860636507101526,Truck,1.5292046183450931,5.331431888756432,1,20270.104041051956
ASN-7284,Vietnam,MYLAN LABORATORIES LTD (FORMERLY MATRIX LABORATORIES),EXW,5101.0,13241.08,2.5957812193687513,Truck,1.5292046183450931,1.0665766010236581,1,5440.60724182168
ASN-7301,Vietnam,Aurobindo Pharma Limited,EXW,1073.0,9535.67,8.886924510717614,Truck,1.5292046183450931,7.357719892372521,1,7894.833444515715
ASN-7316,South Africa,Aurobindo Pharma Limited,DDP,3221.0,3296.57,1.0234616578702267,Truck,1.5292046183450931,-0.5057429604748664,0,0.0
ASN-7317,South Africa,Aurobindo Pharma Limited,DDP,1273.0,3296.58,2.589615082482325,Truck,1.5292046183450931,1.060410464137232,1,1349.9025208466965
ASN-737,Vietnam,Aurobindo Pharma Limited,EXW,2895.0,18045.24,6.233243523316062,Truck,1.5292046183450931,4.704038904970969,1,13618.192629890955
ASN-7387,Zambia,INTERNATIONAL HEALTHCARE DISTRIBUTORS,CIP,2294.0,1100.2,0.4795989537925022,Truck,1.5292046183450931,-1.0496056645525909,0,0.0
ASN-7396,Rwanda,MYLAN LABORATORIES LTD (FORMERLY MATRIX LABORATORIES),CIP,2586.0,1170.2,0.45251353441608666,Truck,1.5292046183450931,-1.0766910839290065,0,0.0
ASN-7405,Vietnam,MYLAN LABORATORIES LTD (FORMERLY MATRIX LABORATORIES),EXW,2585.0,11617.57,4.494224371373307,Truck,1.5292046183450931,2.965019753028214,1,7664.576061577933
ASN-7408,South Africa,Aurobindo Pharma Limited,DDP,4442.0,3283.59,0.7392143178748312,Truck,1.5292046183450931,-0.789990300470262,0,0.0
ASN-7411,Vietnam,ABBVIE LOGISTICS (FORMERLY ABBOTT LOGISTICS BV),FCA,1348.0,10670.09,7.91549703264095,Truck,1.5292046183450931,6.386292414295856,1,8608.722174470815
ASN-7438,South Africa,Aurobindo Pharma Limited,DDP,4440.0,3283.59,0.7395472972972973,Truck,1.5292046183450931,-0.7896573210477958,0,0.0
ASN-7439,South Africa,Aurobindo Pharma Limited,DDP,4872.0,5886.9,1.2083128078817733,Truck,1.5292046183450931,-0.3208918104633198,0,0.0
ASN-7440,South Africa,Aurobindo Pharma Limited,DDP,4815.0,5886.9,1.2226168224299065,Truck,1.5292046183450931,-0.3065877959151866,0,0.0
ASN-7442,Tanzania,Aurobindo Pharma Limited,EXW,3396.0,16416.58,4.834093050647821,Truck,1.5292046183450931,3.304888432302728,1,11223.401116100064
ASN-7443,Tanzania,Aurobindo Pharma Limited,EXW,3392.0,20294.85,5.983151533018868,Truck,1.5292046183450931,4.453946914673774,1,15107.787934573442
ASN-7444,Tanzania,Aurobindo Pharma Limited,EXW,3380.0,17603.58,5.20815976331361,Truck,1.5292046183450931,3.6789551449685165,1,12434.868389993586
ASN-745,Nigeria,"CHEMBIO DIAGNOSTIC SYSTEMS, INC.",EXW,3263.0,20885.78,6.4007906834201655,Truck,1.5292046183450931,4.871586065075072,1,15895.985330339961
ASN-7468,South Africa,Aurobindo Pharma Limited,DDP,2131.0,5886.9,2.7625058657907084,Truck,1.5292046183450931,1.2333012474456153,1,2628.1649583066064
ASN-7469,South Africa,Aurobindo Pharma Limited,DDP,4822.0,5886.9,1.2208419742845291,Truck,1.5292046183450931,-0.308362644060564,0,0.0
ASN-7470,South Africa,Aurobindo Pharma Limited,DDP,4507.0,5886.96,1.3061814954515198,Truck,1.5292046183450931,-0.2230231228935733,0,0.0
ASN-7486,Vietnam,STRIDES ARCOLAB LIMITED,EXW,2035.0,8711.4,4.280786240786241,Truck,1.5292046183450931,2.7515816224411473,1,5599.468601667735
ASN-7489,Kenya,"Orgenics, Ltd",EXW,1411.0,13150.21,9.319780297661232,Truck,1.5292046183450931,7.790575679316139,1,10992.502283515072
ASN-7490,Kenya,"Orgenics, Ltd",EXW,1454.0,13343.23,9.17691196698762,Truck,1.5292046183450931,7.647707348642526,1,11119.766484926233
ASN-7506,South Africa,Aurobindo Pharma Limited,DDP,4396.0,3283.59,0.746949499545041,Truck,1.5292046183450931,-0.7822551188000522,0,0.0
ASN-7507,South Africa,Aurobindo Pharma Limited,DDP,1205.0,3283.62,2.7249958506224066,Truck,1.5292046183450931,1.1957912322773134,1,1440.9284348941626
ASN-7525,South Africa,Aurobindo Pharma Limited,DDP,1727.0,1791.42,1.0373016792125074,Truck,1.5292046183450931,-0.49190293913258576,0,0.0
ASN-7526,South Africa,Aurobindo Pharma Limited,DDP,3206.0,2154.51,0.6720243293824081,Truck,1.5292046183450931,-0.857180288962685,0,0.0
ASN-7538,South Africa,CIPLA LIMITED,DDP,3243.0,1881.24,0.5800925069380204,Truck,1.5292046183450931,-0.9491121114070727,0,0.0
ASN-7561,Nigeria,"Trinity Biotech, Plc",EXW,2373.0,29878.21,12.590901812052254,Truck,1.5292046183450931,11.061697193707161,1,26249.40744066709
ASN-7581,Vietnam,Aurobindo Pharma Limited,EXW,2046.0,14405.31,7.040718475073313,Truck,1.5292046183450931,5.51151385672822,1,11276.557350865938
ASN-7593,South Africa,CIPLA LIMITED,DDP,4141.0,5404.34,1.3050808983337359,Truck,1.5292046183450931,-0.22412372001135727,0,0.0
ASN-7661,Vietnam,Aurobindo Pharma Limited,EXW,1553.0,13320.8,8.577462974887315,Truck,1.5292046183450931,7.048258356542221,1,10945.94522771007
ASN-7662,South Africa,Aurobindo Pharma Limited,DDP,1791.0,1791.42,1.0002345058626465,Truck,1.5292046183450931,-0.5289701124824466,0,0.0
ASN-7663,South Africa,Aurobindo Pharma Limited,DDP,1810.0,2016.42,1.1140441988950276,Truck,1.5292046183450931,-0.41516041945006554,0,0.0
ASN-7664,South Africa,Aurobindo Pharma Limited,DDP,1823.0,1791.42,0.9826769061985738,Truck,1.5292046183450931,-0.5465277121465193,0,0.0
ASN-7665,Vietnam,MYLAN LABORATORIES LTD (FORMERLY MATRIX LABORATORIES),EXW,5009.0,17031.91,3.400261529247355,Truck,1.5292046183450931,1.8710569109022617,1,9372.124066709428
ASN-7687,South Africa,Aurobindo Pharma Limited,DDP,1828.0,1791.42,0.9799890590809628,Truck,1.5292046183450931,-0.5492155592641303,0,0.0
ASN-7725,South Africa,CIPLA LIMITED,DDP,1842.0,5298.03,2.8762377850162864,Truck,1.5292046183450931,1.3470331666711932,1,2481.235093008338
ASN-7740,Vietnam,Aurobindo Pharma Limited,EXW,2148.0,12793.94,5.9562104283054005,Truck,1.5292046183450931,4.427005809960307,1,9509.20847979474
ASN-7741,Vietnam,Aurobindo Pharma Limited,EXW,2904.0,14223.39,4.897861570247934,Truck,1.5292046183450931,3.3686569519028406,1,9782.57978832585
ASN-7772,South Africa,Aurobindo Pharma Limited,DDP,2373.0,1697.9,0.7155077960387696,Truck,1.5292046183450931,-0.8136968223063236,0,0.0
ASN-7804,South Africa,Aurobindo Pharma Limited,DDP,1577.0,1697.9,1.0766645529486367,Truck,1.5292046183450931,-0.4525400653964564,0,0.0
ASN-7839,Rwanda,"Orgenics, Ltd",EXW,1136.0,49573.62,43.63875,Truck,1.5292046183450931,42.10954538165491,1,47836.44355355998
ASN-7868,South Africa,CIPLA LIMITED,DDP,4398.0,5298.03,1.2046452933151433,Truck,1.5292046183450931,-0.3245593250299499,0,0.0
ASN-787,Tanzania,"Standard Diagnostics, Inc.",EXW,3345.0,29470.0,8.8101644245142,Truck,1.5292046183450931,7.280959806169107,1,24354.810551635663
ASN-788,Tanzania,"Standard Diagnostics, Inc.",EXW,3335.0,28461.1,8.534062968515741,Truck,1.5292046183450931,7.004858350170648,1,23361.20259781911
ASN-7959,South Africa,CIPLA LIMITED,DDP,1087.0,2531.3,2.3287028518859247,Truck,1.5292046183450931,0.7994982335408316,1,869.0545798588839
ASN-8001,South Africa,Aurobindo Pharma Limited,DDP,3764.0,4263.07,1.1325903294367694,Truck,1.5292046183450931,-0.39661428890832373,0,0.0
ASN-8011,Rwanda,MYLAN LABORATORIES LTD (FORMERLY MATRIX LABORATORIES),CIP,7965.0,65851.29,8.267581920903954,Truck,1.5292046183450931,6.7383773025588605,1,53671.175214881325
ASN-8019,Côte d'Ivoire,BRISTOL-MYERS SQUIBB,CIP,1278.0,1742.12,1.3631611893583724,Truck,1.5292046183450931,-0.16604342898672075,0,0.0
ASN-8037,Zambia,ABBVIE LOGISTICS (FORMERLY ABBOTT LOGISTICS BV),CIP,4959.0,2173.4,0.4382738455333737,Truck,1.5292046183450931,-1.0909307728117195,0,0.0
ASN-8040,South Africa,Aurobindo Pharma Limited,DDP,3240.0,4263.07,1.3157623456790122,Truck,1.5292046183450931,-0.21344227266608096,0,0.0
ASN-8080,Tanzania,MYLAN LABORATORIES LTD (FORMERLY MATRIX LABORATORIES),EXW,1081.0,5834.1,5.396947271045328,Truck,1.5292046183450931,3.867742652700235,1,4181.029807568954
ASN-8124,South Africa,Aurobindo Pharma Limited,DDP,2970.0,4263.07,1.4353771043771042,Truck,1.5292046183450931,-0.09382751396798894,0,0.0
ASN-8125,South Africa,Aurobindo Pharma Limited,DDP,3005.0,4263.07,1.4186589018302829,Truck,1.5292046183450931,-0.11054571651481027,0,0.0
ASN-8160,South Africa,Aurobindo Pharma Limited,DDP,4386.0,12917.3,2.9451208390332875,Truck,1.5292046183450931,1.4159162206881943,1,6210.20854393842
ASN-8167,South Africa,Aurobindo Pharma Limited,DDP,4382.0,2154.52,0.4916750342309448,Truck,1.5292046183450931,-1.0375295841141483,0,0.0
ASN-8174,South Africa,CIPLA LIMITED,DDP,5663.0,5298.02,0.9355500618046972,Truck,1.5292046183450931,-0.5936545565403959,0,0.0
ASN-8175,South Africa,CIPLA LIMITED,DDP,4942.0,3646.13,0.7377842978551195,Truck,1.5292046183450931,-0.7914203204899737,0,0.0
ASN-8226,Mozambique,"Trinity Biotech, Plc",EXW,1112.0,18669.96,16.78953237410072,Truck,1.5292046183450931,15.260327755755627,1,16969.48446440026
ASN-8246,South Africa,Aurobindo Pharma Limited,DDP,3669.0,4263.07,1.1619160534205504,Truck,1.5292046183450931,-0.36728856492454276,0,0.0
ASN-8249,South Africa,Aurobindo Pharma Limited,DDP,2970.0,4263.08,1.4353804713804714,Truck,1.5292046183450931,-0.09382414696462171,0,0.0
ASN-8300,South Africa,Aurobindo Pharma Limited,DDP,3545.0,5953.38,1.6793737658674188,Truck,1.5292046183450931,0.15016914752232569,1,532.3496279666446
ASN-8326,South Africa,Aurobindo Pharma Limited,DDP,7349.0,4876.34,0.6635378963124234,Truck,1.5292046183450931,-0.8656667220326697,0,0.0
ASN-8340,South Africa,Aurobindo Pharma Limited,DDP,7367.0,3444.28,0.46752816614632825,Truck,1.5292046183450931,-1.061676452198765,0,0.0
ASN-8348,South Africa,CIPLA LIMITED,DDP,3549.0,3646.13,1.0273682727528881,Truck,1.5292046183450931,-0.501836345592205,0,0.0
ASN-8371,Rwanda,MYLAN LABORATORIES LTD (FORMERLY MATRIX LABORATORIES),CIP,1716.0,17074.8,9.95034965034965,Truck,1.5292046183450931,8.421145032004558,1,14450.684874919822
ASN-8380,South Africa,Aurobindo Pharma Limited,DDP,3732.0,4876.34,1.3066291532690246,Truck,1.5292046183450931,-0.2225754650760685,0,0.0
ASN-8387,South Africa,CIPLA LIMITED,DDP,4457.0,3646.13,0.818068207314337,Truck,1.5292046183450931,-0.7111364110307561,0,0.0
ASN-8441,South Africa,Aurobindo Pharma Limited,DDP,3110.0,5159.33,1.6589485530546624,Truck,1.5292046183450931,0.12974393470956924,1,403.50363694676037
ASN-8442,South Africa,Aurobindo Pharma Limited,DDP,3113.0,5159.33,1.6573498233215547,Truck,1.5292046183450931,0.12814520497646154,1,398.91602309172475
ASN-8446,Vietnam,MYLAN LABORATORIES LTD (FORMERLY MATRIX LABORATORIES),EXW,3494.0,10711.06,3.065558099599313,Truck,1.5292046183450931,1.5363534812542199,1,5368.0190635022445
ASN-8447,Vietnam,MYLAN LABORATORIES LTD (FORMERLY MATRIX LABORATORIES),EXW,3329.0,10455.35,3.1406878942625416,Truck,1.5292046183450931,1.6114832759174484,1,5364.627825529185
ASN-8448,Vietnam,MYLAN LABORATORIES LTD (FORMERLY MATRIX LABORATORIES),EXW,3919.0,11372.45,2.9018754784383773,Truck,1.5292046183450931,1.3726708600932842,1,5379.497100705581
ASN-8455,Vietnam,STRIDES ARCOLAB LIMITED,EXW,2769.0,10546.68,3.808840736728061,Truck,1.5292046183450931,2.2796361183829674,1,6312.312411802437
ASN-8464,South Africa,Aurobindo Pharma Limited,DDP,1935.0,5159.33,2.6663204134366927,Truck,1.5292046183450931,1.1371157950915995,1,2200.319063502245
ASN-8465,South Africa,Aurobindo Pharma Limited,DDP,2830.0,5159.34,1.823088339222615,Truck,1.5292046183450931,0.2938837208775218,1,831.6909300833867
ASN-8495,South Africa,Aurobindo Pharma Limited,DDP,5200.0,5953.37,1.1448788461538462,Truck,1.5292046183450931,-0.384325772191247,0,0.0
ASN-8509,South Africa,Aurobindo Pharma Limited,DDP,4023.0,3315.23,0.8240691026597067,Truck,1.5292046183450931,-0.7051355156853865,0,0.0
ASN-8515,South Africa,CIPLA LIMITED,DDP,3543.0,3646.13,1.0291081004798195,Truck,1.5292046183450931,-0.5000965178652736,0,0.0
ASN-8529,Rwanda,"Orgenics, Ltd",EXW,1134.0,50550.58,44.57723104056438,Truck,1.5292046183450931,43.04802642221929,1,48816.461962796675
ASN-8532,Côte d'Ivoire,"Orgenics, Ltd",EXW,1229.0,17085.16,13.901676159479251,Truck,1.5292046183450931,12.372471541134159,1,15205.767524053881
ASN-856,Tanzania,"Standard Diagnostics, Inc.",EXW,3335.0,28359.8,8.503688155922038,Truck,1.5292046183450931,6.974483537576945,1,23259.902597819113
ASN-8578,Rwanda,MYLAN LABORATORIES LTD (FORMERLY MATRIX LABORATORIES),CIP,13147.0,4781.8,0.36371795846961286,Truck,1.5292046183450931,-1.1654866598754803,0,0.0
ASN-858,Nigeria,"CHEMBIO DIAGNOSTIC SYSTEMS, INC.",EXW,3265.0,6197.0,1.898009188361409,Truck,1.5292046183450931,0.36880457001631584,1,1204.146921103271
ASN-8587,Kenya,"Orgenics, Ltd",EXW,1427.0,15353.45,10.759250175192712,Truck,1.5292046183450931,9.23004555684762,1,13171.275009621553
ASN-8588,Kenya,"Orgenics, Ltd",EXW,1247.0,13765.81,11.039141940657577,Truck,1.5292046183450931,9.509937322312485,1,11858.891840923668
ASN-8589,Kenya,"Orgenics, Ltd",EXW,1407.0,15200.59,10.803546552949538,Truck,1.5292046183450931,9.274341934604445,1,13048.999101988455
ASN-8590,Kenya,"Orgenics, Ltd",EXW,1233.0,13753.58,11.154566098945661,Truck,1.5292046183450931,9.625361480600569,1,11868.070705580501
ASN-86,Zambia,Aurobindo Pharma Limited,EXW,3217.0,14364.29,4.465119676717439,Truck,1.5292046183450931,2.9359150583723457,1,9444.838742783835
ASN-8626,Tanzania,MYLAN LABORATORIES LTD (FORMERLY MATRIX LABORATORIES),EXW,5808.0,28514.49,4.909519628099174,Truck,1.5292046183450931,3.3803150097540806,1,19632.8695766517
ASN-8630,Zambia,"Trinity Biotech, Plc",EXW,2304.0,33525.96,14.551197916666666,Truck,1.5292046183450931,13.021993298321574,1,30002.672559332907
ASN-8649,South Africa,Aurobindo Pharma Limited,DDP,7353.0,4876.34,0.6631769345845233,Truck,1.5292046183450931,-0.8660276837605698,0,0.0
ASN-8702,South Africa,CIPLA LIMITED,DDP,3071.0,3646.13,1.1872777596873982,Truck,1.5292046183450931,-0.3419268586576949,0,0.0
ASN-8703,South Africa,CIPLA LIMITED,DDP,3728.0,3646.13,0.9780391630901288,Truck,1.5292046183450931,-0.5511654552549643,0,0.0
ASN-8885,South Africa,CIPLA LIMITED,DDP,1378.0,3646.1,2.6459361393323655,Truck,1.5292046183450931,1.1167315209872724,1,1538.8560359204614
ASN-8909,Vietnam,Aurobindo Pharma Limited,EXW,1951.0,13083.7,6.706150691952845,Truck,1.5292046183450931,5.176946073607752,1,10100.221789608724
ASN-893,Tanzania,"Standard Diagnostics, Inc.",EXW,3336.0,27791.62,8.33082134292566,Truck,1.5292046183450931,6.801616724580566,1,22690.19339320077
ASN-8940,Nigeria,"Trinity Biotech, Plc",EXW,1072.0,16036.98,14.959869402985074,Truck,1.5292046183450931,13.430664784639982,1,14397.67264913406
ASN-8992,Côte d'Ivoire,MERCK SHARP & DOHME IDEA GMBH (FORMALLY MERCK SHARP & DOHME B.V.),CIP,1234.0,2786.22,2.257876823338736,Truck,1.5292046183450931,0.7286722049936427,1,899.1815009621552
ASN-8998,Zambia,"Orgenics, Ltd",EXW,1318.0,21737.72,16.492959028831564,Truck,1.5292046183450931,14.963754410486471,1,19722.22831302117
ASN-9000,Zambia,"Orgenics, Ltd",EXW,1167.0,19610.11,16.803864610111397,Truck,1.5292046183450931,15.274659991766304,1,17825.528210391276
ASN-9001,Zambia,"Orgenics, Ltd",EXW,1363.0,22746.62,16.688642699926632,Truck,1.5292046183450931,15.15943808158154,1,20662.314105195637
ASN-904,Rwanda,Premier Medical Corporation Ltd.,EXW,1150.0,9898.8,8.607652173913042,Truck,1.5292046183450931,7.078447555567949,1,8140.214688903141
ASN-9043,Rwanda,HETERO LABS LIMITED,CIP,3666.0,14890.63,4.061819421713039,Truck,1.5292046183450931,2.532614803367945,1,9284.565869146887
ASN-9056,Côte d'Ivoire,ABBVIE LOGISTICS (FORMERLY ABBOTT LOGISTICS BV),FCA,2573.0,13562.35,5.27102603964244,Truck,1.5292046183450931,3.741821421297347,1,9627.706516998074
ASN-9057,Côte d'Ivoire,ABBVIE LOGISTICS (FORMERLY ABBOTT LOGISTICS BV),FCA,1838.0,13562.36,7.378868335146899,Truck,1.5292046183450931,5.849663716801806,1,10751.681911481719
ASN-9118,Vietnam,STRIDES ARCOLAB LIMITED,EXW,3595.0,12632.99,3.5140445062586925,Truck,1.5292046183450931,1.9848398879135993,1,7135.49939704939
ASN-9123,Rwanda,CIPLA LIMITED,CIP,2386.0,1398.0,0.5859178541492037,Truck,1.5292046183450931,-0.9432867641958894,0,0.0
ASN-9153,Vietnam,STRIDES ARCOLAB LIMITED,EXW,1403.0,6475.64,4.615566642908054,Truck,1.5292046183450931,3.086362024562961,1,4330.165920461834
ASN-916,Ethiopia,Aurobindo Pharma Limited,EXW,4228.0,12237.61,2.894420529801325,Truck,1.5292046183450931,1.3652159114562317,1,5772.132873636948
ASN-926,Vietnam,Aurobindo Pharma Limited,EXW,1955.0,16095.39,8.232936061381073,Truck,1.5292046183450931,6.70373144303598,1,13105.794971135341
ASN-9386,Zimbabwe,ABBVIE LOGISTICS (FORMERLY ABBOTT LOGISTICS BV),FCA,2480.0,18756.25,7.563004032258065,Truck,1.5292046183450931,6.033799413912972,1,14963.822546504169
ASN-94,Tanzania,Aurobindo Pharma Limited,EXW,1478.0,6212.41,4.203254397834912,Truck,1.5292046183450931,2.6740497794898186,1,3952.245574085952
ASN-9407,Vietnam,HETERO LABS LIMITED,EXW,3998.0,12974.12,3.2451525762881444,Truck,1.5292046183450931,1.7159479579430512,1,6860.359935856319
ASN-9408,Vietnam,HETERO LABS LIMITED,EXW,5359.0,18473.57,3.447204702369845,Truck,1.5292046183450931,1.918000084024752,1,10278.562450288646
ASN-9546,Kenya,"Orgenics, Ltd",EXW,1474.0,15687.32,10.642686567164178,Truck,1.5292046183450931,9.113481948819086,1,13433.272392559333
ASN-9547,Kenya,"Orgenics, Ltd",EXW,1479.0,15519.77,10.493421230561191,Truck,1.5292046183450931,8.964216612216099,1,13258.07636946761
ASN-9550,Kenya,"Orgenics, Ltd",EXW,1370.0,14515.01,10.594897810218978,Truck,1.5292046183450931,9.065693191873885,1,12419.999672867223
ASN-9743,Rwanda,"Orgenics, Ltd",EXW,1134.0,15367.03,13.551172839506174,Truck,1.5292046183450931,12.021968221161082,1,13632.911962796667
ASN-9857,Dominican Republic,Aurobindo Pharma Limited,EXW,2373.0,16173.9,6.815802781289507,Truck,1.5292046183450931,5.286598162944413,1,12545.097440667092
ASN-9882,Côte d'Ivoire,ABBVIE LOGISTICS (FORMERLY ABBOTT LOGISTICS BV),FCA,5089.0,31318.31,6.154118687364905,Truck,1.5292046183450931,4.624914069019812,1,23536.18769724182
DN-1010,Nigeria,SCMS from RDC,N/A - From RDC,1072.0,8504.72,7.933507462686567,Truck,1.5292046183450931,6.404302844341474,1,6865.412649134059
DN-1019,Côte d'Ivoire,SCMS from RDC,N/A - From RDC,2177.0,5127.91,2.355493798805696,Truck,1.5292046183450931,0.8262891804606027,1,1798.8315458627321
DN-1020,Côte d'Ivoire,SCMS from RDC,N/A - From RDC,2096.0,19495.73,9.301397900763359,Truck,1.5292046183450931,7.772193282418265,1,16290.517119948685
DN-1024,Mozambique,SCMS from RDC,N/A - From RDC,1448.0,3613.31,2.495379834254144,Truck,1.5292046183450931,0.9661752159090506,1,1399.0217126363054
DN-1027,Ethiopia,SCMS from RDC,N/A - From RDC,1787.0,10073.76,5.6372467823167325,Truck,1.5292046183450931,4.108042163971639,1,7341.07134701732
DN-1031,Côte d'Ivoire,SCMS from RDC,N/A - From RDC,2506.0,23382.04,9.330422984836392,Truck,1.5292046183450931,7.801218366491299,1,19549.853226427196
DN-1034,Mozambique,SCMS from RDC,N/A - From RDC,6036.0,3671.92,0.608336646785951,Truck,1.5292046183450931,-0.9208679715591421,0,0.0
DN-1035,Mozambique,SCMS from RDC,N/A - From RDC,9228.0,3671.92,0.3979107065452969,Truck,1.5292046183450931,-1.1312939117997962,0,0.0
DN-1036,Mozambique,SCMS from RDC,N/A - From RDC,2382.0,3671.92,1.5415281276238455,Truck,1.5292046183450931,0.012323509278752365,1,29.354599101988132
DN-1043,Uganda,SCMS from RDC,N/A - From RDC,2283.0,13586.1,5.950985545335086,Truck,1.5292046183450931,4.421780926989992,1,10094.925856318152
DN-1046,Côte d'Ivoire,SCMS from RDC,N/A - From RDC,1567.0,21821.95,13.92594128908743,Truck,1.5292046183450931,12.396736670742337,1,19425.686363053243
DN-1047,Côte d'Ivoire,SCMS from RDC,N/A - From RDC,1456.0,5048.32,3.467252747252747,Truck,1.5292046183450931,1.9380481289076539,1,2821.798075689544
DN-1050,Nigeria,SCMS from RDC,N/A - From RDC,2873.0,7363.73,2.5630804037591366,Truck,1.5292046183450931,1.0338757854140435,1,2970.325131494547
DN-1051,Ethiopia,SCMS from RDC,N/A - From RDC,1689.0,9189.57,5.440834813499111,Truck,1.5292046183450931,3.911630195154018,1,6606.743399615137
DN-1052,Ethiopia,SCMS from RDC,N/A - From RDC,4593.0,16901.37,3.6798105813193986,Truck,1.5292046183450931,2.1506059629743053,1,9877.733187940985
DN-1054,Mozambique,SCMS from RDC,N/A - From RDC,7011.0,7199.72,1.026917700755955,Truck,1.5292046183450931,-0.5022869175891382,0,0.0
DN-1055,Mozambique,SCMS from RDC,N/A - From RDC,8693.0,6757.33,0.7773300356608766,Truck,1.5292046183450931,-0.7518745826842166,0,0.0
DN-1057,Nigeria,SCMS from RDC,N/A - From RDC,1169.0,13538.35,11.5811377245509,Truck,1.5292046183450931,10.051933106205807,1,11750.709801154588
DN-1058,Nigeria,SCMS from RDC,N/A - From RDC,5197.0,21895.01,4.213009428516451,Truck,1.5292046183450931,2.683804810171358,1,13947.733598460547
DN-1060,Ethiopia,SCMS from RDC,N/A - From RDC,5147.0,29336.46,5.699720225374004,Truck,1.5292046183450931,4.170515607028911,1,21465.643829377805
DN-1061,Ethiopia,SCMS from RDC,N/A - From RDC,2002.0,10460.94,5.225244755244756,Truck,1.5292046183450931,3.6960401368996623,1,7399.472354073124
DN-1062,Ethiopia,SCMS from RDC,N/A - From RDC,14450.0,14144.68,0.9788705882352942,Truck,1.5292046183450931,-0.550334030109799,0,0.0
DN-1077,Uganda,SCMS from RDC,N/A - From RDC,1657.0,9995.55,6.03231744115872,Truck,1.5292046183450931,4.503112822813627,1,7461.657947402179
DN-1080,Nigeria,SCMS from RDC,N/A - From RDC,1146.0,3680.33,3.211457242582897,Truck,1.5292046183450931,1.682252624237804,1,1927.8615073765234
DN-1087,Côte d'Ivoire,SCMS from RDC,N/A - From RDC,2113.0,5574.06,2.6379839091339328,Truck,1.5292046183450931,1.1087792907888396,1,2342.850641436818
DN-110,Rwanda,SCMS from RDC,N/A - From RDC,3450.0,20896.5,6.056956521739131,Truck,1.5292046183450931,4.527751903394037,1,15620.744066709429
DN-1100,Haiti,SCMS from RDC,N/A - From RDC,2085.0,23866.2,11.446618705035972,Truck,1.5292046183450931,9.91741408669088,1,20677.808370750485
DN-1105,Ethiopia,SCMS from RDC,N/A - From RDC,1435.0,9138.0,6.36794425087108,Truck,1.5292046183450931,4.838739632525987,1,6943.59137267479
DN-1107,Ethiopia,SCMS from RDC,N/A - From RDC,3190.0,14732.36,4.618294670846395,Truck,1.5292046183450931,3.0890900525013016,1,9854.197267479152
DN-1110,Ethiopia,SCMS from RDC,N/A - From RDC,3146.0,14538.36,4.621220597584234,Truck,1.5292046183450931,3.0920159792391404,1,9727.482270686336
DN-1116,Zambia,SCMS from RDC,N/A - From RDC,8645.0,14041.17,1.6241954887218044,Truck,1.5292046183450931,0.09499087037671128,1,821.196074406669
DN-1117,Rwanda,SCMS from RDC,N/A - From RDC,1364.0,21215.4,15.553812316715543,Truck,1.5292046183450931,14.02460769837045,1,19129.564900577294
DN-1120,Côte d'Ivoire,SCMS from RDC,N/A - From RDC,4156.0,11180.32,2.6901636188642923,Truck,1.5292046183450931,1.1609590005191992,1,4824.945606157792
DN-1122,Côte d'Ivoire,SCMS from RDC,N/A - From RDC,2583.0,7608.7,2.945683313975997,Truck,1.5292046183450931,1.416478695630904,1,3658.764470814625
DN-1128,Côte d'Ivoire,SCMS from RDC,N/A - From RDC,2803.0,8669.38,3.0928933285765248,Truck,1.5292046183450931,1.5636887102314316,1,4383.019454778703
DN-1143,Uganda,SCMS from RDC,N/A - From RDC,6556.0,5401.95,0.823970408785845,Truck,1.5292046183450931,-0.7052342095592481,0,0.0
DN-1144,Nigeria,SCMS from RDC,N/A - From RDC,3273.0,6443.63,1.968722884204094,Truck,1.5292046183450931,0.4395182658590009,1,1438.5432841565098
DN-1152,Côte d'Ivoire,SCMS from RDC,N/A - From RDC,3155.0,9021.82,2.8595309033280505,Truck,1.5292046183450931,1.3303262849829574,1,4197.179429121231
DN-1155,Nigeria,SCMS from RDC,N/A - From RDC,1481.0,14974.4,10.111006076975016,Truck,1.5292046183450931,8.581801458629924,1,12709.647960230917
DN-1175,Mozambique,SCMS from RDC,N/A - From RDC,1320.0,6759.55,5.120871212121212,Truck,1.5292046183450931,3.591666593776119,1,4740.999903784477
DN-1195,Mozambique,SCMS from RDC,N/A - From RDC,3218.0,15990.35,4.969033561218148,Truck,1.5292046183450931,3.4398289428730546,1,11069.36953816549
DN-1202,Nigeria,SCMS from RDC,N/A - From RDC,1564.0,16864.58,10.782979539641945,Truck,1.5292046183450931,9.253774921296852,1,14472.903976908277
DN-1210,Nigeria,SCMS from RDC,N/A - From RDC,1901.0,18638.84,9.804755391899,Truck,1.5292046183450931,8.275550773553908,1,15731.822020525979
DN-1211,Nigeria,SCMS from RDC,N/A - From RDC,1079.0,10823.52,10.03106580166821,Truck,1.5292046183450931,8.501861183323118,1,9173.508216805645
DN-1215,Mozambique,SCMS from RDC,N/A - From RDC,7113.0,3599.76,0.506081822016027,Truck,1.5292046183450931,-1.023122796329066,0,0.0
DN-1221,Haiti,SCMS from RDC,N/A - From RDC,2034.0,23441.88,11.525014749262537,Truck,1.5292046183450931,9.995810130917445,1,20331.477806286082
DN-1234,Côte d'Ivoire,SCMS from RDC,N/A - From RDC,3337.0,9936.96,2.9778124063530114,Truck,1.5292046183450931,1.4486077880079182,1,4834.004188582423
DN-1238,Swaziland,SCMS from RDC,N/A - From RDC,1787.0,12798.04,7.1617459429210975,Truck,1.5292046183450931,5.632541324576004,1,10065.35134701732
DN-1253,Uganda,SCMS from RDC,N/A - From RDC,1273.0,7493.5,5.886488609583661,Truck,1.5292046183450931,4.3572839912385675,1,5546.8225208466965
DN-127,Tanzania,SCMS from RDC,N/A - From RDC,2630.0,13820.4,5.254904942965779,Truck,1.5292046183450931,3.7257003246206857,1,9798.591853752403
DN-1279,Haiti,SCMS from RDC,N/A - From RDC,1133.0,7789.85,6.875419240953222,Truck,1.5292046183450931,5.346214622608128,1,6057.261167415009
DN-1287,Uganda,SCMS from RDC,N/A - From RDC,1894.0,13293.41,7.018695881731785,Truck,1.5292046183450931,5.489491263386691,1,10397.096452854394
DN-1293,Uganda,SCMS from RDC,N/A - From RDC,1312.0,14569.14,11.10452743902439,Truck,1.5292046183450931,9.575322820679297,1,12562.823540731237
DN-13,Mozambique,SCMS from RDC,N/A - From RDC,1669.0,859.14,0.5147633313361294,Truck,1.5292046183450931,-1.0144412870089639,0,0.0
DN-1303,Uganda,SCMS from RDC,N/A - From RDC,1587.0,11206.84,7.061650913673598,Truck,1.5292046183450931,5.532446295328505,1,8779.992270686338
DN-1308,Côte d'Ivoire,SCMS from RDC,N/A - From RDC,1208.0,4329.01,3.5836175496688742,Truck,1.5292046183450931,2.054412931323781,1,2481.7308210391275
DN-1309,Haiti,SCMS from RDC,N/A - From RDC,2359.0,26714.63,11.324557015684613,Truck,1.5292046183450931,9.79535239733952,1,23107.236305323928
DN-1314,Côte d'Ivoire,SCMS from RDC,N/A - From RDC,1866.0,6111.2,3.2750267952840297,Truck,1.5292046183450931,1.7458221769389366,1,3257.7041821680555
DN-1315,Côte d'Ivoire,SCMS from RDC,N/A - From RDC,2634.0,6111.21,2.320125284738041,Truck,1.5292046183450931,0.790920666392948,1,2083.285035279025
DN-1324,Zambia,SCMS from RDC,N/A - From RDC,1921.0,2448.71,1.2747058823529411,Truck,1.5292046183450931,-0.254498735992152,0,0.0
DN-137,Mozambique,SCMS from RDC,N/A - From RDC,2177.0,2912.01,1.3376251722553973,Truck,1.5292046183450931,-0.1915794460896958,0,0.0
DN-1373,Haiti,SCMS from RDC,N/A - From RDC,1585.0,6811.39,4.297406940063092,Truck,1.5292046183450931,2.7682023217179985,1,4387.600679923027
DN-1387,Côte d'Ivoire,SCMS from RDC,N/A - From RDC,1348.0,5233.52,3.8824332344213652,Truck,1.5292046183450931,2.3532286160762723,1,3172.152174470815
DN-1390,Côte d'Ivoire,SCMS from RDC,N/A - From RDC,2047.0,6739.08,3.292173913043478,Truck,1.5292046183450931,1.762969294698385,1,3608.798146247594
DN-1398,Côte d'Ivoire,SCMS from RDC,N/A - From RDC,1582.0,6037.19,3.816175726927939,Truck,1.5292046183450931,2.286971108582846,1,3617.9882937780626
DN-1399,Uganda,SCMS from RDC,N/A - From RDC,5748.0,38957.51,6.777576548364649,Truck,1.5292046183450931,5.248371930019555,1,30167.641853752404
DN-14,Mozambique,SCMS from RDC,N/A - From RDC,1717.0,1893.82,1.102981945253349,Truck,1.5292046183450931,-0.4262226730917442,0,0.0
DN-1401,Côte d'Ivoire,SCMS from RDC,N/A - From RDC,3426.0,9797.41,2.8597227086981905,Truck,1.5292046183450931,1.3305180903530973,1,4558.354977549711
DN-1402,Uganda,SCMS from RDC,N/A - From RDC,2237.0,15250.99,6.817608404112651,Truck,1.5292046183450931,5.288403785767557,1,11830.159268762027
DN-1413,Mozambique,SCMS from RDC,N/A - From RDC,7426.0,2400.25,0.32322246162133045,Truck,1.5292046183450931,-1.2059821567237627,0,0.0
DN-1422,Côte d'Ivoire,SCMS from RDC,N/A - From RDC,5317.0,11005.67,2.0699022004889978,Truck,1.5292046183450931,0.5406975821439046,1,2874.889044259141
DN-1425,Uganda,SCMS from RDC,N/A - From RDC,2529.0,4031.3,1.5940292605773034,Truck,1.5292046183450931,0.0648246422322103,1,163.94152020525985
DN-1458,Haiti,SCMS from RDC,N/A - From RDC,2520.0,25874.1,10.2675,Truck,1.5292046183450931,8.738295381654908,1,22020.504361770367
DN-1465,Haiti,SCMS from RDC,N/A - From RDC,3160.0,32104.3,10.159588607594937,Truck,1.5292046183450931,8.630383989249845,1,27272.01340602951
DN-1466,Haiti,SCMS from RDC,N/A - From RDC,6967.0,75688.58,10.863869671307594,Truck,1.5292046183450931,9.334665052962501,1,65034.61142398974
DN-1467,Mozambique,SCMS from RDC,N/A - From RDC,1488.0,4764.16,3.201720430107527,Truck,1.5292046183450931,1.6725158117624337,1,2488.7035279025013
DN-148,Mozambique,SCMS from RDC,N/A - From RDC,3946.0,8892.48,2.2535428281804357,Truck,1.5292046183450931,0.7243382098353426,1,2858.238576010262
DN-1483,Nigeria,SCMS from RDC,N/A - From RDC,7663.0,33279.39,4.342867023358997,Truck,1.5292046183450931,2.813662405013904,1,21561.095009621546
DN-1492,Côte d'Ivoire,SCMS from RDC,N/A - From RDC,1224.0,2298.61,1.8779493464052288,Truck,1.5292046183450931,0.3487447280601357,1,426.86354714560605
DN-1502,Ethiopia,SCMS from RDC,N/A - From RDC,1258.0,6027.68,4.791478537360891,Truck,1.5292046183450931,3.262273919015797,1,4103.940590121872
DN-1510,Côte d'Ivoire,SCMS from RDC,N/A - From RDC,5340.0,5028.04,0.9415805243445693,Truck,1.5292046183450931,-0.5876240940005238,0,0.0
DN-1514,Côte d'Ivoire,SCMS from RDC,N/A - From RDC,4814.0,7100.04,1.474873286248442,Truck,1.5292046183450931,-0.0543313320966512,0,0.0
DN-1522,Uganda,SCMS from RDC,N/A - From RDC,6843.0,15170.33,2.2169121730235277,Truck,1.5292046183450931,0.6877075546784346,1,4705.982796664528
DN-1523,Côte d'Ivoire,SCMS from RDC,N/A - From RDC,3189.0,1211.48,0.3798933835058012,Truck,1.5292046183450931,-1.149311234839292,0,0.0
DN-1526,Côte d'Ivoire,SCMS from RDC,N/A - From RDC,1655.0,1211.48,0.7320120845921451,Truck,1.5292046183450931,-0.7971925337529481,0,0.0
DN-1530,Haiti,SCMS from RDC,N/A - From RDC,1857.0,11091.78,5.972956381260097,Truck,1.5292046183450931,4.443751762915004,1,8252.047023733163
DN-1552,Uganda,SCMS from RDC,N/A - From RDC,6843.0,7231.0,1.0567002776559988,Truck,1.5292046183450931,-0.4725043406890943,0,0.0
DN-1587,Mozambique,SCMS from RDC,N/A - From RDC,2773.0,6355.08,2.2917706455102778,Truck,1.5292046183450931,0.7625660271651846,1,2114.595593329057
DN-1588,Ethiopia,SCMS from RDC,N/A - From RDC,2190.0,7573.92,3.4584109589041097,Truck,1.5292046183450931,1.9292063405590165,1,4224.961885824247
DN-1589,Haiti,SCMS from RDC,N/A - From RDC,1404.0,8329.13,5.932428774928774,Truck,1.5292046183450931,4.403224156583681,1,6182.1267158434885
DN-1603,Zambia,SCMS from RDC,N/A - From RDC,4162.0,9939.38,2.38812590100913,Truck,1.5292046183450931,0.8589212826640369,1,3574.8303784477216
DN-1605,Haiti,SCMS from RDC,N/A - From RDC,2571.0,26830.44,10.435799299883314,Truck,1.5292046183450931,8.906594681538222,1,22898.854926234766
DN-1607,Uganda,SCMS from RDC,N/A - From RDC,1864.0,8485.0,4.552038626609442,Truck,1.5292046183450931,3.022834008264349,1,5634.562591404746
DN-1609,Haiti,SCMS from RDC,N/A - From RDC,1345.0,14489.1,10.772565055762081,Truck,1.5292046183450931,9.243360437416989,1,12432.31978832585
DN-1610,Ethiopia,SCMS from RDC,N/A - From RDC,2031.0,6774.59,3.335593303791236,Truck,1.5292046183450931,1.8063886854461428,1,3668.7754201411162
DN-1614,Nigeria,SCMS from RDC,N/A - From RDC,4498.0,19480.97,4.331029346376168,Truck,1.5292046183450931,2.8018247280310744,1,12602.607626683774
DN-1616,Ethiopia,SCMS from RDC,N/A - From RDC,1454.0,5187.5,3.5677441540577717,Truck,1.5292046183450931,2.0385395357126788,1,2964.036484926235
DN-1617,Haiti,SCMS from RDC,N/A - From RDC,3917.0,39223.78,10.013729895328057,Truck,1.5292046183450931,8.484525276982964,1,33233.88550994227
DN-1618,Côte d'Ivoire,SCMS from RDC,N/A - From RDC,3508.0,5254.1,1.4977480045610034,Truck,1.5292046183450931,-0.031456613784089704,0,0.0
DN-1620,Côte d'Ivoire,SCMS from RDC,N/A - From RDC,4845.0,5254.1,1.0844375644994841,Truck,1.5292046183450931,-0.444767053845609,0,0.0
DN-1622,Uganda,SCMS from RDC,N/A - From RDC,3941.0,42656.07,10.823666582085766,Truck,1.5292046183450931,9.294461963740673,1,36629.474599101995
DN-1623,Côte d'Ivoire,SCMS from RDC,N/A - From RDC,2715.0,7403.18,2.7267697974217313,Truck,1.5292046183450931,1.1975651790766382,1,3251.3894611930727
DN-1626,Haiti,SCMS from RDC,N/A - From RDC,1077.0,12016.69,11.157558031569174,Truck,1.5292046183450931,9.628353413224081,1,10369.736626042335
DN-1627,Haiti,SCMS from RDC,N/A - From RDC,2342.0,12016.69,5.130952177625961,Truck,1.5292046183450931,3.6017475592808674,1,8435.292783835792
DN-1628,Mozambique,SCMS from RDC,N/A - From RDC,2156.0,3423.25,1.587778293135436,Truck,1.5292046183450931,0.05857367479034292,1,126.28484284797933
DN-1656,Côte d'Ivoire,SCMS from RDC,N/A - From RDC,2633.0,3688.33,1.4008089631598937,Truck,1.5292046183450931,-0.12839565518519946,0,0.0
DN-1660,Zimbabwe,SCMS from RDC,N/A - From RDC,4000.0,3302.14,0.825535,Truck,1.5292046183450931,-0.7036696183450931,0,0.0
DN-1662,Côte d'Ivoire,SCMS from RDC,N/A - From RDC,1560.0,3688.33,2.3643141025641023,Truck,1.5292046183450931,0.8351094842190092,1,1302.7707953816544
DN-1666,Haiti,SCMS from RDC,N/A - From RDC,1517.0,6036.96,3.979538562953197,Truck,1.5292046183450931,2.4503339446081043,1,3717.156593970494
DN-1671,Côte d'Ivoire,SCMS from RDC,N/A - From RDC,5350.0,4519.97,0.8448542056074767,Truck,1.5292046183450931,-0.6843504127376164,0,0.0
DN-1673,Haiti,SCMS from RDC,N/A - From RDC,1870.0,13122.39,7.017320855614973,Truck,1.5292046183450931,5.48811623726988,1,10262.777363694675
DN-1674,Ethiopia,SCMS from RDC,N/A - From RDC,1804.0,6321.99,3.504429046563193,Truck,1.5292046183450931,1.9752244282180997,1,3563.304868505452
DN-1677,Uganda,SCMS from RDC,N/A - From RDC,2538.0,6298.34,2.4816154452324666,Truck,1.5292046183450931,0.9524108268873734,1,2417.218678640154
DN-169,Tanzania,SCMS from RDC,N/A - From RDC,2515.0,6834.0,2.717296222664016,Truck,1.5292046183450931,1.1880916043189227,1,2988.0503848620906
DN-1739,Zimbabwe,SCMS from RDC,N/A - From RDC,1088.0,4170.65,3.833318014705882,Truck,1.5292046183450931,2.3041133963607887,1,2506.8753752405382
DN-1762,Nigeria,SCMS from RDC,N/A - From RDC,1444.0,124350.84,86.11554016620498,Truck,1.5292046183450931,84.58633554785989,1,122142.66853110968
DN-1763,Côte d'Ivoire,SCMS from RDC,N/A - From RDC,1807.0,21347.2,11.813613724405092,Truck,1.5292046183450931,10.28440910606,1,18583.92725465042
DN-1773,Rwanda,SCMS from RDC,N/A - From RDC,2930.0,42573.95,14.530358361774743,Truck,1.5292046183450931,13.00115374342965,1,38093.38046824888
DN-1799,Côte d'Ivoire,SCMS from RDC,N/A - From RDC,9863.0,19150.15,1.9416151272432325,Truck,1.5292046183450931,0.41241050889813935,1,4067.6048492623486
DN-1812,Haiti,SCMS from RDC,N/A - From RDC,1456.0,25493.03,17.508949175824174,Truck,1.5292046183450931,15.979744557479082,1,23266.508075689544
DN-1816,Uganda,SCMS from RDC,N/A - From RDC,2156.0,14467.75,6.7104591836734695,Truck,1.5292046183450931,5.181254565328376,1,11170.78484284798
DN-1817,Uganda,SCMS from RDC,N/A - From RDC,2281.0,15254.43,6.687606313020605,Truck,1.5292046183450931,5.158401694675511,1,11766.314265554842
DN-1831,Zimbabwe,SCMS from RDC,N/A - From RDC,7112.0,3833.17,0.5389721597300338,Truck,1.5292046183450931,-0.9902324586150594,0,0.0
DN-1833,Haiti,SCMS from RDC,N/A - From RDC,3318.0,23890.83,7.200370705244124,Truck,1.5292046183450931,5.671166086899031,1,18816.929076330984
DN-1835,Tanzania,SCMS from RDC,N/A - From RDC,6240.0,27922.62,4.474778846153846,Truck,1.5292046183450931,2.945574227808753,1,18380.383181526617
DN-1837,Haiti,SCMS from RDC,N/A - From RDC,4176.0,1005.2,0.24070881226053642,Truck,1.5292046183450931,-1.2884958060845566,0,0.0
DN-1840,Uganda,SCMS from RDC,N/A - From RDC,2560.0,20654.81,8.06828515625,Truck,1.5292046183450931,6.5390805379049075,1,16740.046177036562
DN-1842,Haiti,SCMS from RDC,N/A - From RDC,1765.0,18473.1,10.466345609065154,Truck,1.5292046183450931,8.937140990720062,1,15774.05384862091
DN-1844,Ethiopia,SCMS from RDC,N/A - From RDC,1070.0,6153.8,5.751214953271028,Truck,1.5292046183450931,4.222010334925935,1,4517.55105837075
DN-1854,Haiti,SCMS from RDC,N/A - From RDC,3609.0,32479.84,8.999678581324467,Truck,1.5292046183450931,7.470473962979374,1,26960.94053239256
DN-1855,Nigeria,SCMS from RDC,N/A - From RDC,15200.0,9735.95,0.6405230263157895,Truck,1.5292046183450931,-0.8886815920293036,0,0.0
DN-1859,Uganda,SCMS from RDC,N/A - From RDC,1943.0,6299.45,3.2421255790015437,Truck,1.5292046183450931,1.7129209606564506,1,3328.2054265554834
DN-1860,Uganda,SCMS from RDC,N/A - From RDC,1325.0,4600.45,3.4720377358490566,Truck,1.5292046183450931,1.9428331175039635,1,2574.2538806927514
DN-1861,Côte d'Ivoire,SCMS from RDC,N/A - From RDC,9402.0,33266.37,3.538222718570517,Truck,1.5292046183450931,2.0090181002254237,1,18888.788178319435
DN-1867,Côte d'Ivoire,SCMS from RDC,N/A - From RDC,7701.0,27912.64,3.6245474613686532,Truck,1.5292046183450931,2.09534284302356,1,16136.235234124435
DN-1868,Côte d'Ivoire,SCMS from RDC,N/A - From RDC,5997.0,8379.98,1.3973620143405034,Truck,1.5292046183450931,-0.1318426040045897,0,0.0
DN-1871,Haiti,SCMS from RDC,N/A - From RDC,2027.0,19372.86,9.557405032067095,Truck,1.5292046183450931,8.028200413722002,1,16273.162238614499
DN-1873,Côte d'Ivoire,SCMS from RDC,N/A - From RDC,2979.0,3365.45,1.1297247398455856,Truck,1.5292046183450931,-0.3994798784995075,0,0.0
DN-1877,Côte d'Ivoire,SCMS from RDC,N/A - From RDC,1438.0,5121.68,3.5616689847009737,Truck,1.5292046183450931,2.032464366355881,1,2922.683758819757
DN-1880,Côte d'Ivoire,SCMS from RDC,N/A - From RDC,1451.0,5121.68,3.5297587870434186,Truck,1.5292046183450931,2.0005541686983257,1,2902.8040987812706
DN-1883,Nigeria,SCMS from RDC,N/A - From RDC,2406.0,6147.18,2.5549376558603494,Truck,1.5292046183450931,1.0257330375152562,1,2467.9136882617067
DN-1884,Nigeria,SCMS from RDC,N/A - From RDC,1250.0,6147.18,4.917744,Truck,1.5292046183450931,3.3885393816549065,1,4235.674227068633
DN-1887,Côte d'Ivoire,SCMS from RDC,N/A - From RDC,1632.0,5121.68,3.1382843137254905,Truck,1.5292046183450931,1.6090796953803974,1,2626.0180628608086
DN-189,Mozambique,SCMS from RDC,N/A - From RDC,5778.0,20299.0,3.513153340256144,Truck,1.5292046183450931,1.983948721911051,1,11463.255715202053
DN-1890,Tanzania,SCMS from RDC,N/A - From RDC,2262.0,10536.12,4.657877984084881,Truck,1.5292046183450931,3.128673365739788,1,7077.0591533034
DN-1927,Tanzania,SCMS from RDC,N/A - From RDC,2344.0,9309.52,3.971638225255973,Truck,1.5292046183450931,2.44243360691088,1,5725.064374599103
DN-1944,Haiti,SCMS from RDC,N/A - From RDC,2565.0,25670.1,10.007836257309942,Truck,1.5292046183450931,8.478631638964849,1,21747.690153944837
DN-1947,Tanzania,SCMS from RDC,N/A - From RDC,2695.0,13457.25,4.993413729128015,Truck,1.5292046183450931,3.464209110782922,1,9336.043553559974
DN-1948,Zimbabwe,SCMS from RDC,N/A - From RDC,7268.0,13243.91,1.8222220693450744,Truck,1.5292046183450931,0.2930174509999812,1,2129.6508338678636
DN-1949,Uganda,SCMS from RDC,N/A - From RDC,1642.0,15347.04,9.346552984165653,Truck,1.5292046183450931,7.81734836582056,1,12836.086016677358
DN-1950,Rwanda,SCMS from RDC,N/A - From RDC,5364.0,81670.57,15.225684190902314,Truck,1.5292046183450931,13.696479572557221,1,73467.91642719693
DN-1951,Ethiopia,SCMS from RDC,N/A - From RDC,3931.0,13215.67,3.3619104553548715,Truck,1.5292046183450931,1.8327058370097784,1,7204.366645285439
DN-1954,Tanzania,SCMS from RDC,N/A - From RDC,2344.0,1647.25,0.7027517064846417,Truck,1.5292046183450931,-0.8264529118604514,0,0.0
DN-1964,Haiti,SCMS from RDC,N/A - From RDC,7225.0,69748.5,9.653771626297578,Truck,1.5292046183450931,8.124567007952486,1,58699.99663245671
DN-1982,Côte d'Ivoire,SCMS from RDC,N/A - From RDC,6991.0,12648.36,1.8092347303676155,Truck,1.5292046183450931,0.28003011202252237,1,1957.6905131494539
DN-1984,Côte d'Ivoire,SCMS from RDC,N/A - From RDC,3202.0,12648.38,3.950149906308557,Truck,1.5292046183450931,2.4209452879634634,1,7751.86681205901
DN-1985,Dominican Republic,SCMS from RDC,N/A - From RDC,1726.0,17450.76,10.110521436848202,Truck,1.5292046183450931,8.58131681850311,1,14811.352828736368
DN-1988,Uganda,SCMS from RDC,N/A - From RDC,2098.0,10620.0,5.061963775023832,Truck,1.5292046183450931,3.532759156678739,1,7411.728710711994
DN-1997,Uganda,SCMS from RDC,N/A - From RDC,20269.0,132890.27,6.556330850066604,Truck,1.5292046183450931,5.02712623172151,1,101894.8215907633
DN-1998,Uganda,SCMS from RDC,N/A - From RDC,7187.0,16285.97,2.2660317239460137,Truck,1.5292046183450931,0.7368271056009206,1,5295.576407953816
DN-2000,Côte d'Ivoire,SCMS from RDC,N/A - From RDC,5334.0,8815.65,1.6527277840269965,Truck,1.5292046183450931,0.12352316568190336,1,658.8725657472725
DN-2001,Côte d'Ivoire,SCMS from RDC,N/A - From RDC,3506.0,8815.65,2.514446662863662,Truck,1.5292046183450931,0.985242044518569,1,3454.258608082103
DN-2002,Uganda,SCMS from RDC,N/A - From RDC,3457.0,35689.71,10.323896442001736,Truck,1.5292046183450931,8.794691823656644,1,30403.249634381016
DN-2003,Zambia,SCMS from RDC,N/A - From RDC,15140.0,16249.55,1.073285997357992,Truck,1.5292046183450931,-0.4559186209871011,0,0.0
DN-2008,Tanzania,SCMS from RDC,N/A - From RDC,4729.0,18390.42,3.888860224148868,Truck,1.5292046183450931,2.359655605803775,1,11158.811359846053
DN-2011,Côte d'Ivoire,SCMS from RDC,N/A - From RDC,6587.0,8953.2,1.359222711401245,Truck,1.5292046183450931,-0.16998190694384818,0,0.0
DN-2015,Haiti,SCMS from RDC,N/A - From RDC,8085.0,78061.3,9.655077303648733,Truck,1.5292046183450931,8.12587268530364,1,65697.68066067994
DN-2021,Haiti,SCMS from RDC,N/A - From RDC,6234.0,31214.27,5.007101379531601,Truck,1.5292046183450931,3.477896761186508,1,21681.20840923669
DN-2025,Nigeria,SCMS from RDC,N/A - From RDC,16417.0,20264.93,1.2343869160017056,Truck,1.5292046183450931,-0.29481770234338756,0,0.0
DN-2026,Uganda,SCMS from RDC,N/A - From RDC,13087.0,56372.66,4.307531137770306,Truck,1.5292046183450931,2.778326519425213,1,36359.959159717764
DN-2048,Uganda,SCMS from RDC,N/A - From RDC,15500.0,83195.98,5.367482580645161,Truck,1.5292046183450931,3.838277962300068,1,59493.30841565105
DN-2059,Haiti,SCMS from RDC,N/A - From RDC,7100.0,68243.0,9.61169014084507,Truck,1.5292046183450931,8.082485522499978,1,57385.64720974984
DN-2060,Côte d'Ivoire,SCMS from RDC,N/A - From RDC,1161.0,7826.75,6.741386735572782,Truck,1.5292046183450931,5.212182117227688,1,6051.343438101346
DN-2064,Côte d'Ivoire,SCMS from RDC,N/A - From RDC,3093.0,11235.05,3.6324118978338182,Truck,1.5292046183450931,2.103207279488725,1,6505.220115458626
DN-2065,Dominican Republic,SCMS from RDC,N/A - From RDC,1787.0,18046.12,10.098556239507554,Truck,1.5292046183450931,8.569351621162461,1,15313.431347017318
DN-2073,Haiti,SCMS from RDC,N/A - From RDC,7755.0,74839.9,9.650535138620244,Truck,1.5292046183450931,8.121330520275151,1,62980.9181847338
DN-2088,Ethiopia,SCMS from RDC,N/A - From RDC,1190.0,6770.6,5.6895798319327735,Truck,1.5292046183450931,4.16037521358768,1,4950.84650416934
DN-2089,Guatemala,SCMS from RDC,N/A - From RDC,1435.0,16252.95,11.32609756097561,Truck,1.5292046183450931,9.796892942630517,1,14058.541372674792
DN-2095,Côte d'Ivoire,SCMS from RDC,N/A - From RDC,7275.0,8758.36,1.2038982817869417,Truck,1.5292046183450931,-0.32530633655815144,0,0.0
DN-2100,Guatemala,SCMS from RDC,N/A - From RDC,2634.0,20805.8,7.898936977980258,Truck,1.5292046183450931,6.369732359635164,1,16777.875035279023
DN-2106,Côte d'Ivoire,SCMS from RDC,N/A - From RDC,3629.0,8758.37,2.4134389639019016,Truck,1.5292046183450931,0.8842343455568085,1,3208.886440025658
DN-2108,Côte d'Ivoire,SCMS from RDC,N/A - From RDC,1195.0,8758.37,7.329179916317992,Truck,1.5292046183450931,5.799975297972899,1,6930.970481077614
DN-2115,Zambia,SCMS from RDC,N/A - From RDC,1583.0,8098.12,5.115679090334807,Truck,1.5292046183450931,3.586474471989714,1,5677.3890891597175
DN-2122,Côte d'Ivoire,SCMS from RDC,N/A - From RDC,6542.0,18611.93,2.844990828492816,Truck,1.5292046183450931,1.3157862101477227,1,8607.873386786401
DN-2123,Côte d'Ivoire,SCMS from RDC,N/A - From RDC,4720.0,18611.92,3.943203389830508,Truck,1.5292046183450931,2.4139987714854145,1,11394.074201411157
DN-2130,Ethiopia,SCMS from RDC,N/A - From RDC,1647.0,3600.65,2.18618700667881,Truck,1.5292046183450931,0.6569823883337167,1,1082.0499935856315
DN-2133,Uganda,SCMS from RDC,N/A - From RDC,1108.0,10648.62,9.610667870036101,Truck,1.5292046183450931,8.081463251691009,1,8954.261282873638
DN-2135,Uganda,SCMS from RDC,N/A - From RDC,2534.0,16629.49,6.562545382794002,Truck,1.5292046183450931,5.0333407644489085,1,12754.485497113534
DN-2137,Côte d'Ivoire,SCMS from RDC,N/A - From RDC,17126.0,17941.46,1.0476153217330375,Truck,1.5292046183450931,-0.48158929661205563,0,0.0
DN-2138,Côte d'Ivoire,SCMS from RDC,N/A - From RDC,2325.0,17941.47,7.716761290322581,Truck,1.5292046183450931,6.187556671977488,1,14386.069262347659
DN-2140,Côte d'Ivoire,SCMS from RDC,N/A - From RDC,1135.0,17941.47,15.80746255506608,Truck,1.5292046183450931,14.278257936720987,1,16205.82275817832
DN-2147,Côte d'Ivoire,SCMS from RDC,N/A - From RDC,1841.0,9447.08,5.131493753394894,Truck,1.5292046183450931,3.6022891350498005,1,6631.814297626683
DN-2151,Tanzania,SCMS from RDC,N/A - From RDC,2996.0,9639.1,3.2173230974632845,Truck,1.5292046183450931,1.6881184791181914,1,5057.602963438101
DN-2152,Tanzania,SCMS from RDC,N/A - From RDC,4030.0,15707.3,3.897593052109181,Truck,1.5292046183450931,2.368388433764088,1,9544.605388069274
DN-2153,Côte d'Ivoire,SCMS from RDC,N/A - From RDC,12232.0,60010.73,4.906043982995422,Truck,1.5292046183450931,3.376839364650329,1,41305.49910840282
DN-2158,Côte d'Ivoire,SCMS from RDC,N/A - From RDC,1264.0,3380.35,2.6743275316455697,Truck,1.5292046183450931,1.1451229133004766,1,1447.4353624118023
DN-2222,Uganda,SCMS from RDC,N/A - From RDC,7464.0,4605.44,0.6170203644158627,Truck,1.5292046183450931,-0.9121842539292304,0,0.0
DN-2226,Zambia,SCMS from RDC,N/A - From RDC,3637.0,9499.46,2.6118944184767665,Truck,1.5292046183450931,1.0826898001316734,1,3937.742803078896
DN-2232,Côte d'Ivoire,SCMS from RDC,N/A - From RDC,1313.0,5597.54,4.263168316831683,Truck,1.5292046183450931,2.7339636984865896,1,3589.694336112892
DN-2233,Haiti,SCMS from RDC,N/A - From RDC,1496.0,14897.04,9.957914438502675,Truck,1.5292046183450931,8.428709820157582,1,12609.349890955744
DN-2237,Benin,SCMS from RDC,N/A - From RDC,7682.0,28541.79,3.7154113512106224,Truck,1.5292046183450931,2.1862067328655295,1,16794.440121872998
DN-2247,Côte d'Ivoire,SCMS from RDC,N/A - From RDC,1784.0,2503.33,1.4032118834080718,Truck,1.5292046183450931,-0.12599273493702134,0,0.0
DN-2251,Benin,SCMS from RDC,N/A - From RDC,1440.0,6477.67,4.498381944444445,Truck,1.5292046183450931,2.9691773260993513,1,4275.615349583066
DN-2252,Benin,SCMS from RDC,N/A - From RDC,2192.0,10829.6,4.94051094890511,Truck,1.5292046183450931,3.4113063305600164,1,7477.583476587556
DN-2258,Ghana,SCMS from RDC,N/A - From RDC,2269.0,226.25,0.0997135301895108,Truck,1.5292046183450931,-1.4294910881555822,0,0.0
DN-2259,Ghana,SCMS from RDC,N/A - From RDC,3274.0,21881.71,6.683478924862553,Truck,1.5292046183450931,5.154274306517459,1,16875.09407953816
DN-2260,Ghana,SCMS from RDC,N/A - From RDC,2216.0,226.25,0.10209837545126353,Truck,1.5292046183450931,-1.4271062428938297,0,0.0
DN-2263,Haiti,SCMS from RDC,N/A - From RDC,1055.0,11490.2,10.891184834123223,Truck,1.5292046183450931,9.36198021577813,1,9876.889127645927
DN-2265,Tanzania,SCMS from RDC,N/A - From RDC,6986.0,26538.46,3.7988061837961635,Truck,1.5292046183450931,2.2696015654510706,1,15855.436536241179
DN-2277,Haiti,SCMS from RDC,N/A - From RDC,4235.0,29352.17,6.930854781582054,Truck,1.5292046183450931,5.401650163236961,1,22875.98844130853
DN-2278,Haiti,SCMS from RDC,N/A - From RDC,1778.0,28585.57,16.077373453318334,Truck,1.5292046183450931,14.548168834973241,1,25866.644188582424
DN-229,Tanzania,SCMS from RDC,N/A - From RDC,3093.0,1547.0,0.5001616553507922,Truck,1.5292046183450931,-1.029042962994301,0,0.0
DN-2291,Haiti,SCMS from RDC,N/A - From RDC,1840.0,14866.14,8.079423913043478,Truck,1.5292046183450931,6.550219294698384,1,12052.403502245026
DN-2292,Haiti,SCMS from RDC,N/A - From RDC,1156.0,14661.14,12.682647058823528,Truck,1.5292046183450931,11.153442440478436,1,12893.379461193072
DN-230,Tanzania,SCMS from RDC,N/A - From RDC,1879.0,9538.74,5.0764981373070786,Truck,1.5292046183450931,3.547293518961985,1,6665.36452212957
DN-2304,Côte d'Ivoire,SCMS from RDC,N/A - From RDC,26409.0,60432.88,2.288344125108864,Truck,1.5292046183450931,0.759139506763771,1,20048.115234124427
DN-2310,Haiti,SCMS from RDC,N/A - From RDC,10030.0,96669.4,9.6380259222333,Truck,1.5292046183450931,8.108821303888208,1,81331.47767799873
DN-2320,Ghana,SCMS from RDC,N/A - From RDC,5199.0,585.0,0.11252163877668782,Truck,1.5292046183450931,-1.4166829795684053,0,0.0
DN-2321,Ghana,SCMS from RDC,N/A - From RDC,2698.0,12676.4,4.6984432913269085,Truck,1.5292046183450931,3.169238672981815,1,8550.605939704938
DN-2331,Haiti,SCMS from RDC,N/A - From RDC,1704.0,16881.16,9.906784037558685,Truck,1.5292046183450931,8.377579419213593,1,14275.395330339961
DN-2334,Uganda,SCMS from RDC,N/A - From RDC,4274.0,24213.81,5.665374356574637,Truck,1.5292046183450931,4.136169738229544,1,17677.989461193072
DN-2339,Côte d'Ivoire,SCMS from RDC,N/A - From RDC,7916.0,21397.38,2.7030545730166753,Truck,1.5292046183450931,1.1738499546715822,1,9292.196241180245
DN-234,Tanzania,SCMS from RDC,N/A - From RDC,1415.0,4458.0,3.150530035335689,Truck,1.5292046183450931,1.6213254169905957,1,2294.175465041693
DN-2359,Swaziland,SCMS from RDC,N/A - From RDC,4502.0,12314.4,2.7353176366059526,Truck,1.5292046183450931,1.2061130182608595,1,5429.92080821039
DN-2360,Swaziland,SCMS from RDC,N/A - From RDC,1926.0,3134.82,1.627632398753894,Truck,1.5292046183450931,0.09842778040880096,1,189.57190506735066
DN-2369,Côte d'Ivoire,SCMS from RDC,N/A - From RDC,3789.0,13956.38,3.6833940353655317,Truck,1.5292046183450931,2.1541894170204383,1,8162.223701090441
DN-2371,Swaziland,SCMS from RDC,N/A - From RDC,2237.0,3148.12,1.4072954850245865,Truck,1.5292046183450931,-0.12190913332050668,0,0.0
DN-2379,Swaziland,SCMS from RDC,N/A - From RDC,2641.0,7168.8,2.714426353653919,Truck,1.5292046183450931,1.185221735308826,1,3130.170602950609
DN-2382,Uganda,SCMS from RDC,N/A - From RDC,5262.0,27823.07,5.287546560243253,Truck,1.5292046183450931,3.75834194189816,1,19776.39529826812
DN-2388,Swaziland,SCMS from RDC,N/A - From RDC,2036.0,15635.84,7.679685658153241,Truck,1.5292046183450931,6.150481039808148,1,12522.37939704939
DN-2389,Uganda,SCMS from RDC,N/A - From RDC,3654.0,19520.77,5.342301587301588,Truck,1.5292046183450931,3.8130969689564944,1,13933.056324567031
DN-2391,Swaziland,SCMS from RDC,N/A - From RDC,5961.0,20144.99,3.379464854890119,Truck,1.5292046183450931,1.850260236545026,1,11029.4012700449
DN-2404,Ghana,SCMS from RDC,N/A - From RDC,2169.0,985.0,0.4541263254956201,Truck,1.5292046183450931,-1.075078292849473,0,0.0
DN-2408,Haiti,SCMS from RDC,N/A - From RDC,1066.0,10794.84,10.126491557223265,Truck,1.5292046183450931,8.597286938878172,1,9164.707876844132
DN-2419,Côte d'Ivoire,SCMS from RDC,N/A - From RDC,1103.0,3296.34,2.9885222121486854,Truck,1.5292046183450931,1.4593175938035923,1,1609.6273059653622
DN-2426,Swaziland,SCMS from RDC,N/A - From RDC,5856.0,22711.84,3.8783879781420767,Truck,1.5292046183450931,2.3491833597969833,1,13756.817754971134
DN-2436,Kenya,SCMS from RDC,N/A - From RDC,1496.0,5752.74,3.8454144385026736,Truck,1.5292046183450931,2.3162098201575807,1,3465.049890955741
DN-246,Tanzania,SCMS from RDC,N/A - From RDC,1422.0,4198.0,2.952180028129395,Truck,1.5292046183450931,1.422975409784302,1,2023.4710327132773
DN-2467,Rwanda,SCMS from RDC,N/A - From RDC,1076.0,4474.31,4.158280669144982,Truck,1.5292046183450931,2.6290760507998883,1,2828.88583066068
DN-2470,Haiti,SCMS from RDC,N/A - From RDC,2047.0,20746.03,10.134846116267708,Truck,1.5292046183450931,8.605641497922615,1,17615.748146247595
DN-2485,Haiti,SCMS from RDC,N/A - From RDC,1587.0,16163.28,10.184801512287335,Truck,1.5292046183450931,8.655596893942242,1,13736.432270686339
DN-2512,"Congo, DRC",SCMS from RDC,N/A - From RDC,1072.0,5636.3,5.257742537313433,Truck,1.5292046183450931,3.72853791896834,1,3996.9926491340602
DN-2535,Haiti,SCMS from RDC,N/A - From RDC,9635.0,95269.39,9.88784535547483,Truck,1.5292046183450931,8.358640737129738,1,80535.50350224503
DN-2552,Côte d'Ivoire,SCMS from RDC,N/A - From RDC,3453.0,9657.88,2.796953373877787,Truck,1.5292046183450931,1.267748755532694,1,4377.536452854392
DN-2581,South Sudan,SCMS from RDC,N/A - From RDC,2652.0,22788.95,8.593118401206636,Truck,1.5292046183450931,7.063913782861543,1,18733.49935214881
DN-2583,Tanzania,SCMS from RDC,N/A - From RDC,1578.0,8925.0,5.655893536121673,Truck,1.5292046183450931,4.12668891777658,1,6511.915112251443
DN-2586,Nigeria,SCMS from RDC,N/A - From RDC,11160.0,87294.56,7.822093189964158,Truck,1.5292046183450931,6.292888571619065,1,70228.63645926876
DN-2594,Burundi,SCMS from RDC,N/A - From RDC,5256.0,9506.0,1.8085996955859969,Truck,1.5292046183450931,0.27939507724090373,1,1468.5005259781901
DN-2603,Uganda,SCMS from RDC,N/A - From RDC,1421.0,4322.6,3.041942294159043,Truck,1.5292046183450931,1.51273767581395,1,2149.600237331623
DN-2609,Uganda,SCMS from RDC,N/A - From RDC,1342.0,6340.2,4.724441132637854,Truck,1.5292046183450931,3.195236514292761,1,4288.007402180885
DN-2628,Rwanda,SCMS from RDC,N/A - From RDC,1638.0,18446.92,11.26185592185592,Truck,1.5292046183450931,9.732651303510828,1,15942.082835150735
DN-2652,Côte d'Ivoire,SCMS from RDC,N/A - From RDC,6798.0,26205.83,3.8549323330391294,Truck,1.5292046183450931,2.325727714694036,1,15810.297004490058
DN-2653,Rwanda,SCMS from RDC,N/A - From RDC,1444.0,15842.34,10.971149584487534,Truck,1.5292046183450931,9.441944966142442,1,13634.168531109686
DN-2667,Haiti,SCMS from RDC,N/A - From RDC,5456.0,53775.56,9.856224340175952,Truck,1.5292046183450931,8.32701972183086,1,45432.219602309175
DN-2673,Rwanda,SCMS from RDC,N/A - From RDC,1239.0,28202.0,22.761904761904763,Truck,1.5292046183450931,21.23270014355967,1,26307.31547787043
DN-2675,Uganda,SCMS from RDC,N/A - From RDC,2501.0,18520.22,7.405125949620152,Truck,1.5292046183450931,5.875921331275059,1,14695.679249518922
DN-2681,Zambia,SCMS from RDC,N/A - From RDC,1363.0,22171.8,16.266911225238445,Truck,1.5292046183450931,14.737706606893353,1,20087.49410519564
DN-2689,Côte d'Ivoire,SCMS from RDC,N/A - From RDC,13055.0,23994.1,1.837924166985829,Truck,1.5292046183450931,0.3087195486407359,1,4030.3337075048075
DN-2723,Rwanda,SCMS from RDC,N/A - From RDC,3771.0,31029.99,8.228583929992045,Truck,1.5292046183450931,6.699379311646951,1,25263.359384220654
DN-2724,Uganda,SCMS from RDC,N/A - From RDC,5486.0,27321.52,4.980226029894276,Truck,1.5292046183450931,3.451021411549183,1,18932.303463758817
DN-2736,Rwanda,SCMS from RDC,N/A - From RDC,2657.0,14332.0,5.394053443733534,Truck,1.5292046183450931,3.8648488253884405,1,10268.903329057086
DN-2743,Uganda,SCMS from RDC,N/A - From RDC,4547.0,30482.8,6.703936661535078,Truck,1.5292046183450931,5.174732043189985,1,23529.50660038486
DN-2746,Uganda,SCMS from RDC,N/A - From RDC,1403.0,9800.0,6.985032074126871,Truck,1.5292046183450931,5.455827455781778,1,7654.525920461834
DN-2747,Uganda,SCMS from RDC,N/A - From RDC,2369.0,19980.62,8.434200084423807,Truck,1.5292046183450931,6.904995466078714,1,16357.934259140473
DN-275,Tanzania,SCMS from RDC,N/A - From RDC,1802.0,3267.0,1.8129855715871255,Truck,1.5292046183450931,0.28378095324203234,1,511.3732777421423
DN-2751,Côte d'Ivoire,SCMS from RDC,N/A - From RDC,4050.0,11592.26,2.8622864197530866,Truck,1.5292046183450931,1.3330818014079935,1,5398.981295702373
DN-2753,Côte d'Ivoire,SCMS from RDC,N/A - From RDC,5625.0,11702.27,2.080403555555556,Truck,1.5292046183450931,0.5511989372104626,1,3100.4940218088523
DN-2754,Côte d'Ivoire,SCMS from RDC,N/A - From RDC,11720.0,11702.27,0.9984872013651878,Truck,1.5292046183450931,-0.5307174169799054,0,0.0
DN-2768,Uganda,SCMS from RDC,N/A - From RDC,9348.0,81100.77,8.675734916559692,Truck,1.5292046183450931,7.146530298214599,1,66805.76522771007
DN-2776,Côte d'Ivoire,SCMS from RDC,N/A - From RDC,1674.0,4754.53,2.840221027479092,Truck,1.5292046183450931,1.3110164091339989,1,2194.641468890314
DN-2779,Rwanda,SCMS from RDC,N/A - From RDC,1297.0,21520.66,16.592644564379338,Truck,1.5292046183450931,15.063439946034245,1,19537.281610006416
DN-2781,Uganda,SCMS from RDC,N/A - From RDC,8996.0,43098.9,4.790895953757226,Truck,1.5292046183450931,3.2616913354121326,1,29342.175253367546
DN-2782,Uganda,SCMS from RDC,N/A - From RDC,1199.0,7070.0,5.896580483736447,Truck,1.5292046183450931,4.367375865391353,1,5236.483662604232
DN-2783,Rwanda,SCMS from RDC,N/A - From RDC,2699.0,16152.0,5.984438680992961,Truck,1.5292046183450931,4.455234062647867,1,12024.676735086594
DN-2784,Rwanda,SCMS from RDC,N/A - From RDC,2003.0,32401.62,16.17654518222666,Truck,1.5292046183450931,14.647340563881569,1,29338.623149454783
DN-2790,Ethiopia,SCMS from RDC,N/A - From RDC,11101.0,33216.14,2.9921754796865145,Truck,1.5292046183450931,1.4629708613414214,1,16240.439531751119
DN-2796,Rwanda,SCMS from RDC,N/A - From RDC,4331.0,8684.7,2.005241283768183,Truck,1.5292046183450931,0.47603666542308987,1,2061.714797947402
DN-2799,Nigeria,SCMS from RDC,N/A - From RDC,18953.0,18461.22,0.9740526565715191,Truck,1.5292046183450931,-0.5551519617735741,0,0.0
DN-2807,Rwanda,SCMS from RDC,N/A - From RDC,12605.0,72991.45,5.7906743355811185,Truck,1.5292046183450931,4.261469717236025,1,53715.8257857601
DN-2812,"Congo, DRC",SCMS from RDC,N/A - From RDC,3637.0,25634.47,7.048245806983778,Truck,1.5292046183450931,5.519041188638685,1,20072.752803078896
DN-2817,Nigeria,SCMS from RDC,N/A - From RDC,5950.0,18461.22,3.102726050420168,Truck,1.5292046183450931,1.573521432075075,1,9362.452520846697
DN-2818,Nigeria,SCMS from RDC,N/A - From RDC,9697.0,18461.22,1.9038073631019905,Truck,1.5292046183450931,0.37460274475689737,1,3632.5228159076337
DN-282,Mozambique,SCMS from RDC,N/A - From RDC,3340.0,3438.84,1.0295928143712576,Truck,1.5292046183450931,-0.49961180397383553,0,0.0
DN-2820,Tanzania,SCMS from RDC,N/A - From RDC,16510.0,82283.9,4.983882495457299,Truck,1.5292046183450931,3.4546778771122053,1,57036.73175112251
DN-2821,Nigeria,SCMS from RDC,N/A - From RDC,5897.0,18461.22,3.1306121756825505,Truck,1.5292046183450931,1.6014075573374573,1,9443.500365618986
DN-2822,Tanzania,SCMS from RDC,N/A - From RDC,7867.0,21567.19,2.7414757849243676,Truck,1.5292046183450931,1.2122711665792745,1,9536.937267479152
DN-2823,Nigeria,SCMS from RDC,N/A - From RDC,13193.0,18461.22,1.3993193360115213,Truck,1.5292046183450931,-0.12988528233357188,0,0.0
DN-2824,Uganda,SCMS from RDC,N/A - From RDC,2026.0,10095.9,4.983168805528134,Truck,1.5292046183450931,3.4539641871830407,1,6997.73144323284
DN-2829,Uganda,SCMS from RDC,N/A - From RDC,3865.0,19667.94,5.088729624838292,Truck,1.5292046183450931,3.5595250064931987,1,13757.564150096214
DN-2830,Uganda,SCMS from RDC,N/A - From RDC,1779.0,9325.16,5.241798763350197,Truck,1.5292046183450931,3.712594145005103,1,6604.704983964079
DN-2845,Rwanda,SCMS from RDC,N/A - From RDC,2881.0,5825.17,2.021926414439431,Truck,1.5292046183450931,0.49272179609433775,1,1419.5314945477871
DN-2848,Rwanda,SCMS from RDC,N/A - From RDC,4444.0,26081.05,5.868823132313231,Truck,1.5292046183450931,4.339618513968138,1,19285.264676074406
DN-2849,Uganda,SCMS from RDC,N/A - From RDC,5000.0,24889.0,4.9778,Truck,1.5292046183450931,3.448595381654907,1,17242.976908274533
DN-2850,Rwanda,SCMS from RDC,N/A - From RDC,3090.0,16603.9,5.3734304207119745,Truck,1.5292046183450931,3.844225802366881,1,11878.657729313663
DN-2852,Rwanda,SCMS from RDC,N/A - From RDC,1800.0,12500.58,6.944766666666666,Truck,1.5292046183450931,5.415562048321573,1,9748.01168697883
DN-2853,Rwanda,SCMS from RDC,N/A - From RDC,3991.0,13380.52,3.352673515409672,Truck,1.5292046183450931,1.823468897064579,1,7277.464368184735
DN-2854,Haiti,SCMS from RDC,N/A - From RDC,1596.0,16840.67,10.551798245614034,Truck,1.5292046183450931,9.022593627268941,1,14400.059429121231
DN-2856,Rwanda,SCMS from RDC,N/A - From RDC,1928.0,5825.17,3.0213537344398342,Truck,1.5292046183450931,1.492149116094741,1,2876.8634958306607
DN-2857,South Sudan,SCMS from RDC,N/A - From RDC,1624.0,15446.4,9.511330049261083,Truck,1.5292046183450931,7.98212543091599,1,12962.971699807567
DN-2859,Rwanda,SCMS from RDC,N/A - From RDC,3863.0,23249.47,6.0185011648977484,Truck,1.5292046183450931,4.489296546552655,1,17342.152559332906
DN-2860,Uganda,SCMS from RDC,N/A - From RDC,1199.0,7918.0,6.6038365304420354,Truck,1.5292046183450931,5.074631912096942,1,6084.483662604233
DN-2875,Uganda,SCMS from RDC,N/A - From RDC,2870.0,14974.6,5.217630662020906,Truck,1.5292046183450931,3.688426043675813,1,10585.782745349583
DN-2885,Rwanda,SCMS from RDC,N/A - From RDC,7242.0,5825.18,0.8043606738470036,Truck,1.5292046183450931,-0.7248439444980895,0,0.0
DN-2900,Nigeria,SCMS from RDC,N/A - From RDC,9421.0,15459.1,1.640919223012419,Truck,1.5292046183450931,0.11171460466732586,1,1052.4632905708768
DN-2901,Nigeria,SCMS from RDC,N/A - From RDC,4052.0,15459.09,3.8151752221125372,Truck,1.5292046183450931,2.285970603767444,1,9262.752886465683
DN-2902,Nigeria,SCMS from RDC,N/A - From RDC,12028.0,15459.09,1.2852585633521783,Truck,1.5292046183450931,-0.24394605499291488,0,0.0
DN-2903,Nigeria,SCMS from RDC,N/A - From RDC,3856.0,15459.09,4.00910010373444,Truck,1.5292046183450931,2.4798954853893465,1,9562.47699166132
DN-2904,Nigeria,SCMS from RDC,N/A - From RDC,14647.0,15459.09,1.055444118249471,Truck,1.5292046183450931,-0.4737605000956222,0,0.0
DN-2905,Nigeria,SCMS from RDC,N/A - From RDC,11369.0,15459.09,1.3597581141701116,Truck,1.5292046183450931,-0.16944650417498153,0,0.0
DN-2908,Nigeria,SCMS from RDC,N/A - From RDC,1319.0,15459.09,11.720310841546626,Truck,1.5292046183450931,10.191106223201533,1,13442.069108402822
DN-2909,Nigeria,SCMS from RDC,N/A - From RDC,17521.0,15459.09,0.8823177900804748,Truck,1.5292046183450931,-0.6468868282646183,0,0.0
DN-291,Tanzania,SCMS from RDC,N/A - From RDC,2102.0,5834.0,2.775451950523311,Truck,1.5292046183450931,1.246247332178218,1,2619.611892238614
DN-292,Tanzania,SCMS from RDC,N/A - From RDC,2670.0,7533.0,2.8213483146067415,Truck,1.5292046183450931,1.2921436962616484,1,3450.023669018601
DN-2923,Nigeria,SCMS from RDC,N/A - From RDC,6886.0,15459.09,2.245002904443799,Truck,1.5292046183450931,0.7157982860987058,1,4928.986998075688
DN-2925,Uganda,SCMS from RDC,N/A - From RDC,2034.0,10977.65,5.397074729596853,Truck,1.5292046183450931,3.8678701112517597,1,7867.247806286079
DN-2933,Haiti,SCMS from RDC,N/A - From RDC,1679.0,18028.41,10.73758784991066,Truck,1.5292046183450931,9.208383231565568,1,15460.875445798589
DN-2934,Haiti,SCMS from RDC,N/A - From RDC,3809.0,39513.54,10.373730637962721,Truck,1.5292046183450931,8.844526019617629,1,33688.799608723544
DN-2943,Nigeria,SCMS from RDC,N/A - From RDC,18234.0,51090.0,2.8019085225403093,Truck,1.5292046183450931,1.2727039041952162,1,23206.482989095573
DN-2945,Nigeria,SCMS from RDC,N/A - From RDC,25523.0,51090.0,2.0017239352740663,Truck,1.5292046183450931,0.4725193169289732,1,12060.110525978183
DN-2946,Nigeria,SCMS from RDC,N/A - From RDC,7973.0,51090.0,6.407876583469209,Truck,1.5292046183450931,4.8786719651241155,1,38897.65157793457
DN-2947,Nigeria,SCMS from RDC,N/A - From RDC,50634.0,51090.0,1.009005806375163,Truck,1.5292046183450931,-0.5201988119699301,0,0.0
DN-2951,Uganda,SCMS from RDC,N/A - From RDC,2400.0,18337.82,7.640758333333333,Truck,1.5292046183450931,6.11155371498824,1,14667.728915971777
DN-2952,Uganda,SCMS from RDC,N/A - From RDC,1187.0,9609.69,8.095779275484414,Truck,1.5292046183450931,6.566574657139321,1,7794.524118024374
DN-2961,Rwanda,SCMS from RDC,N/A - From RDC,10698.0,20994.85,1.962502336885399,Truck,1.5292046183450931,0.43329771854030597,1,4635.418992944194
DN-2976,Rwanda,SCMS from RDC,N/A - From RDC,12757.0,20994.85,1.6457513521987928,Truck,1.5292046183450931,0.11654673385369962,1,1486.786683771646
DN-2981,"Congo, DRC",SCMS from RDC,N/A - From RDC,5897.0,40434.04,6.856713583177887,Truck,1.5292046183450931,5.327508964832794,1,31416.320365618987
DN-2999,Uganda,SCMS from RDC,N/A - From RDC,4658.0,41595.5,8.929905538857879,Truck,1.5292046183450931,7.400700920512786,1,34472.46488774855
DN-3000,Uganda,SCMS from RDC,N/A - From RDC,2261.0,13252.2,5.861211853162318,Truck,1.5292046183450931,4.332007234817224,1,9794.668357921744
DN-3001,Uganda,SCMS from RDC,N/A - From RDC,5391.0,28382.05,5.264709701354109,Truck,1.5292046183450931,3.7355050830090155,1,20138.107902501604
DN-3011,Uganda,SCMS from RDC,N/A - From RDC,2089.0,17032.59,8.153465773097176,Truck,1.5292046183450931,6.624261154752083,1,13838.0815522771
DN-3015,Haiti,SCMS from RDC,N/A - From RDC,16035.0,161712.87,10.084993451824134,Truck,1.5292046183450931,8.555788833479042,1,137192.07394483645
DN-3016,Haiti,SCMS from RDC,N/A - From RDC,1807.0,30844.1,17.069230769230767,Truck,1.5292046183450931,15.540026150885675,1,28080.827254650416
DN-3024,Uganda,SCMS from RDC,N/A - From RDC,1887.0,12736.25,6.749470058293587,Truck,1.5292046183450931,5.220265439948494,1,9850.640885182807
DN-3025,Uganda,SCMS from RDC,N/A - From RDC,6528.0,21806.84,3.3405085784313724,Truck,1.5292046183450931,1.8113039600862793,1,11824.192251443232
DN-3026,South Sudan,SCMS from RDC,N/A - From RDC,1108.0,10754.0,9.705776173285198,Truck,1.5292046183450931,8.176571554940105,1,9059.641282873637
DN-3034,Uganda,SCMS from RDC,N/A - From RDC,3988.0,39037.7,9.788791374122367,Truck,1.5292046183450931,8.259586755777274,1,32939.23198203977
DN-304,Mozambique,SCMS from RDC,N/A - From RDC,9006.0,9869.55,1.095886075949367,Truck,1.5292046183450931,-0.4333185423957262,0,0.0
DN-3042,Uganda,SCMS from RDC,N/A - From RDC,1366.0,8507.01,6.227679355783309,Truck,1.5292046183450931,4.698474737438215,1,6418.116491340602
DN-3060,Guyana,SCMS from RDC,N/A - From RDC,1283.0,12862.56,10.025378020265004,Truck,1.5292046183450931,8.496173401919911,1,10900.590474663246
DN-3069,Uganda,SCMS from RDC,N/A - From RDC,1600.0,8699.8,5.437374999999999,Truck,1.5292046183450931,3.908170381654906,1,6253.07261064785
DN-309,Zambia,SCMS from RDC,N/A - From RDC,3785.0,13116.0,3.4652575957727874,Truck,1.5292046183450931,1.9360529774276942,1,7327.960519563822
DN-3091,Haiti,SCMS from RDC,N/A - From RDC,2435.0,25984.75,10.67135523613963,Truck,1.5292046183450931,9.142150617794538,1,22261.136754329702
DN-3107,Mozambique,SCMS from RDC,N/A - From RDC,4122.0,28602.94,6.939092673459485,Truck,1.5292046183450931,5.409888055114392,1,22299.558563181523
DN-3108,Mozambique,SCMS from RDC,N/A - From RDC,1750.0,9758.5,5.5762857142857145,Truck,1.5292046183450931,4.047081095940621,1,7082.391917896087
DN-3115,Zambia,SCMS from RDC,N/A - From RDC,1500.0,7513.5,5.009,Truck,1.5292046183450931,3.479795381654907,1,5219.693072482361
DN-3116,Zambia,SCMS from RDC,N/A - From RDC,7632.0,50626.6,6.633464360587002,Truck,1.5292046183450931,5.104259742241909,1,38955.71035279024
DN-3117,Dominican Republic,SCMS from RDC,N/A - From RDC,1230.0,8281.7,6.733089430894309,Truck,1.5292046183450931,5.203884812549216,1,6400.778319435535
DN-3121,Uganda,SCMS from RDC,N/A - From RDC,5426.0,6506.75,1.1991798746774789,Truck,1.5292046183450931,-0.33002474366761425,0,0.0
DN-3123,Uganda,SCMS from RDC,N/A - From RDC,6874.0,16177.09,2.353373581611871,Truck,1.5292046183450931,0.8241689632667779,1,5665.337453495831
DN-3124,Uganda,SCMS from RDC,N/A - From RDC,2291.0,10542.15,4.601549541684854,Truck,1.5292046183450931,3.0723449233397604,1,7038.742219371391
DN-3125,South Sudan,SCMS from RDC,N/A - From RDC,1309.0,12356.0,9.439266615737203,Truck,1.5292046183450931,7.91006199739211,1,10354.271154586271
DN-3128,Uganda,SCMS from RDC,N/A - From RDC,29934.0,34003.7,1.135955769359257,Truck,1.5292046183450931,-0.3932488489858361,0,0.0
DN-3147,Uganda,SCMS from RDC,N/A - From RDC,31473.0,24816.73,0.78850856289518,Truck,1.5292046183450931,-0.7406960554499131,0,0.0
DN-3152,Uganda,SCMS from RDC,N/A - From RDC,8115.0,13817.65,1.7027295132470732,Truck,1.5292046183450931,0.1735248949019801,1,1408.1545221295685
DN-3159,Rwanda,SCMS from RDC,N/A - From RDC,1151.0,7086.88,6.157150304083406,Truck,1.5292046183450931,4.627945685738313,1,5326.765484284798
DN-319,Zambia,SCMS from RDC,N/A - From RDC,1581.0,5663.0,3.58191018342821,Truck,1.5292046183450931,2.0527055650831167,1,3245.3274983964075
DN-3194,Tanzania,SCMS from RDC,N/A - From RDC,3637.0,22904.02,6.297503436898543,Truck,1.5292046183450931,4.76829881855345,1,17342.302803078896
DN-3218,Uganda,SCMS from RDC,N/A - From RDC,4811.0,2486.5,0.5168364165454168,Truck,1.5292046183450931,-1.0123682017996765,0,0.0
DN-3219,Uganda,SCMS from RDC,N/A - From RDC,1400.0,5718.69,4.084778571428571,Truck,1.5292046183450931,2.555573953083478,1,3577.803534316869
DN-3256,Uganda,SCMS from RDC,N/A - From RDC,14143.0,100654.61,7.116920738174362,Truck,1.5292046183450931,5.587716119829269,1,79027.06908274535
DN-3263,Uganda,SCMS from RDC,N/A - From RDC,11594.0,85414.3,7.367112299465241,Truck,1.5292046183450931,5.837907681120147,1,67684.70165490698
DN-3266,Tanzania,SCMS from RDC,N/A - From RDC,7857.0,40857.69,5.20016418480336,Truck,1.5292046183450931,3.670959566458267,1,28842.729313662603
DN-3267,Uganda,SCMS from RDC,N/A - From RDC,19158.0,106022.37,5.534104290635765,Truck,1.5292046183450931,4.004899672290672,1,76725.86792174469
DN-3268,"Congo, DRC",SCMS from RDC,N/A - From RDC,5426.0,20499.33,3.7779819388131224,Truck,1.5292046183450931,2.2487773204680295,1,12201.865740859528
DN-3270,Uganda,SCMS from RDC,N/A - From RDC,6481.0,36226.26,5.589609628143806,Truck,1.5292046183450931,4.060405009798712,1,26315.484868505453
DN-3271,Uganda,SCMS from RDC,N/A - From RDC,9886.0,58707.0,5.938397734169532,Truck,1.5292046183450931,4.409193115824439,1,43589.283143040404
DN-3290,Uganda,SCMS from RDC,N/A - From RDC,2933.0,20719.01,7.064101602454824,Truck,1.5292046183450931,5.53489698410973,1,16233.85285439384
DN-3311,"Congo, DRC",SCMS from RDC,N/A - From RDC,2357.0,24505.0,10.396690708527789,Truck,1.5292046183450931,8.867486090182696,1,20900.664714560615
DN-3315,Cameroon,SCMS from RDC,N/A - From RDC,1353.0,13924.23,10.291374722838137,Truck,1.5292046183450931,8.762170104493045,1,11855.216151379089
DN-3333,Uganda,SCMS from RDC,N/A - From RDC,2638.0,13508.98,5.120917361637604,Truck,1.5292046183450931,3.5917127432925104,1,9474.938216805642
DN-3348,Uganda,SCMS from RDC,N/A - From RDC,2722.0,8604.7,3.1611682586333583,Truck,1.5292046183450931,1.6319636402882651,1,4442.205028864658
DN-3355,Dominican Republic,SCMS from RDC,N/A - From RDC,7791.0,90360.12,11.598013092029264,Truck,1.5292046183450931,10.068808473684172,1,78446.08681847338
DN-3356,Dominican Republic,SCMS from RDC,N/A - From RDC,1212.0,15181.0,12.525577557755776,Truck,1.5292046183450931,10.996372939410684,1,13327.604002565748
DN-3395,Zambia,SCMS from RDC,N/A - From RDC,2875.0,14275.5,4.965391304347826,Truck,1.5292046183450931,3.436186686002733,1,9879.036722257857
DN-3418,Côte d'Ivoire,SCMS from RDC,N/A - From RDC,1784.0,4017.69,2.252068385650224,Truck,1.5292046183450931,0.722863767305131,1,1289.5889608723537
DN-3426,"Congo, DRC",SCMS from RDC,N/A - From RDC,2572.0,16754.32,6.514121306376361,Truck,1.5292046183450931,4.984916688031268,1,12821.205721616421
DN-344,Mozambique,SCMS from RDC,N/A - From RDC,4241.0,25442.0,5.999056826220231,Truck,1.5292046183450931,4.469852207875138,1,18956.64321359846
DN-3504,Côte d'Ivoire,SCMS from RDC,N/A - From RDC,1928.0,8050.55,4.175596473029046,Truck,1.5292046183450931,2.6463918546839524,1,5102.24349583066
DN-3527,Uganda,SCMS from RDC,N/A - From RDC,1447.0,8854.24,6.119032480995163,Truck,1.5292046183450931,4.589827862650069,1,6641.48091725465
DN-3530,Côte d'Ivoire,SCMS from RDC,N/A - From RDC,2845.0,10943.15,3.8464499121265376,Truck,1.5292046183450931,2.3172452937814443,1,6592.562860808209
DN-3546,Côte d'Ivoire,SCMS from RDC,N/A - From RDC,2699.0,4063.81,1.5056724712856613,Truck,1.5292046183450931,-0.02353214705943185,0,0.0
DN-3561,"Congo, DRC",SCMS from RDC,N/A - From RDC,2045.0,16083.32,7.864704156479218,Truck,1.5292046183450931,6.335499538134124,1,12956.096555484284
DN-3567,Côte d'Ivoire,SCMS from RDC,N/A - From RDC,5752.0,18607.76,3.2350069541029205,Truck,1.5292046183450931,1.7058023357578274,1,9811.775035279023
DN-3578,Rwanda,SCMS from RDC,N/A - From RDC,1643.0,12995.06,7.90934875228241,Truck,1.5292046183450931,6.380144133937317,1,10482.576812059011
DN-3586,Haiti,SCMS from RDC,N/A - From RDC,6528.0,63922.3,9.79201899509804,Truck,1.5292046183450931,8.262814376752948,1,53939.65225144324
DN-3587,Haiti,SCMS from RDC,N/A - From RDC,2769.0,29216.84,10.551404839292163,Truck,1.5292046183450931,9.02220022094707,1,24982.47241180244
DN-3590,Ghana,SCMS from RDC,N/A - From RDC,5447.0,38560.67,7.0792491279603444,Truck,1.5292046183450931,5.550044509615251,1,30231.092443874273
DN-3615,Zambia,SCMS from RDC,N/A - From RDC,1143.0,1876.35,1.6416010498687663,Truck,1.5292046183450931,0.11239643152367318,1,128.46912123155843
DN-3653,Côte d'Ivoire,SCMS from RDC,N/A - From RDC,2666.0,11186.09,4.195832708177044,Truck,1.5292046183450931,2.666628089831951,1,7109.230487491981
DN-3660,Haiti,SCMS from RDC,N/A - From RDC,1216.0,5698.48,4.686249999999999,Truck,1.5292046183450931,3.157045381654906,1,3838.9671840923656
DN-3684,Haiti,SCMS from RDC,N/A - From RDC,1777.0,15330.56,8.627214406302757,Truck,1.5292046183450931,7.098009787957664,1,12613.163393200768
DN-373,Nigeria,SCMS from RDC,N/A - From RDC,2846.0,13873.0,4.874560787069571,Truck,1.5292046183450931,3.3453561687244777,1,9520.883656189864
DN-375,Mozambique,SCMS from RDC,N/A - From RDC,2526.0,1871.05,0.7407165479018211,Truck,1.5292046183450931,-0.7884880704432721,0,0.0
DN-3753,Zambia,SCMS from RDC,N/A - From RDC,1358.0,3150.3,2.3198085419734906,Truck,1.5292046183450931,0.7906039236283975,1,1073.6401282873637
DN-3762,Tanzania,SCMS from RDC,N/A - From RDC,20132.0,97918.87,4.8638421418636995,Truck,1.5292046183450931,3.334637523518606,1,67132.92262347658
DN-3766,Uganda,SCMS from RDC,N/A - From RDC,9014.0,892.92,0.09905924118038606,Truck,1.5292046183450931,-1.430145377164707,0,0.0
DN-3772,Zimbabwe,SCMS from RDC,N/A - From RDC,8894.0,102.67,0.011543737351023162,Truck,1.5292046183450931,-1.51766088099407,0,0.0
DN-379,Côte d'Ivoire,SCMS from RDC,N/A - From RDC,3023.0,13721.28,4.538961296725108,Truck,1.5292046183450931,3.0097566783800147,1,9098.494438742784
DN-3843,"Congo, DRC",SCMS from RDC,N/A - From RDC,1630.0,18387.8,11.28085889570552,Truck,1.5292046183450931,9.751654277360428,1,15895.196472097497
DN-3885,"Congo, DRC",SCMS from RDC,N/A - From RDC,1278.0,12197.44,9.5441627543036,Truck,1.5292046183450931,8.014958135958507,1,10243.116497754972
DN-3891,South Sudan,SCMS from RDC,N/A - From RDC,1347.0,14522.43,10.7813140311804,Truck,1.5292046183450931,9.252109412835308,1,12462.59137908916
DN-3899,Côte d'Ivoire,SCMS from RDC,N/A - From RDC,2625.0,9868.54,3.75944380952381,Truck,1.5292046183450931,2.2302391911787165,1,5854.377876844131
DN-390,Tanzania,SCMS from RDC,N/A - From RDC,3327.0,13606.4,4.089690411782386,Truck,1.5292046183450931,2.5604857934372927,1,8518.736234765873
DN-3906,Namibia,SCMS from RDC,N/A - From RDC,4688.0,32063.3,6.839441126279863,Truck,1.5292046183450931,5.3102365079347695,1,24894.3887491982
DN-3923,Namibia,SCMS from RDC,N/A - From RDC,6425.0,35476.0,5.521556420233463,Truck,1.5292046183450931,3.9923518018883692,1,25650.860327132774
DN-393,Côte d'Ivoire,SCMS from RDC,N/A - From RDC,2510.0,23907.05,9.524721115537849,Truck,1.5292046183450931,7.995516497192756,1,20068.74640795382
DN-3954,"Congo, DRC",SCMS from RDC,N/A - From RDC,1165.0,13290.31,11.407991416309013,Truck,1.5292046183450931,9.87878679796392,1,11508.786619627968
DN-3968,Tanzania,SCMS from RDC,N/A - From RDC,1739.0,10506.44,6.041656124209316,Truck,1.5292046183450931,4.512451505864223,1,7847.153168697883
DN-3975,"Congo, DRC",SCMS from RDC,N/A - From RDC,2187.0,24532.28,11.21732053040695,Truck,1.5292046183450931,9.688115912061857,1,21187.90949967928
DN-401,Zimbabwe,SCMS from RDC,N/A - From RDC,4256.0,5145.86,1.2090836466165413,Truck,1.5292046183450931,-0.3201209717285518,0,0.0
DN-4020,Zimbabwe,SCMS from RDC,N/A - From RDC,1920.0,5055.8,2.6332291666666667,Truck,1.5292046183450931,1.1040245483215736,1,2119.7271327774215
DN-4042,Rwanda,SCMS from RDC,N/A - From RDC,3880.0,28001.97,7.217002577319588,Truck,1.5292046183450931,5.687797958974494,1,22068.656080821038
DN-4095,Uganda,SCMS from RDC,N/A - From RDC,2653.0,14056.46,5.298326422917452,Truck,1.5292046183450931,3.7691218045723582,1,9999.480147530467
DN-4107,"Congo, DRC",SCMS from RDC,N/A - From RDC,6247.0,61201.46,9.796936129342084,Truck,1.5292046183450931,8.267731510996992,1,51648.51874919821
DN-4109,Uganda,SCMS from RDC,N/A - From RDC,7183.0,41735.0,5.8102464151468745,Truck,1.5292046183450931,4.281041796801781,1,30750.723226427195
DN-413,Mozambique,SCMS from RDC,N/A - From RDC,1482.0,1566.19,1.056808367071525,Truck,1.5292046183450931,-0.4723962512735682,0,0.0
DN-414,Zambia,SCMS from RDC,N/A - From RDC,5309.0,17358.74,3.269681672631381,Truck,1.5292046183450931,1.740477054286288,1,9240.192681205903
DN-4144,Burundi,SCMS from RDC,N/A - From RDC,1744.0,10363.49,5.942368119266055,Truck,1.5292046183450931,4.4131635009209615,1,7696.557145606157
DN-415,Mozambique,SCMS from RDC,N/A - From RDC,2766.0,10698.63,3.8679067245119305,Truck,1.5292046183450931,2.3387021061668376,1,6468.8500256574725
DN-417,Zambia,SCMS from RDC,N/A - From RDC,3254.0,13267.3,4.077228027043638,Truck,1.5292046183450931,2.548023408698545,1,8291.268171905065
DN-4178,Burundi,SCMS from RDC,N/A - From RDC,1115.0,7006.47,6.283829596412557,Truck,1.5292046183450931,4.754624978067463,1,5301.4068505452215
DN-4184,Togo,SCMS from RDC,N/A - From RDC,1591.0,8834.07,5.552526712759271,Truck,1.5292046183450931,4.023322094414177,1,6401.105452212956
DN-419,Zambia,SCMS from RDC,N/A - From RDC,2678.0,9008.48,3.363883495145631,Truck,1.5292046183450931,1.834678876800538,1,4913.27003207184
DN-4210,Burundi,SCMS from RDC,N/A - From RDC,1208.0,7564.47,6.261978476821192,Truck,1.5292046183450931,4.732773858476099,1,5717.1908210391275
DN-423,Côte d'Ivoire,SCMS from RDC,N/A - From RDC,2143.0,10137.04,4.73030331311246,Truck,1.5292046183450931,3.2010986947673663,1,6859.954502886466
DN-425,Zimbabwe,SCMS from RDC,N/A - From RDC,2262.0,7364.52,3.2557559681697614,Truck,1.5292046183450931,1.7265513498246683,1,3905.4591533033995
DN-426,Mozambique,SCMS from RDC,N/A - From RDC,7341.0,10879.28,1.4819888298596922,Truck,1.5292046183450931,-0.04721578848540098,0,0.0
DN-427,Mozambique,SCMS from RDC,N/A - From RDC,1434.0,3682.34,2.5678800557880055,Truck,1.5292046183450931,1.0386754374429124,1,1489.4605772931363
DN-4281,Nigeria,SCMS from RDC,N/A - From RDC,3322.0,21533.88,6.482203491872366,Truck,1.5292046183450931,4.952998873527273,1,16453.8622578576
DN-4282,Nigeria,SCMS from RDC,N/A - From RDC,6183.0,47281.56,7.647025715672004,Truck,1.5292046183450931,6.11782109732691,1,37826.48784477229
DN-4320,Cameroon,SCMS from RDC,N/A - From RDC,2912.0,32165.56,11.045865384615386,Truck,1.5292046183450931,9.516660766270293,1,27712.516151379095
DN-434,Côte d'Ivoire,SCMS from RDC,N/A - From RDC,9248.0,25563.0,2.7641652249134947,Truck,1.5292046183450931,1.2349606065684016,1,11420.915689544578
DN-441,Côte d'Ivoire,SCMS from RDC,N/A - From RDC,3681.0,10666.0,2.8975821787557727,Truck,1.5292046183450931,1.3683775604106796,1,5036.997799871711
DN-442,Côte d'Ivoire,SCMS from RDC,N/A - From RDC,1554.0,4963.0,3.1936936936936937,Truck,1.5292046183450931,1.6644890753486006,1,2586.6160230917253
DN-443,Côte d'Ivoire,SCMS from RDC,N/A - From RDC,1271.0,10722.75,8.436467348544452,Truck,1.5292046183450931,6.907262730199359,1,8779.130930083385
DN-445,Haiti,SCMS from RDC,N/A - From RDC,4213.0,38515.8,9.142131497745076,Truck,1.5292046183450931,7.612926879399983,1,32073.26094291213
DN-454,Zambia,SCMS from RDC,N/A - From RDC,2662.0,9736.5,3.657588279489106,Truck,1.5292046183450931,2.128383661144013,1,5665.757305965362
DN-457,Zambia,SCMS from RDC,N/A - From RDC,1594.0,6035.4,3.786323713927227,Truck,1.5292046183450931,2.2571190955821336,1,3597.847838357921
DN-475,Nigeria,SCMS from RDC,N/A - From RDC,3286.0,18208.0,5.541083384053561,Truck,1.5292046183450931,4.011878765708468,1,13183.033624118025
DN-479,Zimbabwe,SCMS from RDC,N/A - From RDC,2425.0,13356.65,5.5078969072164945,Truck,1.5292046183450931,3.978692288871401,1,9648.328800513147
DN-483,Zambia,SCMS from RDC,N/A - From RDC,5253.0,18856.33,3.589630687226347,Truck,1.5292046183450931,2.060426068881254,1,10823.418139833228
DN-488,Zimbabwe,SCMS from RDC,N/A - From RDC,4091.0,12130.9,2.965265216328526,Truck,1.5292046183450931,1.4360605979834327,1,5874.923906350223
DN-498,Haiti,SCMS from RDC,N/A - From RDC,3957.0,32483.5,8.209123073035128,Truck,1.5292046183450931,6.679918454690035,1,26432.437325208466
DN-501,Côte d'Ivoire,SCMS from RDC,N/A - From RDC,4026.0,13325.0,3.309736711376056,Truck,1.5292046183450931,1.7805320930309627,1,7168.422206542656
DN-502,Haiti,SCMS from RDC,N/A - From RDC,2153.0,24448.0,11.355318160705991,Truck,1.5292046183450931,9.826113542360899,1,21155.622456703015
DN-504,Côte d'Ivoire,SCMS from RDC,N/A - From RDC,1088.0,2951.94,2.7131801470588237,Truck,1.5292046183450931,1.1839755287137306,1,1288.1653752405389
DN-511,Rwanda,SCMS from RDC,N/A - From RDC,3195.0,36417.89,11.398400625978091,Truck,1.5292046183450931,9.869196007632999,1,31532.08124438743
DN-519,Ethiopia,SCMS from RDC,N/A - From RDC,5840.0,20222.4,3.4627397260273973,Truck,1.5292046183450931,1.9335351076823042,1,11291.845028864656
DN-524,Ethiopia,SCMS from RDC,N/A - From RDC,1225.0,4485.25,3.6614285714285715,Truck,1.5292046183450931,2.1322239530834786,1,2611.9743425272613
DN-526,Ethiopia,SCMS from RDC,N/A - From RDC,1215.0,8586.0,7.066666666666666,Truck,1.5292046183450931,5.537462048321573,1,6728.016388710711
DN-529,Ethiopia,SCMS from RDC,N/A - From RDC,1215.0,6346.22,5.22322633744856,Truck,1.5292046183450931,3.6940217191034668,1,4488.236388710712
DN-537,Ethiopia,SCMS from RDC,N/A - From RDC,1197.0,8332.0,6.960735171261487,Truck,1.5292046183450931,5.431530552916394,1,6501.542071840923
DN-540,Ethiopia,SCMS from RDC,N/A - From RDC,1650.0,11339.5,6.872424242424242,Truck,1.5292046183450931,5.343219624079149,1,8816.312379730596
DN-541,Ethiopia,SCMS from RDC,N/A - From RDC,1640.0,11273.0,6.873780487804878,Truck,1.5292046183450931,5.344575869459785,1,8765.104425914047
DN-542,Ethiopia,SCMS from RDC,N/A - From RDC,5181.0,17975.21,3.4694479830148617,Truck,1.5292046183450931,1.9402433646697685,1,10052.40087235407
DN-549,Côte d'Ivoire,SCMS from RDC,N/A - From RDC,1988.0,6146.0,3.091549295774648,Truck,1.5292046183450931,1.5623446774295549,1,3105.941218729955
DN-559,Tanzania,SCMS from RDC,N/A - From RDC,2749.0,10654.94,3.875933066569662,Truck,1.5292046183450931,2.346728448224569,1,6451.15650416934
DN-565,Côte d'Ivoire,SCMS from RDC,N/A - From RDC,2647.0,9307.0,3.516055912353608,Truck,1.5292046183450931,1.9868512940085148,1,5259.195375240539
DN-569,Côte d'Ivoire,SCMS from RDC,N/A - From RDC,10877.0,30167.0,2.773466948607153,Truck,1.5292046183450931,1.2442623302620597,1,13533.841366260423
DN-576,Ethiopia,SCMS from RDC,N/A - From RDC,2533.0,9187.8,3.6272404263718907,Truck,1.5292046183450931,2.098035808026798,1,5314.324701731879
DN-581,Côte d'Ivoire,SCMS from RDC,N/A - From RDC,2093.0,5962.31,2.8486908743430486,Truck,1.5292046183450931,1.3194862559979554,1,2761.6847338037205
DN-583,Namibia,SCMS from RDC,N/A - From RDC,1485.0,3016.95,2.0316161616161614,Truck,1.5292046183450931,0.5024115432710683,1,746.0811417575364
DN-587,Côte d'Ivoire,SCMS from RDC,N/A - From RDC,1230.0,4680.1,3.804959349593496,Truck,1.5292046183450931,2.275754731248403,1,2799.1783194355357
DN-601,Mozambique,SCMS from RDC,N/A - From RDC,5092.0,8118.64,1.5943912018853104,Truck,1.5292046183450931,0.06518658354021722,1,331.9300833867861
DN-603,Mozambique,SCMS from RDC,N/A - From RDC,3584.0,8405.91,2.345398995535714,Truck,1.5292046183450931,0.816194377190621,1,2925.2406478511857
DN-604,Zimbabwe,SCMS from RDC,N/A - From RDC,4303.0,12894.85,2.996711596560539,Truck,1.5292046183450931,1.467506978215446,1,6314.682527261064
DN-607,Zambia,SCMS from RDC,N/A - From RDC,2581.0,19832.46,7.68402169701666,Truck,1.5292046183450931,6.154817078671567,1,15885.582880051314
DN-608,Zambia,SCMS from RDC,N/A - From RDC,1974.0,7836.6,3.9699088145896657,Truck,1.5292046183450931,2.440704196244573,1,4817.950083386787
DN-609,Côte d'Ivoire,SCMS from RDC,N/A - From RDC,7191.0,12349.51,1.7173564177444027,Truck,1.5292046183450931,0.1881517993993096,1,1352.9995894804354
DN-610,Côte d'Ivoire,SCMS from RDC,N/A - From RDC,3731.0,6778.91,1.8169150361833288,Truck,1.5292046183450931,0.2877104178382357,1,1073.4475689544574
DN-611,Côte d'Ivoire,SCMS from RDC,N/A - From RDC,4689.0,8321.29,1.7746406483258692,Truck,1.5292046183450931,0.24543602998077607,1,1150.849544579859
DN-613,Côte d'Ivoire,SCMS from RDC,N/A - From RDC,1897.0,3826.17,2.0169583552978385,Truck,1.5292046183450931,0.4877537369527454,1,925.268838999358
DN-614,Haiti,SCMS from RDC,N/A - From RDC,2584.0,26877.3,10.401431888544892,Truck,1.5292046183450931,8.872227270199799,1,22925.83526619628
DN-623,Zimbabwe,SCMS from RDC,N/A - From RDC,4080.0,13317.2,3.2640196078431374,Truck,1.5292046183450931,1.7348149894980442,1,7078.045157152021
DN-626,Côte d'Ivoire,SCMS from RDC,N/A - From RDC,1650.0,3428.5,2.0778787878787877,Truck,1.5292046183450931,0.5486741695336945,1,905.3123797305959
DN-628,Mozambique,SCMS from RDC,N/A - From RDC,4230.0,8771.34,2.0736028368794326,Truck,1.5292046183450931,0.5443982185343395,1,2302.8044644002557
DN-629,Mozambique,SCMS from RDC,N/A - From RDC,14083.0,11053.53,0.784884612653554,Truck,1.5292046183450931,-0.7443200056915391,0,0.0
DN-630,Ethiopia,SCMS from RDC,N/A - From RDC,1822.0,9742.0,5.346871569703622,Truck,1.5292046183450931,3.817666951358529,1,6955.78918537524
DN-631,Ethiopia,SCMS from RDC,N/A - From RDC,3858.0,12047.8,3.1228097459823743,Truck,1.5292046183450931,1.5936051276372811,1,6148.128582424631
DN-634,Ethiopia,SCMS from RDC,N/A - From RDC,14599.0,32146.52,2.201967258031372,Truck,1.5292046183450931,0.6727626396862789,1,9821.661776779985
DN-635,Namibia,SCMS from RDC,N/A - From RDC,1815.0,6074.62,3.3468980716253443,Truck,1.5292046183450931,1.8176934532802511,1,3299.1136177036556
DN-636,Tanzania,SCMS from RDC,N/A - From RDC,1955.0,6923.3,3.5413299232736573,Truck,1.5292046183450931,2.0121253049285643,1,3933.7049711353434
DN-637,Tanzania,SCMS from RDC,N/A - From RDC,6007.0,20395.6,3.3953054769435655,Truck,1.5292046183450931,1.8661008585984724,1,11209.667857601024
DN-643,Côte d'Ivoire,SCMS from RDC,N/A - From RDC,1316.0,3056.96,2.3229179331306993,Truck,1.5292046183450931,0.7937133147856061,1,1044.5267222578577
DN-664,Tanzania,SCMS from RDC,N/A - From RDC,2427.0,8381.22,3.4533250927070456,Truck,1.5292046183450931,1.9241204743619524,1,4669.840391276459
DN-665,Mozambique,SCMS from RDC,N/A - From RDC,6081.0,3316.9,0.5454530504851176,Truck,1.5292046183450931,-0.9837515678599755,0,0.0
DN-673,Côte d'Ivoire,SCMS from RDC,N/A - From RDC,1118.0,2810.58,2.5139355992844363,Truck,1.5292046183450931,0.9847309809393432,1,1100.9292366901857
DN-685,Haiti,SCMS from RDC,N/A - From RDC,2941.0,31051.3,10.558075484529072,Truck,1.5292046183450931,9.02887086618398,1,26553.909217447082
DN-687,Zimbabwe,SCMS from RDC,N/A - From RDC,4252.0,15696.7,3.691603951081844,Truck,1.5292046183450931,2.162399332736751,1,9194.521962796664
DN-688,Mozambique,SCMS from RDC,N/A - From RDC,16579.0,8654.7,0.5220278665782014,Truck,1.5292046183450931,-1.0071767517668917,0,0.0
DN-690,Haiti,SCMS from RDC,N/A - From RDC,4639.0,47525.69,10.244813537400303,Truck,1.5292046183450931,8.71560891905521,1,40431.70977549712
DN-692,Haiti,SCMS from RDC,N/A - From RDC,2166.0,20578.2,9.5005540166205,Truck,1.5292046183450931,7.9713493982754065,1,17265.94279666453
DN-696,Tanzania,SCMS from RDC,N/A - From RDC,1636.0,6195.24,3.7868215158924206,Truck,1.5292046183450931,2.2576168975473276,1,3693.461244387428
DN-698,Mozambique,SCMS from RDC,N/A - From RDC,2955.0,4551.52,1.5402774957698817,Truck,1.5292046183450931,0.011072877424788574,1,32.72035279025024
DN-707,Mozambique,SCMS from RDC,N/A - From RDC,7719.0,6260.71,0.8110778598264023,Truck,1.5292046183450931,-0.7181267585186908,0,0.0
DN-709,Zimbabwe,SCMS from RDC,N/A - From RDC,2519.0,15252.7,6.0550615323541095,Truck,1.5292046183450931,4.525856914009016,1,11400.633566388711
DN-733,Haiti,SCMS from RDC,N/A - From RDC,3820.0,35933.8,9.40675392670157,Truck,1.5292046183450931,7.877549308356477,1,30092.238357921742
DN-737,Nigeria,SCMS from RDC,N/A - From RDC,2095.0,10098.25,4.820167064439141,Truck,1.5292046183450931,3.2909624460940474,1,6894.566324567029
DN-743,Haiti,SCMS from RDC,N/A - From RDC,2166.0,22956.0,10.598337950138504,Truck,1.5292046183450931,9.069133331793411,1,19643.74279666453
DN-744,Haiti,SCMS from RDC,N/A - From RDC,1154.0,12508.65,10.839384748700173,Truck,1.5292046183450931,9.31018013035508,1,10743.947870429763
DN-749,Zambia,SCMS from RDC,N/A - From RDC,4733.0,6002.19,1.2681576167335726,Truck,1.5292046183450931,-0.2610470016115205,0,0.0
DN-750,Nigeria,SCMS from RDC,N/A - From RDC,1832.0,11815.12,6.449301310043668,Truck,1.5292046183450931,4.920096691698575,1,9013.617139191789
DN-751,Tanzania,SCMS from RDC,N/A - From RDC,5040.0,22965.4,4.556626984126985,Truck,1.5292046183450931,3.0274223657818915,1,15258.208723540733
DN-756,Zimbabwe,SCMS from RDC,N/A - From RDC,7806.0,45047.32,5.770858314117346,Truck,1.5292046183450931,4.241653695772253,1,33110.3487491982
DN-759,Namibia,SCMS from RDC,N/A - From RDC,2094.0,4528.5,2.1626074498567336,Truck,1.5292046183450931,0.6334028315116405,1,1326.3455291853752
DN-761,Côte d'Ivoire,SCMS from RDC,N/A - From RDC,4668.0,8787.28,1.882450728363325,Truck,1.5292046183450931,0.3532461100182318,1,1648.9528415651062
DN-763,Tanzania,SCMS from RDC,N/A - From RDC,16778.0,9043.65,0.5390183573727501,Truck,1.5292046183450931,-0.9901862609723431,0,0.0
DN-765,Tanzania,SCMS from RDC,N/A - From RDC,1156.0,6308.6,5.45726643598616,Truck,1.5292046183450931,3.9280618176410664,1,4540.839461193073
DN-779,Zambia,SCMS from RDC,N/A - From RDC,4678.0,30610.2,6.543437366395896,Truck,1.5292046183450931,5.014232748050802,1,23456.580795381655
DN-783,Haiti,SCMS from RDC,N/A - From RDC,1667.0,19069.17,11.439214157168566,Truck,1.5292046183450931,9.910009538823473,1,16519.98590121873
DN-787,Nigeria,SCMS from RDC,N/A - From RDC,1365.0,9904.65,7.256153846153846,Truck,1.5292046183450931,5.726949227808753,1,7817.285695958947
DN-791,Tanzania,SCMS from RDC,N/A - From RDC,28334.0,80239.66,2.831921366556081,Truck,1.5292046183450931,1.3027167482109878,1,36911.176343810126
DN-793,Uganda,SCMS from RDC,N/A - From RDC,2253.0,15923.41,7.067647581003107,Truck,1.5292046183450931,5.538442962658014,1,12478.111994868505
DN-794,Uganda,SCMS from RDC,N/A - From RDC,1600.0,10314.28,6.4464250000000005,Truck,1.5292046183450931,4.917220381654907,1,7867.552610647852
DN-802,Haiti,SCMS from RDC,N/A - From RDC,1586.0,17289.0,10.901008827238336,Truck,1.5292046183450931,9.371804208893243,1,14863.681475304684
DN-803,Zimbabwe,SCMS from RDC,N/A - From RDC,2907.0,12781.58,4.396828345373237,Truck,1.5292046183450931,2.8676237270281435,1,8336.182174470812
DN-806,Nigeria,SCMS from RDC,N/A - From RDC,2173.0,9906.63,4.558964565117349,Truck,1.5292046183450931,3.0297599467722556,1,6583.668364336111
DN-817,Mozambique,SCMS from RDC,N/A - From RDC,13123.0,9161.95,0.6981597195763164,Truck,1.5292046183450931,-0.8310448987687767,0,0.0
DN-826,Tanzania,SCMS from RDC,N/A - From RDC,16709.0,15210.0,0.9102878688132144,Truck,1.5292046183450931,-0.6189167495318787,0,0.0
DN-831,Tanzania,SCMS from RDC,N/A - From RDC,4289.0,24594.29,5.734271391932852,Truck,1.5292046183450931,4.205066773587759,1,18035.5313919179
DN-834,Nigeria,SCMS from RDC,N/A - From RDC,1994.0,10231.84,5.131313941825477,Truck,1.5292046183450931,3.6021093234803834,1,7182.605991019885
DN-836,Nigeria,SCMS from RDC,N/A - From RDC,2033.0,15307.62,7.529572060993606,Truck,1.5292046183450931,6.000367442648512,1,12198.747010904426
DN-837,Haiti,SCMS from RDC,N/A - From RDC,1580.0,11572.0,7.324050632911392,Truck,1.5292046183450931,5.794846014566299,1,9155.856703014753
DN-843,Nigeria,SCMS from RDC,N/A - From RDC,1309.0,7463.74,5.701864018334606,Truck,1.5292046183450931,4.172659399989513,1,5462.011154586273
DN-850,Mozambique,SCMS from RDC,N/A - From RDC,4211.0,3227.48,0.7664402754690097,Truck,1.5292046183450931,-0.7627643428760834,0,0.0
DN-852,Tanzania,SCMS from RDC,N/A - From RDC,7017.0,5367.09,0.7648696023941856,Truck,1.5292046183450931,-0.7643350159509076,0,0.0
DN-853,Tanzania,SCMS from RDC,N/A - From RDC,6650.0,36855.6,5.542195488721804,Truck,1.5292046183450931,4.0129908703767105,1,26686.389288005124
DN-862,Nigeria,SCMS from RDC,N/A - From RDC,1741.0,10665.71,6.126197587593337,Truck,1.5292046183450931,4.596992969248244,1,8003.364759461192
DN-863,Zambia,SCMS from RDC,N/A - From RDC,2353.0,3210.18,1.3642923926901827,Truck,1.5292046183450931,-0.16491222565491048,0,0.0
DN-864,Zambia,SCMS from RDC,N/A - From RDC,4510.0,3540.35,0.785,Truck,1.5292046183450931,-0.7442046183450931,0,0.0
DN-868,Tanzania,SCMS from RDC,N/A - From RDC,11186.0,9330.0,0.8340783121759342,Truck,1.5292046183450931,-0.6951263061691589,0,0.0
DN-871,Nigeria,SCMS from RDC,N/A - From RDC,1987.0,14931.8,7.514745848012078,Truck,1.5292046183450931,5.9855412296669845,1,11893.270423348298
DN-875,Kenya,SCMS from RDC,N/A - From RDC,2695.0,11898.8,4.415139146567718,Truck,1.5292046183450931,2.8859345282226245,1,7777.593553559973
DN-882,Nigeria,SCMS from RDC,N/A - From RDC,1317.0,8924.98,6.776750189825361,Truck,1.5292046183450931,5.247545571480267,1,6911.017517639512
DN-883,Nigeria,SCMS from RDC,N/A - From RDC,1114.0,7641.1,6.859156193895871,Truck,1.5292046183450931,5.329951575550778,1,5937.5660551635665
DN-886,Nigeria,SCMS from RDC,N/A - From RDC,3657.0,23070.58,6.308608148755812,Truck,1.5292046183450931,4.779403530410718,1,17478.278710712
DN-897,Nigeria,SCMS from RDC,N/A - From RDC,1566.0,10624.04,6.78418901660281,Truck,1.5292046183450931,5.254984398257717,1,8229.305567671585
DN-898,Uganda,SCMS from RDC,N/A - From RDC,5511.0,7876.44,1.4292215568862274,Truck,1.5292046183450931,-0.09998306145886571,0,0.0
DN-899,Tanzania,SCMS from RDC,N/A - From RDC,9996.0,8399.76,0.84031212484994,Truck,1.5292046183450931,-0.6888924934951531,0,0.0
DN-921,Nigeria,SCMS from RDC,N/A - From RDC,6124.0,13353.34,2.1804931417374265,Truck,1.5292046183450931,0.6512885233923333,1,3988.4909172546495
DN-922,Tanzania,SCMS from RDC,N/A - From RDC,9635.0,52979.7,5.498671510119356,Truck,1.5292046183450931,3.969466891774263,1,38245.81350224502
DN-930,Haiti,SCMS from RDC,N/A - From RDC,3435.0,40301.65,11.732649199417759,Truck,1.5292046183450931,10.203444581072667,1,35048.83213598461
DN-933,Mozambique,SCMS from RDC,N/A - From RDC,3427.0,3874.22,1.1304989786985702,Truck,1.5292046183450931,-0.39870563964652295,0,0.0
DN-939,Nigeria,SCMS from RDC,N/A - From RDC,3951.0,11584.54,2.9320526449000255,Truck,1.5292046183450931,1.4028480265549323,1,5542.652552918537
DN-944,Haiti,SCMS from RDC,N/A - From RDC,10435.0,121330.06,11.627221849544801,Truck,1.5292046183450931,10.098017231199709,1,105372.80980756896
DN-945,Haiti,SCMS from RDC,N/A - From RDC,9516.0,101348.75,10.650352038671711,Truck,1.5292046183450931,9.121147420326619,1,86796.8388518281
DN-946,Haiti,SCMS from RDC,N/A - From RDC,4218.0,43041.34,10.2042057847321,Truck,1.5292046183450931,8.675001166387007,1,36591.154919820394
DN-948,Côte d'Ivoire,SCMS from RDC,N/A - From RDC,2521.0,14336.95,5.687009123363745,Truck,1.5292046183450931,4.157804505018651,1,10481.82515715202
DN-949,Côte d'Ivoire,SCMS from RDC,N/A - From RDC,1583.0,6381.87,4.031503474415667,Truck,1.5292046183450931,2.5022988560705732,1,3961.1390891597175
DN-952,Zambia,SCMS from RDC,N/A - From RDC,1120.0,8185.2,7.3082142857142856,Truck,1.5292046183450931,5.779009667369192,1,6472.4908274534955
DN-960,Nigeria,SCMS from RDC,N/A - From RDC,5588.0,18617.93,3.3317698639942734,Truck,1.5292046183450931,1.8025652456491803,1,10072.734592687619
DN-988,Côte d'Ivoire,SCMS from RDC,N/A - From RDC,5589.0,22758.49,4.0720146716765075,Truck,1.5292046183450931,2.542810053331414,1,14211.765388069274
DN-989,Mozambique,SCMS from RDC,N/A - From RDC,6883.0,7534.18,1.0946070027604242,Truck,1.5292046183450931,-0.4345976155846689,0,0.0
DN-997,Haiti,SCMS from RDC,N/A - From RDC,3720.0,43704.8,11.748602150537636,Truck,1.5292046183450931,10.219397532192543,1,38016.15881975626
